0.0756	0.1773	-0.0486	0.0342	0.2144	0.1513	0.0614	-0.0319	-0.0737	-1.5745	-0.3140	-0.0236	0.0022	0.1697	-0.3295	0.2169
0.1622	0.0121	0.0065	-0.0560	0.0027	-0.2024	0.3209	0.0517	-0.0753	0.0459	-0.0672	-1.0942	0.1477	0.0024	-0.3639	-0.0164
-0.0671	-0.0974	-0.2078	0.0176	-0.1858	0.0500	-0.0448	0.0235	0.5155	0.0623	0.1247	0.2015	0.0729	-0.1030	0.0549	-0.0510
-0.0230	-0.0873	-0.0440	-1.0982	-0.1000	-0.2820	-0.1359	-0.1335	0.2250	-0.0843	-0.0344	-0.1361	-0.0308	0.0595	-0.0367	0.0603
0.0178	-0.2057	-0.3301	0.0200	0.1110	0.0162	0.3753	-0.2035	-0.7386	-0.2278	0.1054	0.0495	0.0565	-0.0673	-0.2596	-0.0433
0.0868	0.0351	-0.0170	-0.1999	0.0412	0.0868	0.0864	-0.1086	0.1090	-0.0158	-0.0710	0.0528	0.3154	-0.1083	0.1353	0.1321
0.0551	0.1298	-0.0803	1.5110	0.0777	-0.7350	-0.1721	-0.4897	0.0098	-0.1411	-0.0258	-0.1501	-0.0462	-1.3549	-0.1024	0.0947
-0.0954	0.6024	0.0165	-0.1559	-0.0604	-0.1941	-0.1108	-0.2907	0.1541	0.0698	-0.1423	-0.0918	-0.0051	-0.5155	0.0159	-0.0637
-0.5528	0.0986	-0.0568	0.1518	-0.0740	0.0212	-0.2700	-0.1364	0.0195	0.3473	0.1046	0.1121	0.0579	0.1371	0.0760	0.6687
0.0027	0.0364	0.0522	-0.4160	0.1206	-0.2993	0.3909	-0.1773	-0.0680	0.0445	0.1001	-0.0763	-0.9318	0.0095	-0.0754	0.0879
-0.7876	0.0117	0.0075	0.0409	-0.2009	0.0228	0.0521	-0.0578	-1.3690	0.1248	-0.0957	-0.0215	-0.6935	-0.1440	0.1307	0.0010
-0.1669	-0.3983	-0.0174	-0.1041	0.0440	0.0848	0.0608	-0.2281	-0.1082	0.9027	-1.0956	0.0598	0.2357	-0.2333	-0.0860	0.3085
0.0447	0.2416	0.1016	-0.0369	0.2859	0.2181	0.6338	-0.0563	0.5093	0.0500	-0.1984	0.1825	-0.1365	-0.0492	0.0244	-0.2412
0.5557	-0.0127	0.6906	1.0719	-0.0438	-0.1582	-0.0568	0.1837	-0.0493	-0.0427	-0.0932	-0.2642	-0.2519	-0.3848	-0.0084	0.0819
0.2095	0.0732	1.4124	0.0436	-0.2143	1.0439	-0.2323	0.0223	-0.1321	-0.6456	-0.1637	-0.1211	0.2525	-0.0879	0.2037	-0.2313
0.0680	0.4819	-0.5558	0.0332	0.0996	-0.1054	0.0643	0.0838	0.0187	0.7202	0.1939	0.1173	-0.0862	0.0124	0.0523	-0.1049
0.1535	-0.6604	0.0277	0.1171	-0.4075	0.0280	-0.3536	0.2231	-0.1009	-0.5764	-0.0368	-0.1196	-0.0101	-0.0570	0.1069	-0.5758
0.1868	0.0471	0.0558	0.0076	0.0079	0.0872	-0.1771	0.0261	0.0015	-0.2896	-0.0415	0.4333	0.0572	0.0537	0.0708	-0.1231
-0.3183	0.0064	-0.7767	0.2553	-0.9647	0.0591	-0.2632	-0.1920	-0.1023	0.2621	0.0095	0.2488	-0.0659	0.1706	-0.1809	-0.2857
0.2416	0.0414	-0.1818	-0.0970	-0.0150	-0.8862	-0.0331	0.0274	0.0854	0.0264	-0.7533	0.6737	-0.4323	-0.2011	-0.1157	-0.1035
0.6715	1.0937	-0.0583	0.0080	0.0322	0.0508	-0.0279	0.3024	0.0987	-0.0249	-0.0024	-0.0589	-0.1323	-0.5638	-0.0420	0.1242
-0.1141	0.0221	-0.0476	0.0335	0.0253	-0.1701	-0.0649	0.2297	0.2350	0.0009	0.2752	-0.0136	-0.0245	-0.0911	-0.0616	0.0509
0.1341	-0.1628	-0.1164	0.0288	0.3156	-0.1168	-0.7957	0.8876	0.1294	-0.0796	0.2274	0.0176	-0.0733	0.1137	-0.1087	0.3816
0.5986	-0.0167	-0.1017	-0.0003	0.0842	-0.0367	0.0927	-0.0281	-0.0863	0.0186	-0.2128	0.0713	-0.0018	0.5652	0.0450	0.0202
0.4761	0.5651	-0.2071	-0.0919	-0.0203	-0.6769	-0.0345	0.0726	-0.0478	0.0730	0.0660	0.1055	-0.0089	0.0428	-0.1182	0.0348
-0.4493	0.0245	0.5869	0.6205	-0.1254	0.0395	0.1216	-0.1522	0.1843	-0.2875	0.1417	0.1159	0.0682	0.1290	-0.0139	0.1686
0.4345	0.0117	-0.0487	-0.0715	-0.2721	0.1428	-0.0421	0.2754	-0.0834	0.0477	0.3426	0.0032	0.0873	-0.0220	0.4614	-0.1370
0.1230	-0.0578	0.0325	-0.1761	-0.4649	0.0884	0.1478	-0.1144	0.1853	0.0066	-0.4128	0.2105	0.2035	-0.0884	0.1643	0.1714
0.2861	0.1266	-0.0892	-0.4437	0.0261	-0.3525	0.0533	0.0073	0.0455	-0.2468	-0.3534	0.2843	-0.1836	0.0530	-0.2214	-1.0193
0.2985	0.0874	0.2643	0.1163	0.0392	0.0022	-0.1888	-0.4741	0.0441	0.2936	-0.1194	-0.1780	-0.0008	-0.0618	-0.0318	-0.0901
0.0624	0.5995	-0.0665	0.0310	-0.2449	-0.0087	-0.1926	0.1599	0.3251	0.5390	-0.0434	-0.0056	-0.0349	1.0864	0.1981	-0.1152
-0.1662	-0.0597	-0.0591	-0.1486	-0.1574	0.0725	-0.0685	0.0238	-0.0011	0.1105	0.1020	0.0273	0.4466	-0.8808	0.1089	-0.0729
-1.5707	0.1866	-0.0912	0.0041	0.1390	0.0316	0.0959	0.1514	-0.1892	0.1401	-0.1583	0.1149	-0.0561	-0.2280	-0.1594	-0.2231
-0.0211	0.2486	-0.2287	0.0643	0.2933	0.0709	-0.2906	-0.0008	0.0406	-0.0182	-0.0381	0.0649	-0.5876	0.1571	0.0800	-0.1794
-0.0283	0.0809	-0.0041	0.1680	-0.0662	0.1230	-0.1243	0.1513	-0.3146	0.1394	0.0269	0.2096	0.0257	0.0335	0.6460	-0.1112
0.3791	0.0524	0.0552	-0.5725	0.1401	-0.0576	0.0017	0.1083	-0.0173	0.2097	-0.0344	0.0341	0.0035	0.1797	-0.0972	0.0612
0.1294	-0.0509	-0.7554	-0.0155	0.0799	-0.1750	-0.1499	-0.1615	0.0742	-0.0041	-0.5297	0.0302	-0.4310	0.2378	-0.0267	0.0554
-0.1284	-0.0880	-0.1009	0.1357	-0.2250	-0.0037	0.2732	-0.8853	-0.0430	-0.1391	-0.1121	0.0406	0.4050	-1.2530	0.0375	0.1267
-0.0330	-0.0602	0.7930	-0.0235	0.0341	-0.1661	0.0708	-0.0137	-0.2216	0.0061	-0.0434	0.4105	-0.1707	-0.0636	0.0294	0.0607
0.0010	-0.0889	-0.3610	0.1651	0.0989	-0.0714	-0.0576	0.1393	-0.1364	0.0529	-0.4802	-0.1464	-0.0050	0.1055	-0.1829	0.0272
0.2261	0.0323	1.1065	0.0412	-0.1749	0.1071	0.0490	0.1640	0.1428	-0.0250	0.2215	-0.2242	0.0782	-0.0152	0.1194	0.0131
0.0683	0.0046	0.0713	0.3088	0.4494	0.0241	-0.0180	0.1991	-0.0129	2.5153	-0.4972	-0.0071	-0.0484	0.1041	0.1878	0.7359
-0.0562	0.0646	-0.0284	0.0223	0.1677	0.0972	-0.1125	-0.1672	0.5118	0.0928	0.0386	-0.6560	0.0813	0.0388	0.0404	-0.0044
0.0215	-0.0328	0.0027	0.0334	-0.0468	1.4271	0.0420	-0.1032	0.0875	0.0531	0.0305	0.9949	0.1604	-0.0091	-0.2329	-0.6247
-0.0816	0.0003	-0.0620	-0.0074	-0.0358	-0.0639	-0.0657	0.0709	0.0020	0.0767	-0.0087	1.4675	0.1503	0.1346	0.0804	0.0470
-0.0867	-0.0956	0.8709	0.0569	0.0783	-0.0439	-0.0911	-0.3057	-0.0033	-0.0427	0.0554	-0.1992	-0.4445	0.1990	-0.0077	0.1079
0.2160	-0.0519	0.0943	-0.0718	-0.3485	0.0069	-0.1346	0.4548	0.0561	0.2482	0.0063	-0.0854	0.1277	0.2409	0.0578	-0.1698
0.3071	-0.0427	0.0070	0.1998	0.0946	0.0282	0.2462	0.0003	-0.2472	0.2131	-0.1342	-0.0198	0.1281	-0.1092	-0.0392	-0.0549
0.0753	-0.8639	0.0034	-0.1776	-0.9115	-0.0242	-0.1524	0.1838	-0.0622	0.7064	-0.1450	-1.0709	0.0887	-0.0969	0.8731	-0.1212
0.0927	0.1358	-0.0642	-0.0787	-0.0102	0.0161	-0.0744	-0.0409	-0.3239	0.1338	-0.0243	0.4701	-0.0192	-1.0033	-0.0053	-0.0165
-0.1261	0.1602	-0.0690	-0.0443	-0.0978	-0.0169	-0.1682	0.0742	0.0395	-0.1419	0.1251	0.3184	0.8814	-0.0411	0.1043	-0.0324
-0.2746	0.0993	-0.2408	-0.0674	0.1575	-0.0383	0.0361	0.4484	-0.0597	-0.1507	-0.3474	-0.1510	-0.1708	0.0579	0.1037	0.5860
0.0851	0.2560	-0.3196	-0.1404	-0.0972	0.0224	-0.0724	-0.0524	-0.1442	-0.2307	-0.0345	0.2296	-0.4853	-0.3359	0.0693	-0.1394
0.0529	-0.1192	-0.1166	0.1004	-0.0159	-0.2665	-0.1007	0.6794	0.3783	0.1006	-0.0917	-0.0482	0.0521	0.0654	0.1212	0.1076
-0.0292	-0.1734	-0.0349	0.1605	0.0739	-0.1992	-0.7868	0.0754	-0.0190	-0.2341	-0.1213	0.0979	-0.0515	0.2175	-0.1571	-0.0329
-0.0255	-0.9331	0.1606	0.4689	0.7648	0.0335	-0.0246	0.0110	0.0540	-0.2328	0.3538	0.1949	0.1825	-0.5091	0.3409	0.0171
0.2766	0.3124	0.8015	0.0096	0.0776	-0.1029	-0.1485	-0.3709	0.2251	0.0063	0.7048	0.1129	-0.0758	0.7604	-0.1973	0.0481
0.6469	0.3672	-0.0705	-0.7045	0.1108	-0.2523	-0.0801	0.1443	-0.0168	-0.0519	0.2878	-0.2107	0.0982	-0.0732	0.0215	-0.1563
-0.0173	0.2604	-0.0439	0.0206	-0.0642	-0.4071	-0.6737	0.2075	0.0533	0.0195	-0.0105	0.2205	0.5967	-0.1569	-0.1016	-0.1575
-0.0703	-0.1719	0.6340	-0.2599	-0.1178	-0.9528	-0.0886	0.0782	0.1524	-0.1842	-0.0416	0.2436	-0.0166	-0.0383	-0.1158	-0.0332
-0.2365	-0.2206	0.0398	-0.0670	-0.0445	0.3130	-0.1332	0.0915	1.3848	0.1264	-0.1834	-0.0111	-1.8430	-0.1551	0.0515	-0.1207
0.0770	0.0439	-0.0052	0.1090	-0.0640	-0.1433	-0.0313	0.3160	-0.1903	0.6646	-0.0075	0.2424	-0.0326	0.3643	0.2700	-0.1133
-0.0383	0.2061	-0.1766	-0.0147	0.4858	0.0704	0.4218	0.1602	0.0663	0.0929	0.1357	-0.1054	0.0005	-0.2064	-0.1106	-0.2242
0.0407	0.0130	-0.2899	-0.2452	0.0355	0.0445	0.0614	-0.0453	0.1517	0.1279	-0.0022	-0.1150	-0.0022	-0.0381	0.0704	-0.1258
0.0177	0.0219	0.0922	-0.0466	0.5162	0.0896	-0.0929	0.3568	-0.0244	-0.0482	-0.0933	0.1789	-0.2112	-0.0252	0.1498	-0.4608
-0.6621	-0.2421	0.2254	0.0456	-0.0129	-0.0193	0.7541	1.4993	0.9005	-0.0872	0.2414	0.0349	0.2828	0.0569	0.2804	0.3891
-0.0347	0.0298	-0.3202	0.5784	0.1367	1.4955	0.0462	-0.1805	-0.1966	0.0254	0.0176	0.5434	-0.0411	-0.0561	-1.2884	-0.1359
0.0562	0.0710	-0.0124	-0.0242	-0.4072	1.2410	-0.4789	-0.1701	0.0481	-0.0185	-0.1619	-0.0559	0.0548	-0.0059	-0.2425	0.6340
0.0004	0.0532	0.1759	0.1707	-0.1390	0.1509	0.0605	-0.0097	0.0420	0.2071	0.1389	-0.8136	-0.0398	0.0415	-0.1388	-0.0790
0.0875	0.0159	1.8392	-0.6388	-0.0185	-0.7475	0.1366	-0.0926	-0.1891	0.0221	0.0586	0.1069	-0.2527	-0.1545	-0.1835	0.0217
-0.2394	0.4306	-0.1092	-0.0709	0.2749	0.1613	-0.0445	0.0429	0.2491	0.0772	-0.0856	0.2912	-0.1046	0.0072	-0.0037	-0.2446
0.0650	0.1354	0.0093	0.9100	0.0981	-0.0503	-0.3763	-0.0474	0.1192	0.1230	0.1107	-0.0569	-0.7064	0.1618	0.1936	-0.3169
0.0784	0.2120	0.8467	0.1019	1.7902	-0.1452	-0.8456	0.0761	-0.0446	-0.2019	-0.2867	0.2465	-0.0098	0.2675	-0.0448	0.0049
1.2698	-0.0242	-0.0119	0.0149	0.0051	0.0671	-0.1093	0.1349	0.0826	0.0115	0.0900	-0.0033	0.0569	0.0072	0.1922	-0.1267
-0.7350	-0.2070	-0.0494	-0.9365	0.2758	0.5509	-0.1862	-0.2446	0.0529	0.2008	-0.1154	-0.0085	-1.3215	0.2019	-0.0270	-0.3301
-0.4168	0.0770	-0.2067	-0.1954	0.0901	0.0586	-0.2913	-0.1434	0.7844	0.0254	0.0338	-0.3885	0.1651	-0.2583	-0.0266	0.1164
-0.7130	0.0190	0.0435	-0.3651	-0.0143	-0.0157	-0.2149	0.0512	0.0603	0.1608	-0.0342	-0.0082	0.0595	-0.1128	0.1029	-0.2874
0.0209	0.0682	-0.0278	0.0990	-0.0256	0.1196	0.2083	-0.1208	-0.0214	-1.4517	0.4656	-0.0135	0.1137	-0.1886	0.1005	0.0274
0.0860	-0.0031	-0.0129	-0.0761	-0.1072	-0.1022	0.2185	0.2217	0.0016	-0.0094	0.0092	0.1030	0.0363	0.1345	0.0506	-0.5109
0.0707	0.0861	-0.1175	0.1695	0.5366	0.1360	0.0202	-0.0057	-0.3670	-0.0800	0.9194	-0.9123	-0.0145	-0.0805	-0.1044	-0.2009
0.0764	-0.7569	-0.1298	0.1668	-0.1634	0.6159	-0.0149	0.1039	-0.1034	-0.5408	0.0557	-0.1486	-0.0514	-0.0499	0.1402	-0.0808
0.0083	0.0089	0.1758	0.1424	0.0020	0.0235	0.0297	-0.1539	-0.0318	0.3692	-0.3176	-0.0853	0.1117	-0.1741	0.0529	-0.0589
0.0028	-0.5668	-0.0882	0.4010	0.0184	-0.0154	-0.2840	0.1073	0.0620	0.1680	1.2340	0.1922	-0.2201	0.0695	-0.0470	-0.4672
-0.0738	0.2361	0.0797	0.5215	0.1795	0.8115	0.0470	-0.0511	0.8415	0.2921	-0.0109	0.3935	0.0378	0.0459	-1.6075	-0.1817
-0.0458	-0.1256	-0.2147	0.1472	0.5753	-0.3998	1.4628	0.0608	0.1811	0.0373	0.1656	0.4550	0.2532	0.0196	0.0054	-0.5208
0.2074	-0.1330	0.0441	-0.3079	0.0411	0.1646	-0.9759	-0.0067	-0.0393	1.0229	0.2207	-0.1940	0.0797	-0.9809	0.0708	-0.1833
-1.0502	0.0145	0.0577	-0.0285	0.0255	0.0752	-0.1540	0.7660	0.1361	0.0467	0.0054	0.0896	0.0457	0.0717	0.1231	0.0030
0.2911	0.3694	-0.1264	-0.0368	0.5226	0.1409	-0.1540	0.0115	-0.0768	0.9823	0.0135	0.0380	-0.0321	-0.1022	0.0411	0.3857
-0.1880	0.1486	0.0634	-0.0806	0.0679	0.0272	0.2225	-0.0095	0.2480	-0.1761	0.0524	0.1003	0.2436	0.0184	0.1610	-0.5366
-0.0469	0.1213	-0.5178	0.0420	-0.2584	0.0617	-0.1085	0.1725	0.1379	-0.0372	0.0392	0.1265	0.0616	0.1278	0.0071	-0.0567
-0.5333	0.0374	0.0398	0.1893	0.0740	-0.6035	0.1301	0.0508	0.1831	-0.0466	0.1353	-0.0671	0.0761	0.0791	0.7035	0.1450
0.0787	0.0812	0.0597	0.1009	0.6276	0.0875	-0.0447	0.0140	-0.1074	0.0365	-0.7600	-0.0225	-0.0297	0.1614	0.0238	-0.1232
0.1487	0.0493	-0.0220	0.0134	-0.1509	-0.6024	-0.5652	-0.3244	-0.0758	0.6078	0.2508	0.2599	0.0622	-0.0478	0.1664	-0.0764
0.7113	0.0366	-0.2138	0.2904	-0.1637	0.1279	0.0363	0.1192	0.0209	0.0852	0.1586	0.0082	-0.1356	0.1234	-0.1691	-0.2401
0.0671	-0.1155	-0.0461	0.0730	-0.3269	-0.6730	-0.1628	-0.0344	-0.0244	-0.0872	-0.2549	-0.1046	-0.0686	0.0700	0.8239	-0.1226
0.1563	0.3975	0.1890	0.1985	-0.3544	-0.1727	0.0340	0.2126	-1.6438	0.2382	0.0902	-0.0819	-0.2723	0.5620	-0.2339	-0.2976
-0.2292	-0.1049	-0.0221	-0.0559	0.0218	0.9925	0.0423	-0.0103	0.1116	0.0733	0.0854	0.1352	0.1646	0.5411	0.1896	0.4798
-0.6771	-0.2355	0.2745	0.3566	0.1002	0.0191	0.2370	-0.1394	-0.0203	0.2154	-0.0212	-0.6208	0.2377	0.0030	0.0314	-1.2195
-0.0963	1.6295	0.1101	0.0116	-1.4252	0.1289	-0.0214	0.0963	0.0368	-0.0272	0.0438	-0.5736	-0.0465	0.9015	-0.1016	-0.1622
-0.0296	0.0696	0.0689	-0.0627	-0.0637	-0.2302	0.0070	0.2428	-0.7670	0.2935	0.8206	-0.0643	0.0456	-0.0155	-0.8720	-0.0387
0.0494	0.0746	0.1096	-0.0572	0.1511	0.6909	-0.1429	0.6422	-0.0136	-0.0078	0.0366	0.6116	-0.1420	0.1049	-0.7739	-0.2266
0.1617	-0.0280	0.0955	1.2401	-0.1795	-0.3660	0.3281	0.0965	0.0984	0.0434	-0.5415	0.0225	-0.1642	0.1106	0.1427	-0.9832
0.7093	-0.0392	-0.1270	0.0599	0.1187	-0.1317	0.2674	-0.1814	0.4210	-0.0428	0.0272	-0.1500	-0.0363	0.0382	-0.0698	0.1366
0.0663	-0.1354	0.1137	-0.5977	0.4991	0.2643	-0.0228	0.2510	-0.5348	0.0597	0.2108	-0.1061	-0.0777	-0.0794	0.1694	0.0608
0.0894	0.0158	-0.1072	-0.0317	-0.0362	-0.3382	-0.0881	0.2705	0.8669	-0.7618	0.1531	0.0815	0.1172	-1.2002	0.1376	-0.0096
0.2131	-0.0395	-1.5235	-0.0183	-0.1446	-0.0577	1.4305	0.1621	-0.0065	0.3753	-0.2052	0.0466	-0.2333	-0.0040	-0.1010	-0.1049
-0.0286	-0.0989	0.4287	-0.0888	0.5687	0.0579	-0.0104	0.0306	-0.6940	0.2217	-0.0059	-0.1588	0.8925	-0.2166	-0.7083	-0.0410
0.0063	0.6658	0.0078	0.1426	0.0816	0.2660	-0.1677	0.0961	0.1405	-0.1472	-0.1018	0.0054	0.9839	0.5058	-0.7727	-0.1868
-0.0544	0.1209	-0.1990	-0.0673	-0.4924	-0.0206	1.2273	-0.1053	-0.1788	0.0691	0.0480	0.8428	-0.3817	-0.0451	-0.1612	0.4721
-0.0463	0.1283	0.0115	-0.1571	-0.1122	0.0209	-0.0666	0.1969	-0.1650	0.0836	0.0099	0.0176	-0.1055	-0.5084	-0.5821	-0.8644
0.0048	0.0855	-0.0720	0.0591	0.1992	1.0388	0.4725	-0.1674	0.2870	0.0693	0.1368	-0.0024	0.0513	-0.2911	0.0093	-0.1633
0.0464	-0.1046	0.1098	0.4190	-0.1448	-0.7084	-0.0450	0.5815	-0.3748	-0.0132	-0.1148	0.7728	-0.1832	-0.0563	-0.0405	0.0276
-0.2654	0.0703	0.0788	0.3186	-0.5927	-0.1551	-0.2768	0.0445	0.0007	0.0628	-0.0091	0.0014	-0.0356	0.0511	-0.0561	0.2337
-0.0411	0.1983	-0.1337	-0.1347	-0.0597	-0.3238	0.0554	-0.0160	-0.0680	-0.0306	-0.6054	0.8069	1.0322	0.0092	-0.1370	0.6612
0.7720	0.0502	-0.5077	0.0287	-0.3046	-0.1296	0.0308	-1.1064	-0.0259	0.1029	0.0301	0.0888	-0.0712	-0.1105	0.1448	0.0877
0.0460	-0.0342	0.4720	0.3082	0.0890	0.0280	-0.0479	-0.2925	0.0050	-0.0047	-0.1335	-0.9035	0.1135	0.1563	-0.1045	-0.4791
-0.0598	0.0052	-0.0528	-0.2944	1.2074	0.0499	0.1283	-0.2814	0.0717	-0.0586	-0.0517	-0.1994	0.1698	0.1031	0.2129	0.5130
0.0505	0.2079	0.1503	0.2823	0.0890	-0.3593	-0.0890	0.1409	-0.0574	-0.0442	0.0211	-0.0189	0.0283	0.0179	-0.1301	-0.0307
-0.1551	-0.0764	-0.0447	-0.2653	-0.1101	-0.1148	-0.2151	-0.0521	-0.1022	0.0031	0.0151	-0.0192	0.0399	0.0803	-0.0454	0.2523
0.0724	-0.5566	-0.0756	-0.0858	-0.1705	-0.0902	-0.1442	0.0127	-0.0101	0.0353	-0.0452	0.1530	-0.4787	0.0330	0.3561	0.9007
-0.0319	-0.0187	-0.0237	-0.0497	0.4087	-0.4234	-0.0381	-0.1787	0.1765	0.0166	0.4083	0.0680	0.0699	0.5459	0.0662	-0.0519
0.5073	0.1355	0.6877	0.3455	0.4618	-0.0060	0.5082	0.1454	-0.1395	0.4773	-0.0076	0.0366	-0.0252	-0.0006	-0.2680	0.2169
-0.0486	0.0419	-0.1944	0.0425	-0.1253	0.0862	0.1258	-0.0030	0.0752	0.0281	0.0928	0.0157	0.1454	-0.2066	-0.1122	-0.3533
-0.6705	-0.0347	0.3143	-0.0077	0.0577	0.0400	0.0492	-0.0332	-0.2222	-0.0763	-0.1431	-0.0269	-0.6411	-0.6510	-0.1658	-0.1351
0.0662	0.0692	0.0690	-0.1592	-0.3264	0.6738	-0.0556	-0.3140	0.0427	0.1690	0.1548	0.0023	-0.0417	-0.1711	-0.0364	-0.0921
0.0829	0.0899	-0.7272	0.0055	0.0522	-0.1596	-0.7031	-0.1710	0.0189	-0.5392	0.1732	0.6671	0.0106	0.0164	0.1524	0.2611
-0.1591	-0.0436	-0.1816	0.3753	-0.0697	0.0972	-0.0904	-0.2626	0.0246	-0.2112	0.3116	0.1440	-0.7745	0.1473	0.5208	-0.0178
0.1331	-0.0798	-0.0628	0.2120	-0.2149	0.1016	-0.0948	0.4646	-0.0388	-0.1288	0.0628	-0.2643	-0.1913	-0.0128	0.4083	-0.2726
0.5102	0.0664	-0.0950	-0.0512	-0.0538	0.4425	-0.2823	0.2208	-0.2217	0.2548	0.3486	0.0874	0.0540	-1.0117	0.1488	-0.1563
0.2348	-0.6068	0.0997	0.1195	-0.1156	-0.3431	-0.0297	0.0179	0.1509	-0.0710	0.0701	0.2982	-0.1842	0.2247	-1.2986	0.0534
0.0130	-0.1445	0.1947	0.1346	-0.1366	0.3443	0.0071	0.3193	-0.8174	0.0266	0.1224	-0.2517	0.4377	-0.0436	-1.1022	-0.0361
-1.1798	0.2363	0.0450	-0.0782	-0.0050	0.0110	-0.1487	0.0435	-0.5770	-0.0199	0.0238	-0.0518	0.1028	-0.0958	-0.0377	-0.5270
-0.4442	-0.0870	-0.0540	-0.1820	1.7334	0.0704	0.4771	0.0183	-0.0636	0.1142	-0.1138	-0.0833	0.1496	0.2034	0.0828	-0.1494
-0.0488	-0.1433	1.1617	-0.0474	0.0274	0.3953	-0.1522	-1.1593	-0.0642	0.0461	0.1091	0.8930	0.0247	0.0703	0.0117	-0.0980
-0.6302	-0.5201	-0.6628	-0.0475	-0.0214	-0.1003	0.0392	-0.0206	0.0819	-0.0755	0.0879	0.0071	-0.0866	-0.0772	0.1181	0.0117
-0.1687	0.0840	0.2309	-0.0325	-0.4311	-0.1875	0.1314	-0.0427	0.0817	0.0982	0.1410	-0.1151	0.0933	-0.0445	0.1525	0.0733
0.0896	-0.4020	0.1361	0.0333	-0.0609	0.1205	0.0360	0.1267	0.0970	-0.0825	0.1966	0.1169	0.0264	-0.2839	-0.0117	-0.0390
-0.0829	0.0364	0.3310	-0.3461	0.0526	0.0159	-0.0162	0.1465	0.0716	0.0740	0.0057	-0.1156	0.0741	-0.1449	0.1578	-1.2502
-0.0906	-1.2482	-0.0401	-0.0306	0.0135	0.0574	-0.1091	-0.2406	-0.0816	0.1384	-0.2610	0.0077	0.2006	-0.0054	-0.5386	-0.2310
0.0215	-0.0325	0.0335	-0.2714	-0.0383	0.0010	-0.0474	0.1184	-0.1265	0.1953	0.2102	0.6107	-0.1022	-0.0011	-0.0725	0.0022
0.9568	-0.1683	0.1538	0.2882	0.8686	0.1186	-0.0400	0.0511	0.1057	-0.0907	-0.0569	-0.0718	-0.0146	0.2272	0.2964	0.5165
-0.0263	-0.4725	0.0024	-0.1693	-0.0790	0.4103	-0.0091	0.9772	0.0420	-0.4690	-0.1036	0.3252	-0.0458	0.1703	-0.5079	-0.2923
1.5284	-0.2609	-0.1359	-0.1395	0.0106	-0.5554	0.2890	-0.1727	-0.1470	-0.1565	-0.1082	-0.1649	0.1491	-0.3763	-0.2772	-0.5947
0.0517	0.0961	-0.4306	0.1070	0.1682	-0.1391	1.1923	0.3051	0.0675	0.5082	0.1946	0.1476	0.0955	0.0608	0.0833	-0.0314
0.0103	0.0300	0.0665	0.1380	0.0925	0.0412	-0.1558	-0.1890	0.0130	0.4140	0.1772	0.3252	-0.0305	-0.0531	0.0768	-0.1781
0.0876	0.1135	-0.0247	0.0550	-0.0157	0.1827	0.0981	-0.4661	-0.1095	-0.4520	0.0248	0.1837	-0.1933	-0.0132	-0.1058	1.2562
-0.0956	0.4834	0.0832	-0.1013	-0.0789	-0.6313	0.0476	-0.3113	0.2399	-0.0122	0.0806	-0.1350	0.0764	1.0015	-0.1458	-0.0045
0.0319	0.2999	-0.9294	0.5772	0.0956	-0.0718	-0.0966	0.6213	0.0023	0.0319	-0.0174	-0.1979	0.0087	0.1270	-0.0289	0.1221
0.5469	-0.0665	0.0255	-0.1165	0.0972	0.0551	0.3625	0.1358	-0.0851	-0.1083	0.1480	-0.0443	0.0236	-0.1082	-0.3776	-0.3035
0.0804	0.0041	-0.4204	0.0718	0.0681	0.1634	-0.0044	0.0704	-0.0678	0.2210	-0.6952	0.1120	-0.1743	0.4554	-0.0045	0.1551
-0.7329	0.0056	-0.0429	-0.2271	-0.0866	-0.3521	-0.1266	0.0994	-0.0962	0.0932	0.0096	0.2022	-0.1115	0.2651	-0.1197	-0.1458
-0.1558	-0.0754	-0.1077	-0.0673	-0.0303	-0.0565	-0.1053	-0.3215	-0.6604	0.2387	0.0722	-0.0582	0.5798	-0.0709	0.0846	-0.1519
0.1448	0.1755	-0.0908	-0.1308	-0.1937	0.0506	-0.0675	0.1783	-0.0622	-0.1746	0.1032	0.2755	-0.0490	-0.1872	-0.0475	-0.0409
-0.1056	-0.1680	-0.1581	-0.3825	0.1354	-0.5841	-0.0562	-0.0524	-0.8451	-0.2390	-0.2918	-0.0850	-0.1523	-0.0838	-0.1030	-0.1652
0.0747	-0.0067	-0.0132	0.1881	-0.0333	0.0704	-0.1742	0.4817	0.0370	-0.1167	-0.3848	0.4094	-0.1339	-0.0680	0.1215	0.0725
0.0156	0.0579	-0.0021	0.0618	-0.0436	0.7835	0.0521	0.2915	-0.6650	0.0170	-0.1999	-0.3118	-0.0990	0.0441	-1.3526	1.3352
-0.0688	0.0382	-0.1237	0.0335	-0.0485	-0.0900	0.3561	-0.0850	-0.3716	0.0844	0.4909	0.1535	0.0299	-0.0683	-0.5214	-0.1003
1.5789	0.0183	-0.2345	-0.4968	0.1454	0.0068	0.0904	-0.7319	-0.0879	-0.0689	-0.5810	-0.0514	0.0061	-0.0025	0.0193	-0.7667
0.2469	-0.0463	-0.0436	-0.0713	-0.0477	0.0185	0.0075	0.0538	-0.8341	-0.4510	0.1265	-0.0971	-0.1859	0.8461	-0.0649	-0.3228
0.4192	0.0131	0.1236	-0.0661	-0.0390	0.1763	-0.7148	-0.0443	-0.1026	0.0492	0.0046	-0.0224	-0.1055	-0.0182	-0.1571	-0.1832
0.1016	1.1758	-0.0616	0.0110	-0.0768	0.0834	-0.0739	0.1763	0.0167	0.0651	0.2453	-0.0138	-0.2616	-0.0388	0.1667	-0.0232
0.0161	-0.4855	0.0511	-0.1080	0.0617	1.3748	-0.0084	0.0542	-0.0771	-0.0332	-0.3014	0.0034	-0.7475	-0.1554	0.0921	-0.0788
0.3313	-0.0083	-0.0004	0.0562	-0.1543	0.0363	0.0318	0.0180	-0.0514	0.0544	-0.1393	1.2433	0.1209	0.0690	0.1120	-0.0626
-0.5561	-0.1754	-0.0644	-0.1416	-0.3009	-0.5138	-0.0016	-0.3156	0.1884	0.0650	-0.7698	-0.1413	0.0592	0.0333	-1.1680	0.2085
0.0251	0.5536	-0.1545	0.0992	0.0722	0.4129	-0.0189	-0.1685	0.5208	-0.0131	0.0404	-0.4304	-0.0172	-0.0927	-0.6847	-0.0551
0.0473	-0.1271	-0.0678	0.3037	0.0694	0.1547	0.2429	-0.1864	0.1838	-0.0076	-0.0738	0.1049	-0.0292	0.1240	0.0113	-0.8911
0.0470	0.0013	-0.1458	0.2427	-0.0367	-0.6049	-0.2208	0.1009	0.0714	0.0386	1.0453	0.1901	0.7121	0.1221	0.7021	0.1267
0.6282	0.0753	0.3342	0.3013	-0.0076	0.6980	0.1725	0.0094	-0.1143	-0.1083	-0.0360	0.0159	-0.2132	0.0281	0.1108	0.6092
-0.0475	0.1374	-0.6395	0.2856	-0.4867	0.0326	-0.2591	0.5071	-0.1538	-0.0281	0.0044	0.0831	1.4809	0.0485	-0.4421	-0.1131
-0.1249	0.0189	-0.1408	-0.0144	-0.0890	-0.0421	0.2322	-0.6745	0.2020	0.0434	0.8943	-0.0502	-0.0840	0.0790	0.0516	0.2926
-0.0677	0.0204	0.1085	0.1084	-0.1458	-0.0630	-0.2262	0.0759	1.2024	0.1227	-0.7466	0.1259	-0.2179	0.1790	-0.0633	-0.4052
-0.0117	-0.1580	0.0512	-0.2455	-0.0420	0.1561	0.5119	0.1220	0.0051	0.0002	-0.0294	-0.5997	0.0435	0.1604	-0.0940	0.0752
-0.1391	-0.0875	-1.3814	-0.0487	-0.1055	0.7705	-0.7002	-0.4677	0.2245	-0.1811	-0.2662	-0.3735	0.2210	0.8837	0.1718	-0.2938
-0.0277	-0.0806	0.2097	-0.3663	-0.7234	-0.2557	-0.0137	0.1694	-0.1186	-0.2591	-0.1216	0.0336	-0.0240	-0.1583	-0.2146	0.9178
0.2593	0.1288	0.0892	-0.0717	-0.1416	0.0434	-0.0181	-0.0199	0.0775	0.1230	0.1385	0.7351	-0.0568	0.1314	0.1384	0.3612
0.0368	-0.0258	0.0639	0.1770	-0.0226	-0.0243	-0.1214	0.1500	0.1247	-0.4138	0.0942	0.0916	-0.0053	1.1431	-0.0006	-0.0060
0.0205	0.7016	0.0463	0.0433	1.2548	-0.0435	-0.4518	-0.3675	-0.4620	0.1886	-0.0305	-0.1792	-0.0535	-0.0457	-0.0667	-0.1075
-0.0674	0.1796	0.2255	0.0382	0.0081	-0.2345	0.1400	-0.8511	0.0407	0.0416	-0.3265	0.0470	0.0122	-0.1405	0.1214	-0.1275
-0.0505	0.1264	-0.0350	0.2225	-0.5663	0.1059	0.0548	-0.6486	0.2285	0.1356	0.0961	0.0530	0.2562	1.0598	-0.3662	-0.0959
-0.0963	-0.6529	-0.0599	-0.2514	-0.2331	-0.0323	0.0190	-0.0322	-0.0902	0.0823	0.1638	0.2132	0.4582	0.4346	-0.1263	-0.1576
0.1326	0.1446	-0.0564	-0.3340	0.1462	0.1616	-0.1236	-0.1053	-0.0496	0.1888	-0.1653	0.1839	0.3609	-0.0581	0.0847	-0.0051
-0.0722	0.0248	0.2159	-0.0822	-0.0488	-0.0555	-0.3171	0.0056	0.0323	0.0392	0.1958	-0.0356	0.0888	0.0314	0.2791	0.0536
0.0058	0.0490	-0.1292	0.0562	0.0215	0.0855	-0.0300	-0.1477	-0.5144	-0.0812	0.0441	-0.0730	0.0143	-0.0378	-0.1588	-0.0153
-0.0119	-0.0158	-0.9568	0.1410	0.2319	-0.0699	-1.2167	-0.0589	-0.4689	0.0209	-0.2346	0.2197	-0.1909	0.0853	0.0276	0.0433
0.0072	0.5789	-0.0282	0.0134	-0.2925	0.0992	-0.0692	0.0775	-0.0620	-0.0395	-0.0319	0.2062	-0.6164	-0.4447	0.0045	-0.0076
-1.1315	0.0941	-0.0228	0.0950	0.0404	-0.0377	0.0001	0.0015	-0.0715	-0.2401	-0.1106	0.0557	0.0225	-0.0685	-0.0491	-0.3893
0.2336	0.5102	0.1331	-1.6716	-0.0954	0.0088	0.0212	0.1047	0.1725	0.0645	0.0577	-0.1025	0.0188	-0.0219	0.1167	-0.1599
0.2674	-0.0016	0.0473	-0.0026	0.6710	0.0203	-0.2274	0.0520	-0.3383	0.1867	0.5787	0.1244	-0.3947	0.2533	-0.0691	-0.1503
-0.0315	-0.0817	-0.2557	-0.1567	0.1670	0.0210	0.0641	-0.2411	0.0120	-0.0780	2.1339	0.3923	-0.1203	0.0486	-0.4970	-0.0903
-0.0056	0.0714	-0.0427	0.2014	-0.0018	0.2152	-0.0203	0.4203	-0.1295	-0.1931	-0.0163	-0.1087	-0.1367	0.1198	0.0231	-0.1849
-0.0465	0.1724	-0.0759	0.0985	-0.0829	-0.1118	-0.1159	0.0872	-0.3608	0.0664	0.1436	0.1064	-0.0941	0.2479	-0.3885	-0.2120
0.2047	-0.0618	-0.0425	0.2834	0.0517	0.2109	0.1475	0.0607	-1.1316	-0.0671	-0.1503	0.2749	-0.0592	0.9212	1.5421	0.0444
0.0369	0.2562	-0.0401	-0.0550	-0.0621	-0.0214	-0.1549	0.1707	0.0551	0.1244	0.0532	-0.0675	-0.0003	-0.0549	-0.0344	0.2510
0.0882	0.0299	-0.2911	0.0928	-0.1026	0.8182	0.1036	0.2525	-0.2353	-0.1700	-0.7162	0.6646	0.1255	-0.1395	-0.2498	0.0260
-0.0706	-0.0551	-0.1755	0.0843	0.4648	-0.1657	0.1595	-0.1308	-0.0126	-1.8426	-0.3451	0.0341	0.0338	-0.0412	-0.0422	0.1697
-0.4320	-0.0609	-0.2098	-0.0284	0.3512	-0.0700	-0.1249	-0.1761	0.0262	-0.3308	0.7114	-0.3607	-1.4461	-0.2251	-0.0841	-0.2891
0.0542	0.0769	-0.0045	0.3475	0.5922	0.0863	-0.0176	0.2327	-0.1093	-0.0467	0.0423	-0.0053	0.0333	-0.0095	0.7471	-0.1000
1.5125	-1.2753	-0.0440	-0.2828	-0.0882	-0.3988	-0.1964	0.6106	1.1286	0.1799	0.2410	-0.0208	-0.1775	0.1409	-1.0210	0.1408
-0.0081	-0.0444	-0.0684	0.0011	0.0063	-0.0793	0.0198	0.0556	-0.0556	-0.1061	-0.0000	-0.0085	-0.0977	-0.0391	-0.2296	0.0798
-0.2206	-0.4269	-0.1100	0.7673	0.1681	-0.3618	-0.1945	-0.1898	0.0608	0.1442	0.0357	0.0047	-0.0913	-0.3514	-1.4245	-0.1442
