0.8844	-0.7825	-0.7430	-0.2965	0.2112	0.7408	-0.0771	0.3157	0.6231	-0.5799	0.4658	-1.1802	-1.0748	0.8871	0.3035	-0.1837	-1.1305	1.2109	-0.1603	0.7290	-0.6365	1.6713	0.3824	-0.1491	-0.1281	-1.3256	0.4023	-1.5629	0.3747	-0.2709	-1.5669	-1.0298	0.7571	0.9513	-0.7456	0.0006	-0.0290	0.8246	-0.1577	0.1447	-0.6482	-0.5858	0.2580	0.5958	1.0308	-0.2460	-0.5254	0.4918	0.9900	-1.7322	-1.2954	-0.5912	-1.3878	-0.3628	0.6289	0.1218	-1.2963	0.1582	0.3288	-0.9790	0.2039	0.0727	1.0853	0.1613
-1.8996	-1.0569	-0.9605	0.8502	0.9361	0.3902	-1.6769	1.1799	1.2515	-0.4002	0.1853	0.1812	0.5008	0.3905	1.6804	-0.5140	-1.5217	-0.1744	-0.7708	-0.0681	0.5920	0.0620	-0.0053	0.4248	0.6372	-1.3385	-0.3815	0.7554	0.4724	-0.0425	-0.2849	0.1618	-0.7132	-1.0336	1.3122	1.0962	0.3408	-0.0242	0.1138	0.1640	-0.6424	-1.0165	0.2540	-1.2337	0.4972	-0.1078	-0.0021	-0.7559	1.0347	0.7189	-1.1295	-0.1871	-0.0451	-1.9155	-0.7964	0.2698	-1.3313	-0.2605	-0.2213	0.9604	-0.4802	0.4783	-1.7588	-0.0692
0.6232	-0.9133	-0.2471	0.7452	0.2264	-0.6605	-0.4224	0.4119	-0.4043	-0.6988	0.4104	0.1102	0.5672	-0.6157	1.7490	0.2754	-0.3821	-0.5725	0.2494	-0.1218	0.4739	0.4275	0.4669	-1.0522	-0.7700	-0.7482	-0.6388	0.0233	0.0562	0.1233	-0.6485	-0.1171	1.4238	0.0033	-0.4079	0.0863	1.1114	1.1604	1.6648	-0.8779	1.0187	-0.2089	-0.3646	-0.2757	-0.5789	0.1967	-0.2436	-0.1803	-0.6822	-0.2970	0.1535	0.1381	-0.4381	0.0546	0.4328	-0.8167	0.8302	-0.3971	0.8756	0.4635	-0.3205	0.3897	-0.4230	-0.7741
0.2824	1.0275	0.4432	0.5376	0.1543	0.8191	-0.6109	0.6445	0.2055	0.1383	0.1444	0.2093	0.9677	0.1466	0.8760	-0.0465	0.4487	-0.3854	0.2175	-0.2013	-0.0573	-0.8464	-0.1689	0.2716	-0.2371	0.5777	0.4045	-0.0508	0.1187	0.2417	-0.4881	0.2323	0.4667	0.9054	-0.5624	0.7040	1.3500	-0.1657	0.8770	-0.8044	-1.0670	-0.1170	-0.0192	-0.0762	0.0373	0.9070	-0.3040	0.4777	0.5106	0.7060	-0.1713	-0.0415	0.3054	-1.0957	0.7901	-0.6209	-1.2174	0.4201	0.0881	-0.7149	0.3941	0.8489	0.8858	-0.2492
-0.0442	0.0392	0.5154	-0.8926	1.3717	-0.2280	0.1316	1.0841	-0.5722	-0.5479	-0.4665	-0.3536	0.0358	0.1452	0.5310	0.4616	-0.1649	-0.0773	0.0875	0.9199	-1.6113	0.9356	0.8838	0.4503	0.6917	-0.6603	-0.0396	0.8500	0.0580	-0.6108	0.0822	-0.5202	0.0401	-0.0034	-0.5226	0.0274	0.5855	-0.1116	-0.1022	-0.4241	0.0147	0.2606	0.2860	0.0973	0.1068	0.7269	0.4331	-0.2022	0.3753	0.4976	0.4423	0.7920	0.8790	-0.3558	1.0203	0.1888	-0.3024	-0.7005	0.0600	0.7975	0.5120	-1.0704	-0.5241	0.9217
-0.2631	1.5706	-0.2543	0.1035	-0.1335	-0.1239	-0.9059	0.6600	0.3489	0.8435	1.3601	-0.3530	0.8731	-0.8361	-0.0997	-0.5538	0.5576	0.1908	-0.7050	0.5944	-0.0785	0.1829	1.0448	-0.4087	-1.5372	-0.5761	0.9275	0.7252	0.0690	0.5867	0.7783	0.9191	-0.4883	0.0936	-0.7944	-0.2831	0.1485	0.4803	-0.8487	0.4239	1.1446	-0.0977	0.2467	-0.3166	-0.8283	0.9292	0.5416	-1.4781	0.2362	-1.1805	-2.0651	-0.8896	0.1343	-0.7349	0.2561	0.8372	0.2147	-0.7648	1.6552	-0.0983	0.8567	0.0339	-0.1416	0.8318
-0.1505	1.0530	-0.6218	-0.5378	-1.5379	0.3524	-0.4472	0.5489	0.3816	-0.0315	-0.0034	-0.4343	0.6183	-1.0468	-0.4509	0.4212	0.4056	0.6849	-0.2569	-1.2964	-0.6681	0.9238	0.7726	-0.0114	-0.9128	-0.7320	0.1992	0.6398	-1.2396	0.7542	0.4294	1.1948	-1.0332	-0.5081	-1.2378	0.2990	0.5526	0.6098	-0.2418	0.3749	0.9333	-0.6365	0.0712	-0.4816	-0.9302	1.4297	-0.2248	-1.9400	0.3077	-1.6542	-1.9648	-0.0896	1.7415	-1.3554	0.6420	0.7379	0.1018	-1.3633	0.2396	-0.7339	-0.1326	1.1197	0.2909	0.7340
0.7626	-0.1931	-0.4492	-1.4778	0.4985	0.7792	-0.3224	-0.2079	0.3108	2.0052	-0.5910	-0.3170	0.7240	1.1072	1.0103	-0.5235	0.1809	0.8307	0.5131	-0.7376	0.6424	0.6774	-0.0167	-0.1107	-0.8048	0.1092	0.6580	0.5864	-0.1515	-0.2149	-0.0207	-1.2454	0.2109	-1.4358	-0.5352	0.2533	0.6496	-1.1581	0.6149	-0.4958	-0.3212	-0.0735	-0.0637	0.4075	0.4864	0.1705	-0.6871	-0.1591	0.1637	0.6728	-0.2467	0.1070	-0.1353	0.4094	-0.5110	0.9140	0.2734	-0.4938	1.0924	0.7632	-0.0588	0.6497	-0.1601	0.3598
-0.1102	-0.0897	0.2870	-0.2006	1.2062	0.9122	0.6793	0.1078	-0.3435	0.9585	0.0228	-1.0176	0.3377	0.1060	0.3551	-0.0512	-0.0905	1.1219	-1.0235	0.8203	-0.1126	-0.6343	-0.7370	1.1629	-1.1036	-1.1235	0.5039	-1.6518	-0.9711	0.5810	0.0328	-0.3042	-0.4683	-0.5335	0.1654	0.3871	0.2177	0.2013	0.0731	-0.0627	0.7087	-0.7923	-1.1669	0.2447	-1.4474	-0.8205	0.3578	-0.5819	-0.0883	0.2513	1.0882	-0.3572	-0.0455	-0.8615	0.7186	-1.0283	-0.0454	-0.4349	-0.4520	-0.0072	-0.1624	0.5498	-0.7228	0.1308
1.0488	-0.3078	0.6772	-0.1674	0.4158	0.6662	-0.6710	-0.5349	-0.4851	-0.0310	0.1431	1.2275	1.0731	-0.2641	0.0618	-0.9854	0.4546	0.2888	-0.2363	-0.0954	-1.5177	0.5427	-0.5930	1.5691	-0.0412	0.7769	-0.3943	1.0123	-0.4023	0.4081	-1.4726	-0.1701	1.6716	-0.3500	0.4519	0.1833	0.3072	0.8479	-0.9500	0.8934	0.0591	0.0461	-0.0078	-0.3741	0.6548	-0.7446	0.5826	-0.4554	1.0238	-0.1430	0.1140	-0.3340	0.4081	-0.8672	0.1861	-0.0378	0.3600	-0.6279	0.8536	-0.5029	-0.5087	0.0498	-0.7459	-0.7716
-1.1725	1.2383	-0.6365	1.8444	-1.0905	1.2473	-0.0161	-0.5777	-0.6235	-1.8655	-0.5217	-1.3163	0.2314	1.9213	-1.4183	-1.7155	-0.8623	-0.9721	0.3782	0.4607	0.5946	-0.6724	1.9356	1.1011	-1.0641	-0.0467	0.2133	0.3837	0.7724	0.3673	-0.5390	-1.0758	0.1213	-1.2705	-0.1220	0.0389	1.0331	1.3537	0.4555	-0.4735	-0.7061	0.2418	-0.1230	0.1699	-0.9980	0.1552	1.8064	0.6505	0.1365	0.4606	0.3347	1.8106	-0.7780	0.2422	0.2410	1.1255	0.4220	-1.7152	-0.0753	0.1030	-0.1550	0.9330	0.1728	-0.5105
0.3079	-0.1139	0.4918	-0.4246	0.3886	-0.2047	0.3295	0.1918	0.2926	0.4082	0.3145	-0.2231	0.2096	0.0587	-0.0598	-1.7662	-0.4029	-0.1515	-1.1800	-0.0046	-0.3095	0.4337	-0.2511	-0.9175	0.4855	0.9494	-0.0110	-0.0382	0.5884	-1.3333	0.6199	0.6863	0.3825	-0.0084	-0.6262	0.4420	0.3700	0.2661	0.3465	-0.2133	-0.0893	-0.2683	0.3500	0.6356	-0.0377	-0.3619	0.1594	0.1255	-0.8010	-0.1346	0.0331	0.3815	-0.2738	-0.6344	-0.6035	0.7489	0.3070	-0.4590	-1.1975	-0.1239	-0.1464	1.1015	-0.0836	-0.0927
-2.1408	-1.1934	-2.1364	-1.4286	-1.5426	2.9100	0.0417	0.3693	-1.2767	1.3560	-0.1161	1.0428	-0.6777	-1.2245	0.9096	-0.2627	0.5880	-0.5944	1.6477	0.6603	-0.8391	-0.2186	0.8630	0.3681	-0.4215	0.7835	0.0293	0.5261	0.4183	-1.1680	-0.3585	-0.1634	-1.1015	2.0132	0.2476	1.2396	0.2983	0.0116	-1.0420	-1.5096	1.7285	0.3769	0.5926	0.2216	-0.3034	-0.7958	0.3410	1.2652	-0.3561	0.2892	-0.2124	-0.8112	-1.3932	0.0866	0.9885	0.3806	0.8937	-0.0022	-0.6944	-0.8136	-0.3117	0.3919	-0.9577	-0.5620
-0.3452	-0.1601	0.4575	-0.0390	0.8765	-1.2126	-0.0714	-1.1052	0.5886	-0.3938	0.5365	-0.3200	-0.3507	0.4369	0.9632	-0.4387	1.3423	0.3904	0.7575	0.0573	0.0140	-1.5036	0.5167	0.8428	1.0227	0.6317	-0.3366	-1.0835	-0.9254	-0.3525	-0.3885	0.6929	0.3306	0.2878	0.4186	-1.0433	0.5025	-1.7399	0.4629	-0.1590	0.1538	-1.1021	0.9420	-0.2016	-0.2774	-0.1282	1.0010	0.3270	0.3669	-0.4624	-1.6252	-0.0787	-0.6973	0.4979	1.0805	0.8633	0.0175	-1.8741	-0.0581	-0.2079	-0.6178	-0.2969	-0.0778	-0.5219
0.0302	-0.7207	-0.6939	-0.0181	0.8238	-0.5791	0.5956	-0.1705	-0.7461	0.0541	-0.3624	-1.9908	0.8911	-0.3389	0.4841	-0.4900	0.4727	-0.4751	0.4503	-0.4872	0.3992	0.3487	-0.8205	0.0018	-0.2435	-0.7389	-1.0201	0.3350	0.4442	0.9306	0.3318	0.1308	-0.1209	0.2818	0.4408	0.1436	-0.2038	-0.5781	-0.9737	-0.1039	-0.8254	0.8801	0.3661	-0.7917	0.2691	0.9482	0.7330	-0.0944	-0.5307	-0.4777	0.4869	0.2292	-0.8293	-0.0281	0.4252	0.0794	-0.1203	-0.0078	-0.3835	-1.2662	0.7330	1.1691	-0.1667	-0.0894
-0.2091	-1.1922	0.6020	0.5900	-0.7599	-0.2399	0.3856	-0.5473	0.6342	0.2916	-0.7148	-0.0248	0.9727	0.3607	1.1835	0.5096	0.4509	-0.6967	-1.4552	0.2319	0.5420	0.5314	0.4093	0.2443	-0.7435	0.6371	-0.6981	-0.3623	-0.0103	-1.0460	-0.3637	-0.0306	0.3244	-0.5038	-1.0310	-0.2120	0.3659	0.8078	1.1518	-0.8099	0.9647	0.5576	-0.2758	-1.1767	-1.3106	0.3088	0.4561	0.4961	-0.3568	0.0045	-0.2620	-0.2294	0.3049	0.4746	-0.0051	0.4764	-0.8342	0.7330	0.3781	0.2152	0.3694	-0.8242	0.0639	-0.1082
1.9322	-0.6726	-0.4265	0.5385	0.0757	-0.8960	-0.7873	0.6489	-0.3749	1.0946	-0.7411	0.1891	-0.7588	-0.7912	-0.8795	0.4492	-3.0325	0.8265	-0.9125	-0.7274	0.6033	-1.1921	0.0888	0.7883	0.1510	0.1549	-0.6175	1.5578	0.2279	-0.1443	0.9160	-1.0649	0.4538	1.2627	0.4397	1.6990	0.0385	-0.1293	-0.5796	0.5630	-0.1114	-0.4481	-1.6046	-0.6792	-0.5011	-0.3429	1.2987	1.4300	-0.9224	0.6441	-1.6535	0.0914	0.1700	0.3968	0.4917	1.0077	0.6514	-0.0954	0.8049	-1.0830	0.3779	-0.9848	1.1889	0.9972
0.8118	-0.0396	-0.7318	-0.2466	-0.2472	0.7627	-0.7959	-0.2113	1.2339	-0.4570	0.0387	0.3263	0.0240	0.7876	-0.4712	-0.6120	-1.0377	-0.5916	0.6748	0.4843	1.4324	-0.3504	-0.9504	-0.1547	0.0298	2.0736	-0.6348	0.4136	-0.1482	1.0009	-0.1865	-1.4036	-0.4378	0.8172	-0.3935	-1.2661	-0.7697	0.0173	-0.1506	1.7935	0.9352	-0.3229	-0.8848	0.1056	-0.8555	1.0919	-1.2814	-0.6891	-0.5823	-0.0347	-0.0138	-0.0759	-0.3772	0.2921	0.9147	0.1016	-0.7481	0.2144	-0.3096	-0.5450	-0.5965	-0.1304	-1.7563	-0.1684
0.1491	0.0798	0.7003	-0.2842	-0.9816	0.5022	1.1841	1.5044	-0.6680	-0.0433	0.1773	-0.8490	0.2608	0.4600	-0.0137	-1.0284	0.0815	-1.7508	0.8621	0.0465	0.7582	0.2746	-0.6326	0.5096	0.5683	0.1490	0.0595	-0.9227	0.4489	1.4506	1.6072	-1.3086	0.4598	0.5216	-0.1385	0.2365	1.2125	-1.1090	0.3509	0.7568	0.4590	0.1482	-0.2235	0.4885	0.2900	-0.5258	1.0753	0.3727	-0.0083	0.0457	-2.0380	-0.5790	2.2156	0.6876	-0.5319	-1.2817	0.7333	0.9344	-0.3766	0.8153	-0.9030	-0.3965	-0.3701	0.0503
0.5881	-1.0659	0.2730	-0.9775	0.3031	-0.0451	0.1279	-1.2915	-0.5455	-0.5508	-0.1354	-0.1763	0.8868	-0.6446	-0.1923	-0.2602	-0.7285	0.4637	-0.5618	0.2875	0.3725	-0.4975	1.7059	-0.7932	-0.8093	1.2307	-0.7845	-1.8618	-0.9601	1.7271	0.3997	0.0626	-0.7956	0.5125	-0.4013	0.3332	0.5947	0.4322	-1.4080	0.1132	-0.2746	0.7791	-0.2910	-0.4620	1.3648	0.7842	0.1389	0.2489	-0.6894	1.3756	-0.2405	-0.6096	-0.1728	0.3026	-0.3743	-0.4067	0.2404	-0.4812	-0.5337	0.4497	-0.0076	-0.1777	-0.1219	0.5061
0.2898	-0.0535	0.8479	0.1878	-0.8782	0.2725	-0.2931	-0.3497	0.2115	-1.0344	-0.7704	-0.6827	-0.2003	-1.3841	0.7804	0.2236	-0.8885	-1.2468	-0.6308	0.7207	-1.4697	-1.1430	-0.3378	1.3424	-0.6417	1.4009	0.5812	-0.3730	-0.4367	-1.1263	1.6803	0.7627	-0.5296	-0.0768	0.4439	-0.9739	-1.3902	-0.2658	-0.2899	1.2978	-0.4432	1.3177	-0.1738	1.1617	0.2611	0.3301	0.1550	1.0735	-1.1144	-0.3667	-0.1924	0.3394	0.5413	-0.3834	0.6707	-0.8014	0.3246	0.3155	1.0466	0.1156	0.3135	1.2069	-0.2054	-0.0230
1.0372	-1.8358	0.2559	-0.6184	-0.6408	0.1761	0.8475	0.0779	0.0916	-0.2658	-0.2683	-0.0092	1.8240	-0.1921	0.4699	0.2218	-1.0523	-1.1092	1.0887	0.8500	0.0997	0.6645	0.8358	-0.0220	0.6016	-0.2665	0.6866	-0.2249	0.9633	-0.1245	-1.1199	0.7626	-1.4289	-0.7276	0.1581	0.0478	-1.5239	-0.4986	-1.0478	1.4329	0.1880	-1.5968	-1.0756	0.2681	-0.1355	-0.6393	1.3004	-1.4570	-0.9999	-0.9647	0.3377	0.9707	-0.5404	0.4015	-0.4660	0.2221	1.3691	0.1374	0.0574	0.8172	-1.1091	-0.8713	0.9485	0.5445
-0.6404	-0.4497	0.3400	-1.0798	-0.6014	0.1991	-0.6179	-0.8185	-0.9735	-0.7378	-0.0085	-0.0277	0.3161	0.1239	-0.2053	-0.6946	-0.0008	0.3955	-0.9451	0.5192	0.5706	-0.6027	0.4229	0.0951	0.4120	-0.5141	-1.0199	0.9392	-1.5412	0.1907	-0.6978	0.4798	0.0742	1.2854	0.3272	-0.1641	0.4554	-0.2425	0.7413	0.5125	-0.9582	-0.4320	-0.5774	1.7276	-0.3503	-0.4998	0.5057	-0.4346	-0.8332	-0.6993	-0.8116	0.6915	0.0771	0.4007	0.1407	-0.0016	-0.0324	1.9614	0.0198	0.2399	0.3483	-0.3682	-0.7350	0.7585
0.3025	-1.0590	1.8354	0.0876	-0.2798	-0.8815	-0.7785	0.2902	-0.3797	0.2457	0.9415	0.4330	-0.8665	0.8259	-1.1670	0.5549	-0.5232	-0.6738	1.0578	-0.5564	-0.2940	0.3169	0.5575	-0.4307	-0.8769	0.8373	1.4710	-0.6717	-0.2292	0.2304	-0.9021	0.0608	-0.1596	-0.3066	0.5577	1.1045	-0.4804	0.3155	-0.1439	-0.1665	-0.5529	0.0649	0.0770	0.5084	-0.6314	0.3953	0.7273	0.3144	-0.1671	0.9261	-0.8026	0.2541	-0.2462	0.2713	0.7723	0.5781	0.2531	1.3399	-0.0483	0.2446	-0.3512	0.8774	-1.8617	0.4866
-0.6900	-0.0946	0.7278	0.4820	-1.1046	0.4567	-1.5344	-1.0334	-0.1164	0.0849	-0.2852	-0.9334	-0.1459	0.7278	0.1541	0.6483	-0.1318	0.1854	0.6387	0.0544	-0.1214	-0.4637	-1.4697	-0.5717	-0.3354	-0.1657	0.0524	-0.2546	0.2864	0.3559	0.2775	0.2498	0.2991	0.3300	-1.0482	0.6417	0.1199	0.3334	-0.0691	-0.0690	0.0294	-0.6989	0.3681	0.0564	1.0828	-0.2347	0.1998	0.0519	-0.8105	0.3519	-0.1795	0.3994	0.0283	-0.0723	-0.2763	0.0257	0.2599	-0.3479	-0.2986	0.4603	-0.2196	-0.5197	0.2693	0.2930
-0.7003	0.0530	0.6523	1.1829	-1.0172	-0.1173	0.4061	1.1099	0.0395	-0.1500	-0.0397	0.1563	0.0046	0.1758	-0.4641	0.8487	0.5889	0.5539	-1.1698	0.3220	-0.1403	-0.7174	0.3064	-0.5555	1.4874	0.2366	0.0239	0.4632	0.2414	1.1796	-0.9728	-0.1231	0.5575	0.7296	-0.4121	0.3767	-0.4841	0.0639	-0.4260	-0.8185	0.2335	0.9690	-0.0568	0.3361	-0.5033	0.8199	-0.1926	-0.7888	-0.5501	1.0746	-0.3545	0.3237	-0.4503	-0.1409	-1.2317	-0.1873	0.6635	-0.5520	-0.9507	-0.5690	-0.9332	-0.1563	-0.3111	-0.0381
-0.2243	-1.9800	-1.6445	-0.0141	-0.8506	0.0659	0.4347	0.0099	0.1901	0.1843	-2.2997	0.7235	-0.2508	1.4672	-2.1023	1.0858	-1.2956	0.7370	1.0284	0.3064	-0.6869	-0.4160	-1.2748	-0.4461	1.9940	0.3199	-1.6239	-1.9154	0.0832	0.3495	-0.4635	1.0995	-0.0949	-0.4948	0.2955	-0.6654	0.1351	-0.5113	1.9713	-1.3401	-0.7221	0.3753	-0.4288	-0.1681	0.4316	-0.0736	0.2911	0.1520	-0.0414	0.5673	0.8431	0.7077	1.6718	-0.7264	0.9084	0.1438	0.4556	-0.0710	0.8520	-0.5001	-0.7368	1.1315	-0.3088	-0.8536
1.1107	-0.1507	-0.1665	-0.5516	0.0549	0.9844	-1.4647	0.9920	0.5081	-0.6220	-0.1707	0.0258	-0.2794	1.1558	-1.0932	0.9064	-0.2160	-1.7560	-0.5054	-0.4044	-0.4427	0.1567	0.1748	-0.1073	-1.3793	-0.1308	0.1872	-0.9658	0.1396	-0.1619	0.6218	0.4076	0.6535	0.4309	0.8292	-0.5253	-1.0080	-0.2265	-0.0231	-0.6735	0.5211	0.0400	1.7211	-1.3613	-0.1667	-0.8524	-0.0074	-1.1483	-0.2082	1.3344	-0.5305	1.4243	-0.2330	-0.0066	-0.7749	-0.6215	0.4816	-0.4297	-1.0229	-1.0989	0.7207	-0.8306	0.6545	-1.3526
0.4278	0.3936	0.5966	0.8758	0.5897	1.0816	0.2266	-1.0648	1.0014	0.6640	-0.2893	-0.3320	-0.1107	1.0331	-0.0763	0.6378	0.6896	-0.4844	-0.5377	-0.1396	-0.4402	1.2014	1.2206	-0.9364	0.0476	-1.0777	0.2495	0.4421	0.7527	0.4541	0.0315	1.5232	-0.1413	1.2450	-0.2522	-1.1455	0.4588	-0.0897	0.6308	1.6725	0.2597	0.6310	-0.8294	-0.6563	0.1656	-0.4299	0.6902	1.3437	0.3801	0.3691	0.6459	-0.4329	0.0189	-0.4509	0.4229	0.8312	0.6378	0.2972	-1.3367	-0.0778	-0.4709	0.0994	-0.7026	-0.7525
-0.7331	-0.7921	-0.1669	0.9309	0.1038	0.9669	-1.2650	0.0231	1.0812	-1.0815	0.1682	1.4148	-1.3793	-0.0220	0.9966	0.1075	-1.5797	-0.2451	-1.0612	-0.5474	-0.1772	0.7086	0.3962	0.8594	0.1677	-0.0157	0.7561	-0.7838	0.6130	0.7333	0.0739	-0.3017	-0.6519	-0.1714	0.1743	0.6143	0.3321	-1.1861	0.2534	-0.0716	-0.6147	0.1973	0.1448	0.0387	-0.4931	-0.3571	-0.0923	-0.3054	0.5367	-0.0481	-0.0823	-1.0313	-0.0445	-1.2155	-1.0277	0.5199	-0.1408	-0.8356	0.1092	1.7845	-0.2989	-0.1836	-0.2644	-0.1710
0.3542	0.7653	-0.7263	-1.2125	-1.1647	-1.0859	-0.4215	1.0690	-0.5238	-0.9124	0.6842	-0.4152	-0.4170	0.1244	0.5831	0.6511	0.2870	1.1135	0.1541	-1.2949	0.5309	0.3972	-0.3505	1.6803	-0.0442	0.7782	0.3341	-1.1808	0.2261	-0.9797	-0.2742	0.8474	0.0636	1.0600	-1.5411	0.7596	0.3228	-0.3480	0.2906	1.2299	0.0003	0.6105	-0.5943	-1.1303	0.0307	0.0115	1.0957	0.1066	0.2876	0.3000	1.3840	1.2358	-0.8254	0.9435	-1.0759	-0.0556	-0.2565	-0.0408	0.3297	-0.0391	-0.7945	-0.1039	-1.1684	0.2116
-0.2417	-0.5914	0.7651	-0.2042	-0.1158	-0.3352	0.5593	0.3568	-0.6156	-0.6044	-1.4200	1.0857	-0.5067	0.2536	-0.2379	0.5686	0.2441	1.1476	0.4469	1.4835	1.3314	0.1097	-0.1895	-0.1431	-1.3173	0.3198	0.8802	0.4539	0.1425	-0.1976	-0.0797	-0.1923	-0.0462	0.8540	0.2306	-0.4864	0.8859	-0.1968	-0.7002	1.0716	-1.1934	-1.3870	1.9156	-1.6739	-1.5658	0.4485	-0.4625	1.2985	-0.5157	-0.5304	0.0206	0.6793	0.6244	-0.3470	-1.4662	-0.0929	0.5979	-0.0345	-0.1148	0.0935	-0.2713	1.1161	0.0459	-0.1123
0.6932	0.2082	-1.3690	-0.1944	0.4378	0.8490	0.9624	0.2994	0.7318	-0.1604	0.7441	-0.1126	-1.1136	-0.9038	0.1037	0.3854	0.6500	0.1892	-0.3894	-0.1839	0.2714	-0.4941	0.4528	-0.7882	0.3195	1.2296	0.0349	0.5094	-0.5805	-0.2208	0.0790	-0.7373	-0.4487	-0.5573	0.0395	-0.1619	0.3154	0.0424	0.4342	0.1232	-0.9359	0.5555	0.0675	-1.0633	-0.5999	-0.1894	1.5205	-0.5039	0.9533	-0.1499	-0.0088	0.8693	-0.8128	-0.5750	0.5354	-0.7301	0.3867	1.1683	-0.1905	0.9199	0.0679	0.1270	0.3199	-0.1686
-3.0527	-0.0907	0.0293	0.6927	0.1216	-0.6551	0.2696	-0.5623	-0.2956	1.4964	0.7416	-0.1132	0.3536	0.1638	-0.2115	-0.0416	-0.2846	-0.5176	-0.4833	0.6413	-1.5821	0.1521	0.2030	0.4046	-0.7680	0.7027	0.0086	-0.6198	1.3393	-0.1406	-0.5744	-0.5065	0.5906	0.0572	0.4796	-0.3666	0.4726	-0.4835	1.4196	1.4034	-1.2058	0.3443	0.1626	-0.8350	0.6711	0.6941	-1.8374	-1.5265	0.6826	0.1285	-0.0378	0.7836	-1.1458	1.0738	0.0370	-0.8307	2.0459	0.7068	0.0715	-0.2664	0.2811	-0.3682	0.5198	0.1698
1.0304	0.2532	-1.0697	0.0767	0.0859	0.9660	0.4481	-0.0722	1.2355	-0.0508	0.3869	-0.9887	-2.3292	-1.1807	0.5626	0.6745	1.1207	-0.7295	0.0440	0.2586	-0.3858	-0.6552	-0.2016	-1.3034	0.7834	0.8777	-0.1190	-0.0484	-0.7262	1.0794	-0.3286	-0.4509	-0.7245	-0.8949	0.6937	0.6652	0.9699	0.7322	0.4081	0.1404	-0.0731	-0.0787	0.4346	-0.8526	-0.6151	-0.2827	0.8533	0.1168	-0.6591	-0.0372	0.1634	1.8592	-0.6896	-0.5419	-0.0427	0.7115	-0.6272	1.1293	-0.0799	1.6903	0.6053	0.2044	0.6648	0.6228
-0.4592	-0.8898	-1.7981	1.1153	-0.4581	-0.7915	-1.4132	0.3485	-0.5695	0.5153	-0.8739	2.7141	-0.1820	0.6738	-1.5437	-0.9347	1.0668	0.0212	-0.2180	1.4610	-0.0649	0.1559	0.1077	-1.2333	0.4610	-0.7330	-1.7967	-2.5363	0.0946	0.4052	0.5137	-0.1665	0.4496	-0.5684	-0.6991	0.0850	-0.3326	-1.7124	0.3892	0.5790	1.1128	1.0230	0.6659	0.3717	0.4150	-0.0594	1.2176	-0.0295	0.3879	0.3142	1.4303	1.5651	1.0428	-1.6287	1.0701	0.6167	-0.4374	0.9319	1.4608	-0.0411	-0.4481	1.8095	0.8924	0.7675
-0.2701	1.4841	-0.8900	0.2759	0.6836	-0.1336	1.2016	-0.4337	-0.5360	-0.4822	0.6376	1.2321	0.1858	0.1221	-0.0062	-0.4453	-0.6701	-0.0884	-0.0054	-0.9274	-0.0586	-0.5962	-0.9512	0.3590	-0.8463	-0.5141	-0.0859	-1.1112	0.7928	0.4022	-0.3984	1.0782	0.0759	-0.0181	-0.1015	0.7665	-0.1337	-0.1065	-0.4999	0.0976	0.4274	0.2056	0.3402	-0.1982	-0.6889	-0.2872	-0.9624	0.5852	-0.8574	0.0677	-0.3514	1.1724	0.3664	-0.4223	1.1454	0.8320	-0.1171	0.4300	-0.2644	1.5220	0.5755	-0.8559	-0.3591	-0.3828
-1.8429	0.4571	-0.0400	-0.1349	0.6089	0.7791	1.7217	-0.7556	0.9653	-1.0446	0.7327	0.7706	-0.4711	-0.2900	-0.9734	-1.8862	1.1206	-0.4055	-1.0214	-0.7958	-0.2931	0.5542	-1.5668	0.7902	-0.6220	-0.7683	-0.1568	-1.3260	1.4402	0.4153	-1.1011	0.4465	-0.4636	-0.4284	-0.6671	0.9031	0.1071	0.3351	-0.0002	0.4782	-0.8921	0.8473	0.6425	-0.8708	0.1229	0.1875	-2.7499	0.4604	-0.3519	1.0426	-0.7404	1.4651	0.2874	0.0174	1.2547	0.0280	1.7721	0.8660	0.7909	0.3127	1.1288	-0.8632	-0.6003	0.7985
-1.5836	0.2584	-0.4892	0.4610	-0.5549	-1.2624	-0.5458	-0.9880	-0.6908	1.2358	0.0922	1.2571	-0.2584	-0.2740	-0.1507	-0.0354	-0.2419	-0.8278	-0.7976	0.9330	-0.7546	0.7082	-0.1968	-0.5002	-0.4044	-0.3209	-0.5884	-1.2055	0.2194	0.5605	0.5056	-1.1384	1.0740	-0.4540	0.7410	0.6667	0.1673	-1.3215	0.5941	1.9333	1.1788	0.5346	0.6377	0.0186	-0.2374	0.6201	0.1334	-0.3161	1.3712	0.2998	0.4882	1.3778	-1.0825	0.2111	0.4231	0.3846	-0.1531	0.2449	0.0025	0.0467	-0.6457	0.7740	1.5070	0.8390
-0.2745	0.8620	0.0900	-0.3785	0.4353	-0.1367	-0.1496	0.2186	-1.7659	-0.2781	-0.0195	-0.0623	-0.2619	-1.4188	0.6163	0.5962	0.4899	0.6812	-0.1193	-0.4730	-0.0865	-0.0509	-0.1650	-0.8932	0.0216	-1.2278	0.4658	0.3447	-0.0175	0.2839	-0.0980	0.7551	0.1367	-1.0026	0.3780	-0.9565	-0.1501	0.1188	0.3249	-0.3836	-0.2733	-0.3337	-0.1881	0.7430	0.5414	-0.3752	0.6030	0.5971	0.0701	1.8175	-0.4947	0.4730	0.2269	-0.0617	-0.8299	0.1241	1.1469	0.1912	0.6190	0.0297	-0.4975	0.4956	0.3147	-1.0657
1.5145	1.2387	-0.1336	1.4032	-1.0090	1.3386	0.3707	0.5899	-0.8753	0.7127	-0.1248	0.7206	0.5014	0.4229	0.5994	0.7551	0.3497	-0.0247	0.1090	-0.2992	0.5714	0.6885	-0.4939	-0.2725	0.1797	0.3425	-0.1398	-0.4552	-0.8464	-0.2522	-0.2059	0.6460	0.8315	-0.5693	0.2654	-1.3456	-0.2748	-0.5189	-0.3588	-0.7717	-1.3869	0.0784	0.5103	0.6387	-0.1557	-0.3948	-0.2850	-0.0741	-0.4576	0.3446	0.2723	-0.3252	-1.0972	0.8814	0.9744	0.1183	0.6773	-0.7990	-0.2322	-0.2870	0.3258	-0.1706	-0.3353	3.1087
-0.4700	0.0945	0.6020	0.6971	0.2476	0.1877	-0.2561	0.0313	1.0145	-0.5042	-0.5885	0.0068	-0.3068	0.5137	-0.9039	-0.2174	0.0226	-0.3227	-0.3462	0.9827	0.4580	0.2328	-1.2641	-0.7036	0.8012	-0.6551	1.0370	0.9697	-1.4622	0.4892	0.5223	-0.3175	-0.1575	-0.8698	-1.1952	0.4853	-0.9607	-0.0010	-0.5310	-0.9605	0.6780	-0.2946	0.9824	-0.4958	1.1706	-0.2778	1.2780	1.2237	-0.5174	-0.1162	0.7912	-0.6672	-1.3284	0.7406	-0.0311	-0.7791	0.5823	-0.0192	1.4166	-0.5675	-0.1047	-0.8725	-1.0077	-0.5867
-0.2701	-0.0258	0.3179	0.4203	0.0631	0.1362	0.4720	-0.0486	-0.0417	-0.2047	0.4462	-0.4749	0.4426	0.1637	-0.6593	0.9749	0.6587	0.1358	0.1906	0.0404	-0.1345	-0.4812	0.0057	0.0157	-0.1748	0.5210	-0.1196	0.1847	0.0854	-0.0835	0.2309	-0.2032	-0.2447	-0.0292	0.1048	0.2526	-0.4343	-0.0989	0.5499	-0.2806	0.6450	-0.9936	0.0720	-0.0718	0.5775	-0.0805	0.1668	0.1506	0.1291	-0.1928	-0.1622	0.0080	-0.0183	-0.9577	-0.1796	0.4327	0.2951	0.3006	0.2246	-0.2444	0.1636	-0.5084	-0.3675	0.4334
-0.2187	-0.3349	0.2519	1.5751	0.5292	0.2054	0.3796	0.6782	0.4191	0.8727	-0.3508	-0.2225	-0.3863	-0.2190	-0.7981	-0.2217	-0.5025	-0.2877	0.2215	-1.5560	-0.4340	-0.0747	-0.2899	-0.0219	-0.1177	0.2346	-1.2381	-0.3486	-0.8600	-0.5438	-1.2490	0.1021	-1.2251	0.6419	-0.9026	-0.5945	0.4905	0.1175	-0.0307	0.8079	0.6072	-0.7533	0.7782	1.2129	-0.0470	0.1148	0.6005	-0.3283	0.2900	0.5350	-0.1154	-0.0174	-0.3218	0.8708	-0.8759	-0.6415	0.2786	-0.6691	0.3291	0.7206	1.3533	0.4477	0.2063	-0.8012
0.2616	-0.2827	0.3006	0.5425	0.9793	0.2279	-0.1539	-0.4396	-0.2235	0.1690	-0.8444	0.3825	0.5511	1.3499	0.0710	-0.1053	0.8023	0.1994	-0.0971	-1.2248	-0.4143	0.4038	0.1478	0.5214	0.5513	0.0268	-0.4329	0.2908	0.8112	-0.0257	0.4172	-0.3465	0.0563	0.5792	1.5419	0.4912	0.1176	-0.2762	-0.2773	-0.6994	0.2542	0.3389	-0.2161	-0.0469	0.0594	1.2162	0.7316	0.8169	-0.6330	-1.2820	0.3883	0.9242	-0.7895	-0.2250	-0.2824	-1.5784	0.0536	0.0019	-0.4832	0.9049	0.7767	-0.0728	-0.1050	0.2646
-0.1699	0.3380	0.2938	-1.1320	0.6113	0.4428	0.6399	0.4443	-0.3046	-0.9616	-0.3558	0.5651	0.4347	0.3439	-0.6850	-0.6586	-1.3668	-0.4767	0.0289	-0.5487	-0.8320	0.1885	-0.1448	-0.1731	-0.0649	-0.4717	0.4117	0.6047	-0.7331	0.4981	0.8157	0.9575	-0.2751	0.0195	-0.3871	-0.6647	-0.0917	-0.2229	1.1491	-0.5115	0.5000	-0.1877	0.3365	-0.8348	0.1969	0.9827	0.0073	1.0084	0.6697	-0.6719	-0.1697	-0.6934	-1.7609	0.9967	-0.1963	0.2650	-0.4759	0.9141	-0.0086	0.2771	-0.5379	0.1595	0.4340	0.0424
0.5018	0.7446	1.2609	-0.7169	0.0352	-0.4631	-0.5810	0.4265	0.1285	-0.3958	0.9876	0.3682	0.3676	-0.2531	-0.9578	0.4280	-0.1970	1.5819	0.3672	0.8945	-0.0114	-0.2144	-0.5082	0.9609	-0.6607	-0.3455	-0.9958	0.0700	0.6972	-0.3334	0.9044	-0.9980	-0.8035	-0.3177	-0.1620	-0.5318	-0.1630	-0.0064	0.1251	-0.8472	0.3064	-0.3703	-0.3593	1.0276	-0.1410	-0.4430	0.6192	-0.2647	0.9457	0.2688	0.4987	-0.8015	-0.7798	-0.1383	-0.3560	-1.3474	-0.2087	-0.3473	-1.1074	0.1598	-0.0035	1.3638	0.1632	0.5101
0.7577	-0.7560	0.6144	0.5399	0.1354	0.6647	0.3275	0.1175	-0.7960	-0.3706	0.5556	-0.0852	0.0283	0.0937	0.4009	-0.0932	0.4508	0.8671	0.5650	0.3392	0.7291	0.6161	0.7614	0.1328	0.0344	0.1952	-0.7235	0.2730	0.4101	-0.3927	1.0897	0.9493	-0.8435	0.1874	1.0402	0.7545	-0.4401	0.2123	0.7838	0.6063	0.4905	0.1031	0.1106	0.1557	0.1552	-0.0749	-0.5553	-0.6420	1.3643	0.8910	-0.0692	-0.2406	0.4538	1.0005	0.3177	-0.4816	-0.7265	0.1928	0.6255	-0.7946	0.6012	0.1699	0.3385	-0.0579
1.5615	1.6703	0.5329	0.5347	-1.2578	-2.5324	0.7947	-1.4866	0.2290	-0.0100	-1.1673	0.2909	-1.2987	1.5367	1.0791	-0.5249	-0.4511	-0.8443	-0.4587	-0.0952	0.2452	-0.3584	0.6754	0.8676	-0.5503	-0.4426	-0.9063	1.0388	0.2612	1.0261	0.0332	0.0953	-2.0797	0.7582	0.2536	-0.0676	0.4165	0.2655	0.6157	-1.1837	-0.2800	-0.3805	1.5219	0.6834	0.9417	-1.1156	-0.8071	-1.7833	-0.0777	0.7335	0.7458	-0.1020	-0.7427	-1.0482	-0.6574	0.1813	0.2257	1.3444	0.7677	-1.1992	-0.9277	-0.0231	-0.2509	-0.1895
-0.1062	0.4106	-1.0575	0.8603	-0.3914	-0.0553	-0.7281	-1.2998	-0.1979	-0.6028	0.0718	-0.7581	-0.8665	-0.5881	-2.0283	0.1064	0.7901	-0.6950	-1.7444	-0.6758	1.1927	-0.1711	-0.6852	0.3183	-0.2626	0.1685	1.0018	0.3480	1.1456	-0.7766	-1.6345	0.5209	0.5129	0.9059	1.8170	-0.1517	-0.1455	-0.3128	0.3419	-0.8844	1.1050	-0.7151	-0.0062	-0.7305	1.0960	0.2592	0.0975	-0.4780	-0.9837	-0.0080	0.4940	-1.7672	1.0904	1.3310	0.1614	-0.4046	-0.7781	-0.1131	-0.0930	0.8033	-0.9212	1.9526	0.0802	0.3469
-0.0251	-0.2524	-1.5282	-0.0277	1.1394	-0.9841	-0.7871	-0.1104	-0.1807	0.3863	0.1793	-0.0909	-0.6035	0.5341	-0.2967	0.0270	-0.1988	-0.1362	0.4926	0.7177	-0.1341	-0.6486	-0.1412	-0.2649	-1.0184	0.9383	0.4048	1.0177	0.1329	0.5556	-1.3522	1.4934	-0.3289	-1.6109	-0.3657	0.0971	0.3823	0.2998	0.5961	0.1854	0.6079	0.6094	-0.0155	0.7520	0.3130	-0.3982	0.1195	1.0122	-0.0137	-0.6756	-0.1787	-0.0378	0.8563	0.3583	-0.7818	-1.7724	-0.3582	-0.3913	-1.5011	-1.4423	-0.5176	-1.0180	0.5011	1.2461
-0.5733	0.6438	0.3238	-0.4654	-0.3709	0.1184	0.3233	-0.7270	-0.9888	-0.7771	-0.8840	0.0093	0.4740	0.2180	-0.4018	0.0629	-0.5384	0.0234	-0.0465	-0.4461	0.0155	0.5454	-0.8033	-1.3369	-0.4903	1.5130	-0.6239	0.7818	-0.3607	0.1085	-1.7020	0.0534	0.7680	-0.3501	0.4906	0.5130	-1.1755	0.4903	-0.1746	-0.1604	-0.0990	0.4688	-0.6063	-0.3526	0.1076	-1.0058	-0.0093	-0.6244	1.2557	-0.0543	0.6161	-0.4164	-0.0768	-1.2108	-0.5961	0.1150	-0.4482	-0.3763	0.2561	0.5771	0.9844	0.0473	0.4591	-0.3756
0.5313	0.0035	-0.6644	0.6563	-0.9728	-0.7728	-0.5323	-0.8309	-0.4573	0.2500	0.7446	-2.0142	0.4888	0.0121	-0.7652	-0.9704	-0.2648	0.2382	0.7349	0.2476	-0.7006	0.5772	-0.3286	-0.7368	0.4949	0.0117	-0.1695	0.6799	-0.6479	-1.4015	-0.3448	0.3467	-0.1879	-0.0331	0.1835	-0.5891	0.2461	-1.5064	-1.6150	-0.4767	0.5433	-0.5856	-0.6264	0.2566	-1.9873	1.3458	-0.9275	0.8285	0.5367	1.7562	0.4543	-0.2178	0.0920	-1.2956	-0.3489	-0.9026	-0.3620	0.8349	0.3740	0.6253	-0.5995	-1.1105	0.5865	-1.3688
-0.7257	0.7741	-0.3153	0.1821	0.4450	0.0639	-0.6649	0.6121	0.1744	0.1657	-0.6765	-0.0839	0.7569	-0.6915	-0.6886	-0.0857	0.4063	0.2417	-0.4052	0.3044	-0.4385	0.9991	0.1144	-0.3474	0.1271	1.3828	0.4687	-0.4296	-0.0726	0.3838	0.3768	0.3022	-0.6200	-0.0169	0.2401	-0.2529	0.7784	-0.6188	-1.0113	-0.5429	-0.8192	-0.9455	-1.4541	0.0423	0.3513	-1.3151	-0.2881	0.3005	0.3276	-0.3889	0.1886	0.7342	0.3518	1.5805	0.0458	0.3533	-1.3603	0.0932	0.2985	-0.0325	0.4908	-0.1388	0.1279	-0.7810
-0.9092	0.8282	0.5332	-1.4405	-1.3228	-1.3483	0.0363	1.1709	0.3693	-0.1168	-0.2783	-1.3236	-0.1279	1.0959	0.3641	-1.0384	-0.3084	0.0113	0.2159	-0.2178	-0.0323	-0.1318	-0.3949	-1.3085	-0.0614	0.7645	0.0354	1.0549	-1.0066	1.0002	-1.2216	0.3931	0.1943	1.0252	1.1661	0.0760	-2.0152	0.5424	1.1613	0.0663	-0.6968	0.6493	-0.7054	-1.1000	-0.6634	-1.7096	-0.3192	0.6774	0.7416	0.5102	0.7463	-1.2472	0.8510	-0.1027	0.3077	-0.3708	0.3369	-1.7264	0.2019	1.4385	1.8637	0.3194	0.4827	0.0446
-0.1296	0.6640	0.5347	-0.6634	0.5065	0.0279	-1.2469	0.0692	-0.0426	-0.3102	-0.3436	-0.3432	-0.2732	0.0304	-1.4116	-0.3821	0.3435	-0.2162	1.2048	-0.3929	1.5368	-0.6982	0.1398	-0.6054	1.4072	0.0773	0.5414	-0.2392	1.2595	-0.5076	-0.4253	0.1820	-1.5382	0.3624	0.5052	-0.3257	-0.0783	0.5451	-0.2207	-0.4604	-0.1992	1.6308	-0.3025	0.2350	0.4341	0.0236	-0.5853	-0.1989	-0.0664	-0.6468	-0.6589	0.2887	-0.4940	-0.7156	-0.8739	-0.0738	0.5238	-0.2677	1.3613	0.0606	-0.1881	-0.5180	0.5328	-0.1299
0.4176	-0.4574	0.0320	0.8753	-1.0944	0.1024	0.0933	0.8767	-1.8824	-0.4300	0.2045	0.3461	-0.2861	-0.9517	0.3020	-0.9948	0.3376	0.8298	-0.7437	-0.4003	0.4137	0.1400	-1.0357	-0.0574	0.8556	1.0752	0.9590	0.1201	0.9070	0.7937	0.3448	-1.0474	-1.3051	-0.6719	0.1583	-1.8549	0.8690	-0.1104	1.2659	0.2047	0.3016	-0.1926	0.3492	-0.2794	0.5425	0.2267	-0.5125	0.2295	-0.9617	-0.5399	2.0914	-1.6394	-0.0638	-0.8885	1.3250	0.8641	0.4733	-1.6922	-0.6525	-0.1934	0.7313	-2.0307	1.9421	-0.1475
0.1196	-0.2640	0.3588	0.8937	0.8134	-0.2893	0.4421	-0.2095	-0.0701	0.0375	1.0848	-0.2814	-0.8511	0.4778	-0.9554	-0.1147	-0.2615	0.0749	0.7538	0.0575	0.5865	-0.4709	-0.5121	0.7383	0.2711	-0.7693	0.3807	0.9072	-1.5795	-0.2637	1.0372	0.0992	1.2041	-0.0206	-0.5836	-1.1825	0.4915	0.1142	0.0633	-0.2499	0.1448	1.4340	-0.5268	-1.0299	0.3810	-1.2242	-0.9523	-1.4498	-0.4309	-0.0038	0.1129	0.5315	0.2317	-0.1086	-0.8006	0.7590	-0.5989	0.0109	0.0036	0.0601	0.2069	0.3052	0.5047	-0.1746
0.7500	-0.0417	1.1814	-0.0927	-0.3956	-0.3664	-0.0032	-0.3058	-0.0553	0.1372	0.2677	0.4075	-1.1340	0.3418	0.0854	-0.1806	0.2649	-0.5828	-0.7464	0.4459	0.4731	-1.6270	0.1577	-0.6679	-0.1637	-0.8950	-0.0606	-0.2223	0.4882	0.0863	0.2360	-0.3518	-0.1750	-0.7785	-0.3681	0.3765	-0.8146	-0.1546	-0.3645	-0.5640	-0.7971	-0.3722	-1.4225	-0.7089	0.5310	1.0307	-0.5374	-0.4856	0.8796	-1.1531	0.4401	0.6588	0.3608	0.3451	0.2127	0.0521	-0.0149	-0.5448	-0.4541	0.0808	0.2192	0.2652	-0.1234	-1.7352
-0.6187	0.4853	0.5534	0.2327	0.2935	-1.0278	-1.3926	0.0388	0.2699	-1.5725	-0.5917	1.2007	1.2462	0.5851	0.2117	1.0494	0.8472	-1.2897	0.8270	-0.7349	0.3292	-0.9117	-0.0106	-0.2061	-0.0922	-0.5205	-0.7035	0.8793	-0.8300	-1.2729	0.7351	-0.4650	-0.6846	-0.3854	-0.0433	0.9849	0.9568	-0.4826	-0.7919	0.3592	0.1467	0.8092	-0.7275	0.4828	0.0034	-0.4190	-1.0267	-0.0575	0.0149	0.0403	0.7528	-1.4774	0.5097	0.9867	-0.0047	1.1718	1.4378	0.1189	-1.2127	-0.2490	0.0534	0.2804	0.5542	-0.3440
-0.0967	1.2145	-0.8704	-0.8786	-0.4914	-0.1051	-0.2089	-1.6340	0.3392	0.4942	1.1371	0.5660	-0.3384	-0.1833	-0.9733	-0.0505	-0.0725	-1.1294	-0.4971	-0.6154	0.3204	-0.1422	0.9939	0.7901	1.2844	-0.9223	0.4864	0.2633	0.6008	-1.6701	-0.8705	-0.0185	0.4747	-0.3315	0.3267	0.1849	-0.3418	0.7725	-0.0799	-0.6270	-0.1482	-0.4741	0.5341	-0.7240	2.1120	0.5661	1.1847	-1.1809	-1.4154	0.8424	0.5792	-1.9966	1.4292	1.5486	0.7955	-0.5452	-1.0427	0.2850	-0.0119	1.1814	0.1348	0.8500	1.4362	0.0393
0.0498	0.1333	-0.4805	0.2071	-0.8020	-0.5793	0.9997	-1.1860	1.5970	-0.5783	0.1351	0.9235	-0.0703	-1.6785	-0.4506	-0.5886	0.0731	0.4179	0.5685	0.2243	0.7542	1.8766	0.4504	0.3373	-0.2860	-0.7801	-1.2563	0.7162	-0.1538	-0.6049	0.4667	-0.9673	-0.1850	-0.2040	0.7899	-0.7317	-1.4446	-0.1237	0.3013	-1.1467	-0.0432	0.6112	-0.3314	0.2120	0.8732	-0.2499	-0.6216	0.3899	-0.1369	-0.5240	-0.9529	0.7825	0.5346	0.5571	-0.6439	0.4295	1.0357	-1.0031	-0.7695	0.0483	0.0604	-0.7030	-0.1139	-0.4550
-0.0111	0.2026	-0.4717	-0.0962	0.6900	0.5159	-0.2106	0.5981	1.5419	-0.4517	-0.2519	-0.4741	-0.4793	0.4989	-0.3381	-0.1762	0.5808	2.1538	0.3769	-0.1810	-0.4876	-1.5077	0.7469	0.4694	-0.6174	-0.1173	-0.1722	1.2548	-0.0200	0.0626	-0.3420	0.0521	0.5819	-0.2893	0.3948	0.6919	-2.0362	0.2220	-0.0053	0.5329	-0.3310	0.2653	0.7714	1.4806	0.6909	1.3361	-0.9663	-0.4461	-0.8851	0.2119	1.5401	0.2327	-0.6839	0.3902	-0.1420	1.6927	-0.2166	0.0778	0.1906	0.0228	-0.8369	-0.1980	1.3290	-0.9227
0.3997	0.5632	-0.9540	-0.0069	-0.3724	-0.9160	-0.3262	-0.8379	0.4274	-0.8753	0.3738	-0.6319	0.5330	1.2076	0.6321	0.2012	0.4693	1.0145	-0.3159	1.2436	0.5011	0.5491	-0.2521	0.4041	1.5727	0.2543	1.7378	-0.9527	-0.9994	0.1353	1.2768	-0.1350	0.8259	-0.3154	1.0147	-0.2885	0.2785	2.0044	-0.5314	-0.6096	-0.1728	0.4884	0.2175	0.4235	0.4311	0.9276	-0.8885	-0.4850	1.0613	-0.6109	0.3474	-0.0084	0.6142	-0.0057	-0.4663	0.3144	0.9579	0.9819	-0.6857	0.3834	0.3193	0.2160	-0.0566	-0.4823
1.3224	-1.3452	-1.3445	-1.5714	-0.3304	0.0841	-1.2617	-1.2498	0.4070	-0.0183	-0.1615	0.5937	1.8916	-0.8353	-2.0004	1.5771	0.4270	-1.9756	-1.3328	-0.8789	0.2054	-1.1134	0.3600	0.2147	0.0202	-1.7597	1.6874	0.1225	-0.2200	-0.3080	0.8187	-0.4203	0.0445	0.7106	0.3726	-0.2106	-0.7600	1.0104	1.2263	-0.1040	-1.0997	-0.0848	1.9000	0.8139	-1.0954	-0.9729	-1.3722	-0.3313	0.6578	1.3252	1.4358	1.5717	-1.2037	-0.1858	-0.7856	-0.3905	-1.2038	-1.7742	-0.7748	-0.9996	1.6633	-1.0867	-0.5818	-1.0618
-0.1701	-0.4023	0.7435	0.5190	0.1132	-0.2821	0.4364	0.0747	0.8168	1.1055	-0.8328	-0.0531	0.6984	-0.2744	0.3991	-0.6569	-0.0517	-0.2422	0.4060	-1.2857	0.0637	-1.8062	-0.5531	-0.7870	0.3678	-0.5676	0.1946	0.6304	0.9145	-0.3121	0.3909	-0.9897	-0.0007	0.0478	0.0897	-1.5586	-0.7380	2.1682	-1.4086	-1.1263	0.8255	-0.2917	0.6713	-0.4280	0.2565	-0.7232	-0.4390	0.1116	2.0906	-0.1604	0.3192	1.0923	1.0168	0.8856	1.1278	0.2565	-0.1626	0.3756	-0.5930	-0.0514	-1.5472	0.0910	0.8433	0.4968
1.0604	0.6524	-0.8324	0.5849	0.8634	-0.4829	0.6115	0.2406	-0.1785	0.0124	-0.0479	0.0619	0.3295	0.0642	-0.0946	0.3429	-0.0126	-0.0639	-0.1996	1.2973	-0.4606	-0.6927	-0.7927	-0.0676	0.7198	-0.7143	-0.2460	-0.0111	0.5895	-0.8213	-0.6199	-1.2376	-0.2651	0.6663	-0.0957	0.7568	-0.4154	0.7605	0.0165	-0.1305	-0.6025	0.1169	-0.3106	-0.2480	-0.4755	-0.5521	-0.0228	-0.0954	0.1072	0.2058	-0.7644	-0.8505	0.0676	0.9282	-0.7041	1.3741	0.2375	0.1121	-0.1002	-0.6652	0.2080	-0.2623	0.3142	-0.3745
0.3574	-1.0046	-1.0967	-0.0092	1.1438	-1.0625	0.4628	0.0499	0.1328	1.2921	0.4865	0.4878	-0.7935	-0.7198	0.4552	0.1939	0.6746	-0.3826	0.6522	1.1277	0.5082	-0.6826	-0.8967	-0.3680	-1.0897	0.1564	0.2936	0.7603	-0.4957	-0.2388	-0.8448	1.9691	-0.3623	-0.3296	-1.0165	0.3041	0.0930	0.2210	0.2589	0.2445	-0.6283	1.3820	0.5914	1.4320	0.8617	0.1947	-0.4832	0.3618	0.8635	-1.1976	0.3962	-1.0091	1.4693	-0.0688	-0.9405	-1.3829	-0.7868	-0.2272	-0.9523	0.3002	-1.0909	-1.5052	-0.3392	0.8265
-0.6934	0.8223	1.5030	0.2554	-0.1767	0.9261	-0.2990	-0.0014	-0.5076	0.4176	1.1436	-0.1773	-0.1360	0.6494	0.7813	0.5861	-0.9848	-0.4183	-0.2873	0.3752	0.0085	0.1222	-0.2450	0.1922	0.6199	-0.2854	-0.7879	-0.5237	-0.4549	0.0346	-0.7059	-0.1425	-0.9617	-0.3327	0.9449	-0.1371	-0.5301	0.1011	-0.0302	-0.2270	0.6092	0.3767	0.6437	-0.1460	0.4475	0.3926	-0.1152	0.9226	-0.6115	-0.4091	0.6610	0.8169	0.9433	0.3692	-1.1482	0.6092	-0.7487	-0.2350	0.1503	-1.3005	-0.0325	0.0758	-0.1992	-0.0784
-1.2771	-0.5268	0.3525	0.0428	0.0036	-0.1719	-0.0095	0.4910	0.2068	0.5563	0.4648	0.6980	-1.6030	1.0216	-0.1662	0.1338	1.1064	-1.5908	0.9762	-0.0202	0.3627	1.2614	-1.3137	1.2112	0.1928	-0.4551	-0.0990	0.6722	0.4804	0.6122	0.5481	0.7581	0.8934	0.1554	-0.1174	-0.6835	-0.3063	1.1446	-0.1789	-0.8033	-0.2940	-1.1781	-1.5375	0.7651	-0.8005	0.4707	0.5049	-0.4290	-0.3695	0.2678	0.5556	0.0614	-0.4369	-0.4451	-1.2475	0.8848	-0.5453	-0.0612	0.3121	-0.9759	0.4812	-0.1621	0.8372	0.1468
-1.2743	1.4523	-0.2545	0.3406	1.4132	0.2202	-0.3430	-0.9825	0.1308	-0.0704	-0.4171	-1.0694	-1.6393	0.0720	0.0818	0.9068	-0.4050	-0.6295	0.5331	-0.6522	0.4188	0.0007	1.4430	-1.0591	0.5159	0.1190	-1.0018	-0.6447	0.1481	-0.2277	1.2521	-0.4679	1.0480	0.3218	-1.3950	0.7297	-1.5200	-0.1112	0.0994	-0.8903	-0.5924	-0.7166	0.2581	0.1334	-1.5069	-0.0959	-0.7047	0.1944	-0.1557	0.0663	0.2573	-0.1544	0.6895	0.2377	-0.5990	-0.9449	0.0582	-0.0168	0.3053	-0.8751	-0.3421	0.5191	-0.9489	0.6709
-0.8048	0.4824	1.4037	-0.4388	-0.5144	0.1318	1.2388	0.7684	0.5463	0.1620	-0.4103	0.5693	-0.1045	0.1068	-0.7186	1.2686	-0.3772	0.0401	0.0404	0.8976	1.1246	-0.0095	0.1479	-0.4911	-0.6803	-0.3819	-0.4098	-0.1319	-0.2392	-0.7294	0.3578	-0.6241	1.0033	1.5226	0.7094	-0.6669	1.2810	0.2544	-1.4695	0.2668	-1.3119	-0.9313	1.4814	-0.7880	-0.3740	0.2925	-0.1685	0.3083	-1.0097	-0.2444	0.7920	0.0921	-0.2303	-0.8584	-0.5186	0.3872	0.1666	-0.4383	1.2294	0.7926	-0.7406	0.5413	-0.1788	-0.6871
-0.4259	-0.4290	1.5563	0.8363	-0.3355	-0.8240	-0.0142	-0.0769	0.2923	-0.1683	-0.3314	0.8524	-0.7053	-0.2833	-0.6493	-0.8831	-0.0603	0.6434	2.0193	-1.4798	-1.5766	0.3525	-0.2085	-2.0231	-1.6151	-0.3860	1.8391	-0.9382	-0.0474	-0.7352	-0.4852	-1.3032	-0.3941	-0.1122	1.3194	0.2679	-0.0550	0.0864	0.8560	0.0458	-1.1509	0.9990	-0.2318	-0.0993	-0.7592	0.3752	1.7288	-1.2182	-1.4275	0.7132	-0.3459	-0.3283	0.1922	0.1316	0.4465	0.2018	-1.7558	0.3743	-0.4723	-1.2123	-0.3385	-0.5925	-1.7896	0.0490
-0.4979	0.7383	0.9674	-0.4329	0.4441	0.0475	0.5780	-1.6510	0.1530	0.0255	0.0427	0.1814	-0.0469	-0.5434	0.7877	0.6288	-0.2110	0.7531	0.4702	-0.0215	-0.1534	0.0114	1.1200	-0.1495	1.5817	0.2796	0.6131	0.5804	1.0704	0.8501	1.1272	0.2049	1.1538	0.0658	-0.8508	0.9429	-1.1270	-0.3093	-0.2889	-0.5973	-0.2360	0.0415	-0.0626	-0.1114	-1.8108	-1.0338	-1.1048	-0.2110	-0.3865	-0.3315	0.1414	-0.3548	0.2075	0.5409	-0.0719	-1.1125	-0.6081	0.2736	0.4597	-0.7568	-0.9361	0.1600	-0.2441	0.3908
0.0762	0.6200	0.6668	-0.3723	-0.4271	-0.3205	0.7786	0.6679	0.8580	0.2007	-1.5279	-0.3786	-0.5949	-1.5189	-0.0549	0.1724	-1.0182	0.0656	0.4486	-0.1598	1.3520	-0.4515	1.0667	0.9337	0.7056	-0.1663	0.5605	-0.2190	0.8514	-0.2032	-0.6383	0.6172	1.6124	-2.0275	0.5026	-0.2926	1.1768	-0.7316	-0.6455	0.1663	1.3782	-0.0926	0.4369	0.6950	0.1602	0.3567	-0.2998	-0.3986	0.7042	-0.2012	0.4517	-0.3813	-0.5441	-0.1398	-0.1462	0.1270	-0.0847	1.3417	-0.9498	-1.2853	1.9342	-0.2668	-0.9944	-0.3126
-0.1534	0.4341	-0.5084	0.3949	-1.9091	0.7591	1.2296	0.7942	-0.5261	-0.5384	0.9341	-1.2229	0.1123	1.6935	-1.1297	-0.7344	0.5341	-1.2042	0.1692	-0.6531	-0.5306	-0.7039	1.0499	0.2802	-0.1411	-0.4624	-1.0521	-0.1889	1.0045	0.6799	1.6924	-0.9316	0.7241	-2.3119	0.2776	0.2583	1.3521	0.6287	-0.1981	0.5018	-0.8723	0.5088	0.3824	1.1160	-0.1731	-0.7854	0.9289	0.7677	-0.2119	-0.4531	-0.6216	-0.5324	0.2467	0.6720	-0.9360	-0.3124	-0.4060	-0.5705	0.4973	-0.2589	-1.5579	-1.1378	-0.7934	-0.7252
-0.3607	-0.9418	-0.3660	0.1947	-0.2307	-1.3569	0.2291	0.7929	-1.3464	-0.1711	-0.9774	-0.1311	-0.2933	1.5024	0.3106	1.2080	0.6086	0.6252	-0.2744	-0.8104	0.1474	0.8774	1.2935	0.9682	0.0071	-1.5680	0.6836	-0.8404	-0.1975	-0.5778	-0.8507	-1.7028	0.1767	0.3174	-1.3061	-0.9243	-1.8522	0.5274	-1.1996	0.9517	0.1580	-0.1064	-0.4967	0.7390	1.9130	-1.1485	-2.1251	0.9982	-0.4647	-0.7643	-1.9280	-0.9611	-0.7624	-0.9184	0.8250	-0.8959	-1.6108	0.3934	-0.3457	-0.3518	-0.0087	0.2098	0.5485	-1.1833
