1.6768	-1.6850	1.3765	-0.2021	-0.0055	-0.9848	1.1132	0.2284	-0.2836	1.0907	0.1170	0.2139	0.1730	-0.0082	0.4857	-0.2663	-0.5312	-0.4123	-0.6182	-1.2946	-0.1071	1.3883	-0.0343	-0.9438	0.5005	-0.7834	0.0255	0.9065	-0.8402	-1.5127	-0.3318	0.4000	-0.1348	0.5570	0.2019	0.9842	-1.3674	0.4634	-0.8954	0.4816	-1.3290	0.3913	0.3199	0.2522	0.5259	-0.5130	-0.1258	0.0985	-0.9889	-0.2986	-0.3340	0.6100	1.5098	0.9698	-0.4212	0.8748	0.0237	0.9415	1.6334	0.3960	-0.7445	-0.7585	1.6467	-0.5574
-1.1933	0.5564	0.7309	-0.6390	0.7144	-0.5552	0.4861	-0.2314	1.0556	1.3044	-0.2431	0.4600	0.8478	0.0448	-0.0781	-0.1352	0.0477	-0.3491	1.2451	0.0493	0.9521	0.5025	0.2851	-1.3962	-0.7180	-0.0959	1.6963	0.2123	-1.3960	0.3528	-1.5687	0.6480	-0.7015	-0.7868	0.7747	-0.8076	0.1181	-1.1090	0.6017	-0.0294	-1.2479	1.0613	1.0487	0.7379	0.7464	0.5830	-1.0521	0.9537	-0.4426	0.9866	-0.4779	-0.2043	0.5117	-0.3516	-1.8431	-0.6437	-0.0758	-0.3101	-0.4627	0.0853	1.0079	-0.2481	0.3028	0.7838
1.0729	0.0541	0.0081	-0.0879	0.7694	1.1746	-0.1332	-0.7343	0.3456	0.2242	-0.2358	-1.2810	-0.3087	-1.1414	0.9602	0.0552	-0.5402	0.0662	0.2028	-0.2212	0.3228	-0.3469	0.7672	-0.6963	0.0328	0.1326	0.2431	-0.7134	-0.1209	-0.0111	0.2521	0.0473	1.3511	-0.1794	-0.4649	0.3048	-0.3264	1.1518	-0.2401	0.1735	-0.2112	-0.3450	0.4725	0.8129	0.5951	1.5901	0.6404	-0.0667	0.5771	0.6783	0.2780	-0.2889	0.1799	0.8788	-0.7913	-0.2841	-0.6389	-0.1182	0.4609	-0.3170	0.8425	0.5483	0.2924	0.7368
0.1468	0.1743	-1.1046	0.2186	-0.3383	-0.0085	-1.3363	-0.2513	0.4218	0.7137	-0.0629	-0.0230	0.5228	0.2956	-0.4520	-0.1549	-1.0427	0.9446	0.7346	-1.5731	1.1638	0.2872	-0.3170	-0.0168	-0.0596	-0.3262	0.4499	-0.6595	-2.2766	0.0302	0.2447	-0.2049	0.2992	0.0567	-0.0401	0.4710	-0.8376	0.7610	-0.2193	0.6145	0.4236	-0.9910	-0.1727	0.9508	0.4497	-0.1809	-1.1734	-0.8406	0.3896	1.0349	-0.7564	0.1419	-1.0556	0.7009	0.1307	-0.5968	-1.0085	-0.3503	-0.1228	-0.0415	-0.7174	0.5832	0.1455	-0.7034
-0.1786	-0.6581	0.3296	-0.3480	-0.5703	0.2383	-1.0189	-0.0711	0.8188	0.8350	-0.4086	0.7985	-1.2086	-0.8726	-0.5817	0.0199	-0.3868	-0.6090	0.7426	0.7773	0.7623	-0.0260	3.6786	-0.3424	-0.1809	0.0019	-1.1526	-1.0908	0.5326	0.7084	-1.2558	-0.2633	-0.1586	-0.5680	0.0791	0.5930	-0.1169	1.1315	-0.5928	0.3248	-0.6173	-0.6427	-2.1064	-0.3767	0.0770	-0.0283	-1.0252	0.8312	-0.5605	0.9005	-2.0485	-0.3242	1.2313	0.5359	0.4182	0.3608	-0.4176	-0.6192	-1.0262	0.4819	-0.5141	-2.0874	-0.1067	-0.1251
0.6733	0.2848	0.6785	0.4112	1.2136	0.2046	-0.1899	0.0597	-0.2183	-0.2908	0.8726	0.2425	-0.0849	0.2592	-0.1980	-1.4067	0.5256	0.0667	1.0590	-0.1039	0.7280	0.2422	0.4905	-0.0511	0.2104	-0.1312	-0.2284	0.8936	-0.6596	1.0311	-0.1718	0.4710	-0.1279	0.0866	0.2938	-0.2270	0.0861	-0.4615	-0.1587	0.9524	0.3474	0.3096	-0.3329	-0.4432	0.2210	-0.1842	0.6888	0.3005	-0.3934	0.3104	-0.1490	-0.7807	-0.4219	0.9723	0.6567	-0.0138	-1.0382	0.3464	0.2604	1.0960	0.7921	0.1621	0.3642	0.1874
-0.1894	-0.2947	0.7783	0.9153	0.1637	0.4097	-0.3119	-0.4264	1.2793	-0.0304	0.7016	1.0755	-0.1414	0.5611	1.2416	0.3918	1.0715	0.1666	0.9435	0.1744	0.0097	0.2303	0.1602	-1.0563	0.1154	0.0932	0.3711	1.3297	0.0553	-1.6102	-0.6608	0.4184	0.2389	0.0852	-0.8724	-0.5294	-0.6729	1.2386	-0.1859	0.3141	-0.2893	-0.2449	1.0765	-1.5136	-0.2164	-0.2110	-0.2320	-0.7742	0.0200	0.1703	-1.3813	-1.2872	-0.4427	0.5984	0.2771	-0.0248	-0.0833	-0.2024	-0.3457	0.6357	-0.7293	1.1058	-1.3571	1.3610
-0.0044	-0.2204	0.7471	1.3137	-0.7322	0.5448	-0.3353	0.0345	0.2048	-0.0423	0.3801	0.2131	-0.7300	0.3978	-0.6210	-0.0841	-0.0287	1.1808	-0.5120	0.1050	-0.0037	-0.8168	-1.2695	-0.3702	-0.3988	0.2984	0.7302	-0.8853	-0.4738	0.1908	-0.1118	-0.3858	-0.4075	0.5984	0.2771	-0.4511	-0.6245	0.0227	1.0756	0.0196	-0.9534	-0.1057	-0.6297	0.2331	0.3985	-0.4107	0.0211	0.6315	1.3790	-0.1823	-0.6972	-0.5258	1.6822	0.4407	0.0183	-1.0447	-0.8267	0.2424	1.0852	1.0478	0.1945	-0.5430	-0.2435	0.9160
0.0168	0.3291	0.0640	0.3258	1.3137	-0.0515	-0.4949	0.4086	0.5819	-0.0685	0.5312	0.3409	0.0262	-0.3009	0.1910	-0.4964	0.0554	-1.3525	0.2190	-0.1572	0.2981	-0.0350	-0.3794	-0.1350	-1.6454	0.9968	0.0454	0.2995	-0.4493	0.7712	-1.6038	0.1616	0.0619	1.2296	-0.3262	0.5987	0.6171	1.2941	0.6314	0.5055	0.8511	0.9954	0.5424	0.5543	-1.0690	-0.1082	-0.4654	-0.7798	0.4939	-0.0834	-0.2992	-0.7331	0.6078	0.3988	-0.6101	-0.4120	-0.6040	0.0407	0.5281	0.1932	-0.7662	-0.0674	0.9409	-1.1230
0.6313	0.9488	1.0798	0.0446	-0.2729	-0.0490	-1.5835	0.5131	-2.1576	1.5428	-0.1752	0.6776	-1.1559	-1.4193	0.1152	0.8847	0.4402	1.1189	-0.4947	0.5880	-0.9981	-0.4747	-0.1511	-1.2749	-1.5691	-0.1791	0.8793	1.4078	-1.1079	1.1018	-0.0393	0.6590	-0.4133	0.9579	0.4265	0.5040	1.0448	-0.9450	0.2956	-0.5954	-0.3912	-1.5987	0.1143	0.3089	0.5860	0.5322	0.1559	-0.2124	-0.0052	0.4037	-0.9781	-0.5702	1.0097	1.6100	0.4943	0.6417	0.9355	0.2291	-0.8015	-0.5232	-0.1715	1.2911	-0.0556	0.1292
0.7163	-0.2139	0.4893	-0.4703	-0.0390	0.4436	0.1636	0.4603	-0.2570	0.4970	1.0527	0.0304	-0.2216	0.0879	-0.1031	0.5233	0.1994	-0.5501	-0.1031	0.5501	0.4173	-1.0253	0.0990	0.1525	0.7966	-0.0692	0.3080	-0.0531	-0.0923	0.0433	0.5689	0.5119	-0.3726	0.1411	-0.6540	-0.0223	-0.3754	0.1713	0.2957	0.3846	-0.3849	-0.6161	-0.2716	1.1390	0.5367	0.8352	-0.2264	-1.1184	-0.2049	-0.1139	0.6175	-1.1799	-0.0517	-0.5776	-0.7976	0.0091	-0.9203	-0.1707	-0.2012	0.1370	-0.6650	-0.2899	0.3594	0.7393
-1.0261	0.1478	1.5708	0.2717	0.0250	-0.7792	0.2928	0.8260	-0.0016	-0.1235	-0.2261	-0.4576	0.9214	-0.3583	0.0405	0.3948	-1.4444	0.0023	0.1492	-0.0884	0.5973	0.3058	-0.1104	0.1500	1.0791	0.3737	-0.5038	0.9439	-0.6352	-0.0307	-1.5629	0.5867	0.7057	0.2390	-0.4146	-1.0941	-0.0197	0.1114	-0.2001	-0.7478	1.3856	-1.4093	-0.7102	0.0441	0.2713	0.6829	1.4564	-0.0155	1.6575	0.8340	0.2426	0.3378	0.6230	-0.8097	0.1077	0.1767	0.0566	0.4191	0.1929	-0.1764	-0.7325	-0.6801	0.1893	0.7645
0.0998	-1.5145	-0.7865	0.3336	0.0363	-0.3031	0.4074	-1.1185	0.8632	-1.0154	-1.1227	0.4636	-0.2711	0.9498	0.5245	-0.9353	-0.4849	-0.1449	0.2486	-1.3486	-0.2578	-1.0432	0.2304	0.9245	0.4495	1.1544	0.9344	0.6647	-0.4082	1.7483	0.8002	-0.0016	-0.5396	1.9001	0.0287	-0.2923	0.1377	-0.5011	-0.9126	-1.3078	-0.7260	-0.1502	0.5129	0.2988	1.4097	-0.5412	0.5793	-1.9177	-0.2936	0.4140	0.3183	-1.1283	0.0316	-0.5606	-0.4374	-0.2168	2.2171	0.2203	0.9225	0.2919	0.5184	0.8680	0.4533	0.4225
1.1316	0.8927	0.0667	0.5659	-1.2964	0.5528	-0.2216	0.1716	-0.5368	1.0493	-0.3040	0.1455	0.8698	0.5728	-0.1618	-0.1110	-1.4521	-0.9731	-0.7912	-0.8179	0.0430	1.2910	1.1443	0.8785	-0.4035	-0.0726	0.8479	0.6479	0.1386	-0.2526	0.2420	0.9062	0.9257	1.0689	-0.2599	-1.3027	0.9726	-0.1959	-1.4373	-0.5578	-1.1452	0.2049	-0.8945	-0.3467	-0.9656	0.2357	0.3354	0.2972	-1.9216	-0.6263	0.5495	-0.1268	1.0577	0.5562	-1.4212	0.5401	-1.3057	-0.4782	0.1225	0.4630	-0.8298	0.3565	-0.6285	-0.1089
0.1855	0.5183	0.2582	-0.9064	-0.7592	-0.3646	-0.6669	-0.1641	0.9626	0.2750	0.6444	-0.1613	0.3709	1.0899	0.9198	-0.1908	0.2989	-0.0535	0.4995	-0.2952	-0.1864	-1.9903	-0.4383	0.4593	0.3466	-0.1996	1.2924	-0.2711	-1.1022	-0.4658	0.6824	0.5266	0.2792	-1.7396	-0.0022	0.9792	-0.0408	-1.5497	-0.8510	0.0420	-0.3376	0.1970	-0.6618	0.1677	-0.2311	-0.6974	0.8321	1.1225	0.5078	-0.6404	-0.5122	0.4300	-0.1434	0.2449	0.2551	0.7209	0.0502	-0.1854	0.6218	-0.3900	-1.3716	-0.0970	0.2396	0.6639
-0.1574	0.6899	0.2982	0.5077	0.2847	0.2261	0.3780	1.1547	-0.1640	0.9962	-0.8122	0.6901	0.2097	-0.4561	0.4254	-0.1725	0.5262	-0.3283	-0.0499	1.0428	0.4445	-0.6550	0.0197	0.5460	1.1924	-0.2599	-1.0613	-0.5325	0.0976	0.8903	0.1746	0.3303	-0.0722	0.4040	0.1491	0.0036	0.4797	-0.9273	-1.3167	0.4476	-0.6402	0.2666	1.2792	0.4331	0.2989	0.2457	0.3130	-0.8503	-0.0773	0.5038	-1.0650	0.9134	-0.6364	0.3270	0.0760	-1.3664	-0.3435	0.7927	1.5000	0.1709	-0.2610	-0.4365	-0.4577	0.1727
-0.5882	0.2087	-0.6133	-0.1161	-0.1855	-2.0548	0.3964	-1.3376	-0.9075	-0.7392	-0.1113	-0.3672	-1.0206	-0.1528	1.3809	-0.6946	1.0545	0.2121	-1.7607	0.1899	2.2847	0.4774	0.1418	0.7252	0.2445	-0.5988	1.1020	0.0521	-1.1097	-0.2041	0.0291	-0.1066	0.8072	-0.5356	-0.1213	-0.8091	-0.0036	-0.4421	1.6202	0.0077	-0.2798	-0.2218	0.9584	0.4742	-1.4060	0.4363	1.0687	-0.5566	-0.2770	0.0341	0.7172	-0.0891	0.5689	0.9463	-0.8300	-0.4152	0.3822	0.5550	-1.1128	-0.1351	0.1127	-0.0538	-0.2739	-0.2659
-0.5901	-0.1383	0.4885	-1.0328	-0.1309	-0.4348	-0.1188	-0.3517	-1.1389	-0.8518	-0.0116	0.6611	0.3940	0.4497	-0.7462	0.0709	0.4552	0.1832	-0.7665	0.3916	-0.0847	0.3979	0.3741	0.2068	1.7861	0.1082	0.1220	0.6708	0.1123	-0.5367	-0.0836	-0.6233	-0.9179	-0.4687	0.8142	0.2205	-0.6551	-0.8025	-0.4314	-0.3226	-0.5168	-0.7011	-0.5679	-0.3317	-0.6107	0.1270	0.3392	-0.9465	0.1010	0.0805	0.3220	-0.3672	0.0068	-0.6656	-0.1314	-0.8272	-0.0467	-1.4624	-0.4137	0.8288	0.0204	-0.2820	0.4097	-0.4606
-0.3365	0.8366	-1.0554	-0.0144	-1.4971	0.0873	0.0223	-1.5517	0.5147	0.3930	-1.8022	-0.4972	-0.1436	-0.3862	-0.1088	0.1506	0.9853	0.1082	-0.3380	0.7469	-1.9517	0.4260	0.5249	1.1478	-0.6452	-0.4082	0.8044	0.4973	1.0027	-0.3108	0.6419	-0.4459	0.6719	-0.0484	-0.0209	-0.5679	0.6700	0.8483	0.1067	0.1499	0.7872	-0.1754	0.5643	0.2687	-0.6582	-0.4567	0.9025	-1.6043	1.5837	-1.1761	-1.2740	0.4528	0.6506	-0.1492	1.3214	-0.6436	-0.1691	-0.9734	0.3467	0.1527	-0.5935	-0.5140	-0.0771	-1.1336
-0.4060	0.7252	-1.6589	-0.9830	-0.7430	0.4968	0.0681	-1.7796	-1.3203	-1.0116	-0.3815	0.3693	1.3237	0.5182	-0.3005	2.1625	-0.8046	-0.1695	0.9690	-0.9001	0.8541	-0.3467	-0.0677	-0.3726	-0.8859	-0.0070	-0.4712	1.2909	0.4139	-0.8283	-0.3765	-1.6973	0.4241	-0.4670	0.1509	0.2781	-0.2365	-0.3550	1.0599	0.3612	0.6342	0.9876	0.0477	0.8069	-0.1299	-0.0425	0.9259	-0.2739	-0.9392	0.4841	1.3482	-1.0071	0.8151	-0.7002	2.2564	0.1476	-0.2901	1.7017	0.6732	1.4579	-0.4240	-0.7906	0.0716	1.6821
-0.5905	0.2683	0.4270	-0.1099	1.1119	-1.9995	-0.1954	-0.5545	-0.2796	-0.6350	-1.2444	0.1010	-0.1964	-0.7852	-0.4031	0.1400	-0.0026	0.2863	0.0046	0.7197	1.3239	-0.7776	-0.8015	1.0602	-0.3677	-0.0944	-0.2084	0.2410	0.8159	-0.4077	2.2525	-0.7682	-0.0387	0.5670	0.0504	-0.7899	-0.0313	1.0695	-0.8720	0.4718	0.0898	0.1318	-1.6925	0.0626	0.4300	1.0432	-0.6345	0.8316	0.1098	-0.1504	0.5300	0.2744	0.4402	0.4356	0.8664	1.2740	0.3062	-0.4448	0.2271	1.2021	-0.2700	0.7526	0.6693	-0.7057
0.1014	-0.0778	0.6306	1.1560	0.3980	-0.2930	-0.7856	-1.4101	-1.1213	1.1931	-0.2179	-1.6558	-0.3439	0.6988	0.4364	-0.0492	0.3198	-0.2156	0.3400	0.0748	0.3121	0.9837	0.1303	0.4201	-0.1581	-0.2210	-0.1756	0.6454	0.1975	-0.1532	0.3388	-0.9956	0.0525	-0.5634	0.6116	-0.1697	0.0416	-0.0366	0.8602	-0.4985	0.3170	0.2557	-1.3570	-0.1866	0.5022	-0.5265	-0.4414	-0.5323	-0.1128	-0.0584	0.1102	-0.1721	-0.9548	-0.7042	-0.2506	-0.6513	0.2790	-0.4354	0.6137	-0.2141	-0.1066	0.4127	0.1526	0.4770
0.3162	-0.4697	0.6055	0.4363	-0.1647	0.1299	-0.1922	-1.1818	0.3748	-1.0566	-0.7267	1.0074	1.6214	-0.2743	-0.0176	0.0400	0.3018	-0.1912	0.5139	1.5365	-0.4227	0.2546	0.4753	0.4614	0.7335	-0.2326	0.6034	0.4567	0.4172	0.7851	-0.7318	-1.2609	1.4164	-0.3814	0.0829	0.8093	-0.8652	-0.4111	1.1798	0.6718	-1.0467	-0.3745	-0.1158	0.0650	-0.0928	0.0737	0.9531	-0.0782	-0.2503	0.3572	1.0506	0.9585	-0.7048	-0.9905	-0.5291	0.6591	-0.3346	-1.1042	0.1856	0.6019	-0.1125	0.6256	0.4932	-1.6219
0.1775	0.0497	-0.0179	-1.1087	0.4889	-0.0050	0.3791	0.6771	-0.5317	0.3840	-0.4721	-0.0578	0.6798	-1.4509	0.6842	0.1502	-0.1229	0.5288	0.1896	-0.5723	0.8784	0.6797	0.0210	0.4594	-0.5119	-0.4634	-0.1156	-0.9604	-0.1175	0.4626	0.2490	-0.1836	-0.1671	-0.4229	-0.8438	0.4902	-0.0848	-0.6398	0.3933	0.2879	0.4179	-0.4282	-0.4864	-0.4621	-0.3954	0.1936	0.3132	-1.5119	-0.5579	-1.4440	0.6762	-0.2265	-0.4359	-0.2899	0.5962	0.2789	2.0151	-1.2197	1.0819	-0.1297	-0.4051	-0.6416	-0.1608	-0.1766
0.2135	0.3635	-0.0107	0.6055	0.4400	-0.7428	0.4837	0.0197	-0.0711	0.3383	0.4123	-0.1643	1.2256	-0.8599	-0.6709	-0.3656	-0.4055	-0.0890	0.2707	0.1054	-0.2161	-0.9481	-0.6419	0.2496	0.1294	-0.5315	0.7997	-0.5964	0.0736	-0.9815	0.8334	-0.2050	0.3100	0.8508	0.5712	0.9635	1.0713	-0.4288	0.2835	-1.1796	0.3235	-0.1144	-0.1851	-0.2829	0.1080	0.0329	0.2904	-0.7430	-0.6937	0.6154	-0.0010	-0.4785	-0.1329	-0.5865	0.0343	-0.2071	-0.5806	-0.2045	-0.3646	-0.6938	0.3551	-1.0350	0.3084	-0.0457
-0.4727	0.8955	-0.9439	0.5062	0.3899	0.3805	0.1544	0.3779	0.6357	-0.8618	0.1258	0.1081	0.5020	0.1013	-0.1588	-0.4891	0.2319	-0.1889	-0.1989	0.8685	-0.4589	0.3545	0.8066	-0.5642	-0.8316	-0.6447	-0.0691	-0.6720	0.1428	0.0041	0.9207	-0.0952	-1.0082	-0.3025	1.4080	-0.0406	-0.4769	-0.1186	0.3845	0.1112	-0.3377	0.2479	-0.5094	0.2509	0.3796	0.4020	0.4929	-1.3554	-0.1051	0.3673	0.8903	0.4491	-0.4569	1.4981	-0.8999	0.3010	0.4803	0.0476	-0.2064	-0.1042	-1.6473	-0.4999	-0.1032	1.1176
-0.6594	-0.2802	-0.0256	0.3578	0.2961	1.0252	-0.0114	-1.0219	-0.6409	0.1584	1.1739	0.1224	-0.2372	1.0207	-1.1353	0.3895	-0.4417	0.5651	-0.4661	0.3485	-0.2423	1.3834	-0.3486	0.0094	-0.3820	-0.4239	0.5055	-1.4564	0.7370	0.0344	0.5309	0.1193	-0.2007	0.2247	-0.5993	-0.8856	0.5588	-0.8568	-1.0293	0.4750	0.9830	-0.2716	0.8229	0.0086	0.2430	1.0706	0.4846	0.0555	-0.6267	1.4888	0.2977	0.1663	0.4821	-0.4293	-0.2842	0.0907	0.6740	0.0666	0.3790	-0.1414	-1.1739	0.1167	0.7085	-0.8153
-0.2192	0.3073	0.7919	-0.3534	0.7544	0.1754	0.6317	-0.1092	-0.0562	0.4689	-0.3530	1.1113	1.3335	0.2958	-0.0494	-0.0544	-0.6268	0.3899	-0.5865	-0.4840	-0.3083	0.3961	0.5431	-0.1503	0.4093	0.2535	-0.0967	-1.0607	-0.0538	0.9828	0.3549	0.4467	-0.3632	-0.9348	-1.1302	-0.0671	0.7594	-0.5327	0.2253	-0.2756	1.0264	0.3246	-0.7518	1.2764	0.4201	-0.1144	0.2398	-0.5904	0.1064	-1.0842	0.5090	-0.2751	0.1386	0.3922	0.6988	-0.0040	-0.0684	-0.7641	-0.2293	-0.5520	0.3676	-0.0854	0.1405	-0.0503
-0.2234	0.4198	-0.0161	-0.5825	0.0113	0.2341	0.1336	0.1121	-0.1164	-0.0839	-0.5926	0.7582	-0.3367	0.2297	-0.0346	-0.3669	-0.9797	0.2674	1.2733	0.1036	0.2652	-0.3335	-0.5967	-0.8563	0.1718	0.2647	-0.5785	0.4898	0.7706	-0.1138	0.9187	1.2975	-1.3032	0.0540	0.9317	-0.2064	0.7006	1.3894	0.0652	0.9011	-0.2736	-0.6396	-0.1109	0.4494	-0.4359	-1.0351	0.5345	0.0062	-0.4837	0.1194	0.5090	0.3063	0.5639	-1.1144	0.0529	-0.5503	-0.7081	-0.5982	0.0939	-1.9577	-0.2782	0.8987	-0.4921	0.3562
0.3920	-0.1951	0.3002	0.1534	0.0332	-0.0796	0.2565	0.4970	-0.5610	-0.0295	-0.0494	-0.0206	0.0297	-0.0055	-0.3500	0.5177	0.0956	-0.2178	-0.4708	-1.2723	0.3190	-1.7047	0.7350	0.0372	-0.8887	0.4605	-1.0500	0.3805	0.4444	0.3379	-0.1562	0.4429	0.2583	0.5435	0.0306	0.9337	0.9300	-0.2002	1.0558	0.2881	0.7733	0.8833	-0.4615	0.2407	-0.8783	-0.0051	0.6477	0.0393	1.0941	0.3639	-0.0506	0.3060	-0.2378	0.0453	-1.5568	-0.3624	0.2388	-0.0879	0.4258	0.0498	-1.4517	0.4811	0.7822	-0.8696
-0.0838	-1.0475	0.3506	0.0272	0.2325	-1.6511	-1.2140	-0.1179	-1.2068	-0.1914	-1.1847	-0.6473	1.9021	0.8769	-0.0500	0.8565	0.7025	1.1021	0.4237	1.1663	-0.9804	-0.0313	-1.1199	0.3927	-0.4278	0.1982	-0.7315	0.1829	0.3048	-0.6898	0.3064	0.0642	0.6737	0.2563	-0.7922	-1.1808	-0.1797	-0.3377	-0.3413	0.9577	0.5053	0.3325	0.6410	0.5209	-0.2812	-0.1283	-1.0279	-0.6047	-0.3485	-1.2177	0.5558	-0.2088	-1.0624	0.4215	-1.9219	-1.0093	0.0215	0.1625	0.7969	-0.9794	-0.0086	0.3541	0.3454	1.1202
-0.6382	-0.4412	0.2170	0.0865	0.2563	0.3309	0.0314	0.8010	0.1052	-0.0637	-0.0040	0.1113	0.5647	0.1657	1.7392	-0.0459	-0.0176	0.0415	0.6843	-0.5814	0.0440	0.3169	-0.2742	0.9350	0.2997	0.5397	0.1152	-0.0894	0.7468	-0.3390	1.2879	-0.0703	0.4502	0.0044	0.0366	-0.4499	0.1733	0.1167	0.8662	-0.4540	-0.8872	0.5445	0.1343	0.6699	-0.5286	0.0137	-0.2761	0.1004	0.3848	0.2688	0.5541	-0.0258	-0.0667	0.2600	0.0355	-0.3376	-0.2756	-0.2364	-0.3010	0.3495	-0.0947	-0.7091	-0.6194	-0.4181
-0.3886	-0.2511	-0.4000	-0.2947	0.2484	-1.2192	-0.0288	0.5736	0.6522	-0.2520	0.2289	0.0622	-2.1254	-0.4181	-0.1959	-0.1463	0.4578	-0.0356	0.4075	0.2988	-0.7092	-0.4614	-0.0533	-0.3705	-0.0766	0.4692	-0.5738	0.1273	0.1702	0.2677	-0.0396	-0.3389	-0.0537	-2.6605	-1.5169	-0.1492	0.0126	-0.0427	0.6643	0.4711	-0.3333	0.1299	0.3425	0.2065	1.7049	-0.5633	0.6109	0.0174	-0.3700	0.8036	0.6576	-0.2648	0.3970	-0.2118	0.2163	-0.6222	0.0293	-0.2793	0.8448	-0.4475	-0.5070	-0.0283	0.9765	-0.6022
-0.7912	0.3483	0.0545	0.0750	-0.6212	-0.0388	0.6844	-1.8443	-0.2931	0.5752	0.7744	0.2071	-0.2878	-0.5052	0.6416	-0.8198	-1.3600	0.1698	-0.1916	0.5357	0.0830	-0.4184	0.3034	-0.2766	0.1890	-0.0753	-0.5100	0.1931	-0.4886	0.7789	0.5674	0.0254	-0.9914	1.0477	-0.4788	0.3442	-0.2015	-0.3806	0.0830	0.6810	-0.1242	0.8850	0.4033	-0.4841	0.0103	0.5638	-0.0722	0.2122	0.7058	-0.7932	0.2555	-0.0492	-0.4066	-0.4018	0.1781	0.4676	-0.7407	-0.3860	-0.1037	-0.1226	-0.4647	-0.0970	-0.0993	-0.1988
0.3248	0.0195	0.4548	0.0658	-0.2096	0.5074	-1.1660	-0.3560	0.4484	0.3064	0.0808	1.5208	0.1300	-0.3438	-0.0801	0.6102	-0.2711	0.1595	-0.7063	-0.3752	0.0632	-0.5584	0.4157	0.2577	-0.5074	0.9936	0.0618	0.1692	-0.2455	-0.5975	2.1912	1.0954	0.2899	-1.2914	0.4262	-0.7248	-1.2021	-1.1763	-0.1498	0.4542	-0.6604	-0.7435	-0.3371	1.0154	-0.0635	-0.0382	0.6070	1.6445	1.1912	-0.8858	-0.7879	-0.0293	-0.3241	-0.8855	-0.2849	0.2562	1.3596	0.4964	0.3856	0.0722	-0.2305	0.1112	0.0389	0.4331
-0.2212	0.3050	0.8195	2.2006	0.5145	-0.9868	0.8697	-0.8743	-1.0416	0.3768	0.8045	-0.0186	-1.1400	0.3266	-0.2756	0.6227	-0.6527	-0.6724	-0.9076	0.0091	0.5418	-0.4522	0.2925	1.3392	-1.0905	1.2354	-0.3085	-0.5332	-0.9163	-0.8335	-0.4331	0.7240	0.2509	-1.6804	-0.5297	1.0633	-0.2489	1.1586	-0.6311	0.1133	-1.6674	0.1880	0.9754	1.4232	-1.2075	-0.2113	0.1982	-0.8261	-0.3557	0.2915	0.1112	0.5873	-0.1647	-1.0887	0.5570	-0.2840	1.1138	-0.4702	-0.2405	-0.3420	0.1174	-0.3224	-0.2157	0.3480
-0.2289	-0.6327	0.6991	-0.0443	-0.6526	0.7869	-0.5763	0.5598	-0.9421	0.9550	0.4860	-1.3267	-0.3025	-0.4574	0.5734	0.1049	-0.1989	0.8411	2.4995	0.3744	-1.8744	-0.6474	0.7484	0.5943	-1.6241	-0.0814	-0.1997	0.3725	-0.7075	-0.5158	-0.8439	1.0115	-1.5920	0.5726	-0.5960	0.4088	-1.1698	-1.3198	0.9299	-1.5950	0.1441	-1.4659	0.5194	1.6587	-1.0860	0.1596	1.2149	0.4391	-1.0573	-0.1740	0.0373	-0.5972	0.2519	0.6155	0.8537	0.2119	0.6841	-0.2850	-1.3591	0.0564	-0.0920	1.1534	1.2081	-0.9507
-0.0744	0.4045	-1.1359	0.2157	-0.4894	-0.3872	0.8054	-0.3374	-1.1418	0.8006	-1.5915	-0.2633	0.3444	0.4168	-0.1368	0.9142	-0.3433	0.3660	-0.2999	-1.8932	0.7035	-0.9598	1.5002	0.0990	0.7961	0.5426	0.8021	-0.2071	1.9952	-0.9333	-0.2465	-0.1812	-0.7139	0.2516	-0.9423	-0.1263	-1.0933	-1.1010	1.3197	1.3764	0.4788	-0.2654	0.7110	0.3688	-0.5103	0.0945	0.3084	1.2496	-1.0567	1.6034	0.0303	-0.4258	-0.7238	-0.3208	1.6105	0.2158	-0.7153	-0.6419	0.9647	0.8278	0.2381	-0.3258	0.4990	2.1788
1.2438	-0.0916	0.6569	-0.3996	0.7353	-0.5850	-0.3718	0.5675	-0.4798	-0.7758	0.4284	-0.0725	0.5019	-0.3575	0.1459	-1.6363	0.0892	1.2478	-0.6023	0.0996	-0.6174	-0.0128	1.7220	1.0754	-0.6171	-0.6773	0.5216	-0.8969	0.4838	-1.3256	-1.0825	0.0589	-0.4698	0.7020	-0.3032	-0.0202	-0.1300	-0.1992	-0.1024	0.6514	-0.8170	1.1602	-0.2457	0.6899	0.7333	0.2656	0.5186	1.0179	0.7725	0.6204	0.1097	-1.7962	-0.0242	-1.5842	0.4659	-0.8231	0.3974	0.7215	0.3068	-1.2199	-0.8956	0.5233	-1.9274	-0.4636
-1.0205	1.0205	-1.2388	-0.8386	1.5115	-0.0607	-0.8368	0.5309	-0.6188	0.7365	0.5084	-1.0179	-1.0166	0.5704	-1.1450	-0.0871	-0.6284	-0.8571	-0.6360	0.3302	-1.2760	-0.0465	-0.0148	-0.8600	0.7124	0.9057	-1.2978	0.0566	-0.1124	-1.2796	0.0998	1.1118	-0.0854	1.3045	-0.3195	-0.1017	0.0105	-0.9293	-0.1830	-0.4438	-0.1304	0.8997	0.5744	-0.6963	0.7271	-1.3206	-0.4784	0.0734	0.1775	-0.8732	0.0415	-0.4391	-0.4731	-0.1491	0.0232	1.5452	0.3508	-0.4425	-0.1244	0.6329	0.0016	-1.3506	-0.6783	0.3922
0.3316	0.0601	-0.7629	0.1427	-0.5956	-0.3451	0.0603	0.5312	0.7475	-0.0455	2.0143	-0.2413	0.5824	-0.2419	-0.4385	-0.1120	0.4066	0.6719	-0.5014	0.0301	-0.5165	0.7756	0.3538	-0.2868	0.5517	0.5761	-0.0055	1.5864	-0.1793	0.3719	0.4244	-1.0579	-0.1355	0.6325	-0.3250	-0.0436	0.9805	0.3011	0.2150	-0.3341	-0.4172	0.2964	-0.2006	0.8118	0.4843	1.4073	-1.0933	0.4668	-0.0756	0.0356	-0.2798	1.6480	-0.5015	-0.5434	1.0870	-0.0605	0.5536	-1.1492	0.5036	-0.7356	-0.4135	-0.4082	0.2525	1.1373
-0.5257	-0.3070	-0.6702	0.2374	0.0760	0.8479	-0.4188	-0.1772	0.3336	-0.0560	1.1200	-0.3957	0.1230	-0.8332	0.4098	-0.4267	-0.3131	-0.4020	-0.3417	-1.2828	-0.6655	-0.6624	-0.8296	-0.3263	0.1945	-1.9390	0.2863	0.0129	0.7412	0.8767	-1.0593	1.3406	0.6273	-0.8948	0.6507	-1.2152	-0.0830	-0.4002	-0.4054	0.2227	-0.4218	-0.1221	-0.1097	0.2425	-0.6041	0.3648	0.1014	-0.0114	0.6121	-1.0411	0.5127	-0.1789	-1.4123	-1.6088	-0.0441	-0.7467	-0.2822	-0.0465	-0.9485	0.0497	-0.5476	-0.9191	0.9244	0.8823
1.1374	-0.9751	-0.4742	0.1366	0.4372	-0.2545	-0.3344	0.7185	0.6001	1.0625	0.2666	-1.1574	1.4637	-0.0399	0.8916	0.3497	-0.0004	0.6333	-1.1281	0.4307	-0.1191	-0.4824	-0.0942	-1.7489	-0.4656	-0.1613	-0.6173	-0.3010	0.2220	1.2244	1.8769	-1.0822	-0.6126	-1.0594	0.6087	-0.1744	0.3970	0.4153	-0.7136	-0.0585	-0.7370	0.3420	1.3050	-0.5993	-1.1843	-0.6779	-0.4731	-0.0406	0.0943	0.8245	0.8844	-0.8727	0.6198	-0.9523	0.3661	0.0104	0.1054	-0.4636	-1.0545	1.4727	-0.1258	-0.1891	-0.4054	-0.9173
-0.3719	0.9608	0.7205	-0.0903	0.3526	0.2259	-0.1873	0.1108	0.6745	-0.0840	0.8515	-0.0265	0.2651	0.0895	-1.0665	1.0551	-0.0072	-0.0646	0.4464	-0.4653	2.1524	-0.2597	0.4202	-0.5284	-0.0509	-1.0339	-0.1505	-0.7929	1.0975	0.2900	-0.6150	-0.9046	-0.4610	0.5485	-0.4414	-0.3480	0.1391	0.2566	0.5067	-1.0717	-1.4609	-0.9859	1.0907	0.5454	0.4685	-0.4119	0.8502	-0.1449	-0.3446	-1.3711	0.0925	0.3315	-1.1142	-0.2685	-0.1053	0.4692	0.2531	-0.4254	1.1135	0.0437	-0.1548	0.4761	-0.9551	-1.1853
-0.5010	1.3103	1.2144	-1.5108	-0.5141	0.3127	-1.6177	0.7659	0.3538	-0.1027	0.3063	0.8953	0.1411	0.9323	1.4304	0.9269	-0.1544	-0.2263	-0.3713	-1.8003	-0.3167	-0.5805	1.3157	1.1782	-0.2929	0.4260	-0.4895	0.0624	-0.3346	-0.2967	0.4050	-1.1443	-0.9264	-0.4449	0.1950	-0.1990	0.6088	0.6585	-0.0693	0.7784	0.1568	0.2460	0.3504	-1.1737	0.3998	1.1781	-0.0352	-1.4118	-0.8308	0.4435	0.5792	0.7819	-0.5689	-0.9316	0.4080	-0.6342	-0.3604	1.8071	-1.2201	-0.7968	0.7016	0.4568	1.1080	-0.5470
1.7899	1.4276	0.2094	-0.3857	-0.3830	0.4578	1.1842	1.3819	0.8962	-0.5927	-0.3649	0.1354	-0.0118	1.5652	0.6356	0.2858	-1.2984	0.2789	-0.9613	1.7639	1.0368	0.1515	-0.6486	-0.2941	-0.6145	-0.3662	0.1206	1.2051	0.5270	-0.1991	0.8050	-0.3257	-0.6650	-0.0256	-0.6752	-0.0047	-2.2094	-1.0042	0.7100	-1.1594	1.2591	0.6675	0.2331	-0.3488	-0.2859	0.2619	-0.4646	-0.2546	0.2086	0.5661	-0.4053	-0.0421	0.4577	0.1206	0.1364	-0.8393	-0.3869	-0.4473	0.3423	-1.3044	0.6086	0.8925	0.3486	-0.8053
-0.6314	-0.2932	1.1861	-0.8880	-0.3180	0.2486	-0.3579	0.2814	0.9861	-0.8549	0.8505	0.0137	-0.7129	-0.2011	1.5537	0.7074	0.2756	-1.3867	0.0951	1.2337	-0.0093	0.2906	1.4495	0.5317	-0.7502	-0.5266	-0.0388	0.1094	-0.1785	0.4805	-0.0286	0.4066	0.5437	0.5204	0.2381	0.0221	0.4941	-0.0959	-1.2620	0.2143	1.0236	0.2173	-0.3652	-1.2572	-0.2306	-0.1134	-1.0304	-0.6665	-0.9484	-0.3699	1.9616	0.4909	-0.9481	-0.9755	0.8317	0.2488	0.5421	1.5461	-0.6871	-1.3773	1.1530	-0.5711	0.4128	-0.0792
0.1204	1.3807	-1.2255	0.3256	-0.2912	-0.2108	-0.0020	-0.7289	0.0716	0.9688	0.6321	1.1422	-0.0128	-0.0133	-0.1175	0.1836	0.1482	0.0644	1.4156	0.6048	0.0299	0.3061	-0.6280	0.6056	0.3351	0.1456	-0.2253	-1.2662	1.2747	0.0413	-0.4614	-0.0745	0.9160	-1.5155	0.8598	1.0309	-0.5027	0.0515	-1.1752	-0.9503	0.7358	-1.4830	0.7639	-1.0103	0.2893	-1.0967	-1.4629	-0.2024	0.3004	-1.3239	1.0018	0.0890	1.6114	0.8195	-1.9215	-0.0267	-0.4673	2.0102	-0.6943	0.6431	1.7083	1.2694	1.0020	0.1789
0.1583	0.3576	-0.0239	-0.1009	-0.1850	0.0185	-0.3025	0.2658	0.5053	0.8532	0.3635	-0.7652	-0.6257	-0.1251	-1.0467	0.4192	0.9837	-0.2894	1.0260	-0.2611	0.3164	0.4864	-0.1395	0.7415	1.0988	0.1910	1.0119	-0.7081	1.2510	1.1196	0.5082	1.7584	-0.1543	-0.2673	-0.1241	0.5986	-0.5395	-0.4189	0.0427	-0.1560	0.9491	1.3256	-0.1946	0.2263	0.1706	1.2331	-0.3951	-1.1900	0.3724	1.0386	0.4610	0.5425	0.9010	-1.7637	0.0344	1.0563	0.1721	0.1760	-0.8892	-0.0474	-0.9551	1.3411	-1.7997	-0.1392
-0.4871	0.6890	-0.2645	-0.4534	-0.2432	0.8701	1.6592	-0.0254	-0.9090	-0.0752	0.7488	0.7388	0.4517	-0.0392	0.8045	-0.7689	0.8273	-0.3686	0.1044	-0.3600	0.0753	0.0221	-0.2731	0.6621	-0.6216	-0.6211	-0.7244	0.4222	0.5303	-0.6030	0.4769	0.5150	0.0363	-0.3510	-0.2226	-0.1762	0.3748	0.3323	0.0302	-0.4490	0.0462	-0.2576	-0.5675	0.4728	1.3055	-0.6967	-0.8494	0.0632	0.0533	0.9077	-0.6525	0.0057	-0.5327	-0.5295	-0.3133	0.6019	0.2860	-0.2592	-0.1766	0.9676	-0.0289	0.1344	0.1636	-1.0603
1.7300	0.2776	0.6179	-1.0841	1.5452	-0.5792	0.6750	-0.7778	0.1626	-0.9314	-0.0504	-0.7914	-0.4240	1.5329	0.4063	-0.1742	-0.2486	-0.5475	0.4864	-0.9712	-1.2931	-0.4315	-2.0939	0.9743	-1.1928	-0.1833	0.0757	-0.7883	0.2221	-0.0303	-1.6301	-1.0688	-0.4543	0.0872	0.6819	-0.5096	0.7176	0.8513	0.0600	0.4965	0.0917	-1.2437	-0.3047	-0.2737	0.8784	0.9193	-0.5369	-0.1223	-0.0170	0.0046	0.8006	0.5248	0.9734	0.4747	0.1213	1.0716	-0.0895	-2.1620	-1.3871	0.3850	-0.0678	-0.6396	-0.9533	0.3362
0.0024	0.3337	-0.2272	0.1167	-0.3010	1.5619	-0.7785	0.1815	-0.7615	0.8515	0.2843	1.0386	0.0314	1.1074	-0.7767	-0.4515	-0.6640	-0.4550	-0.4756	0.8002	0.5069	-0.7213	-0.7290	0.6449	1.8260	-1.3446	1.0265	0.0092	0.0021	-0.0231	-0.4131	-0.7241	-0.1234	-0.9077	0.1199	-0.6223	1.1357	1.7340	-0.0773	0.7283	0.9748	0.7770	0.6643	-0.3151	-0.3842	0.1214	-0.2501	0.5366	0.4483	1.2019	0.3767	-1.3180	-0.0569	0.6440	-0.6353	1.5130	2.4703	-0.3964	1.0804	-0.8878	0.1476	-0.8387	0.3973	-0.1471
-0.3944	0.4061	-0.1631	-0.2060	-1.2059	-0.8233	0.5880	0.7046	-1.2278	-0.5932	0.7780	-0.8010	0.5171	1.1958	0.0320	0.0743	0.1065	-1.2945	0.6921	0.2316	-0.9103	0.5994	-0.1242	-1.3920	-0.4201	0.1447	0.5860	-0.6138	0.1923	0.8391	0.6695	-0.3102	0.1358	-0.2691	-0.6100	-0.2842	-0.1900	0.3536	-0.4835	0.5017	-0.9109	-0.1271	-1.2415	-0.0043	-0.2853	0.5850	1.0121	0.0244	0.1076	-0.0895	-0.7315	-0.7596	-0.4542	-0.0645	-0.1694	1.2270	0.4705	0.5025	-0.0376	-0.7163	1.7180	-0.1762	-0.4846	0.0317
0.8116	-0.8162	-0.8378	0.2008	-0.8585	-0.0782	0.1335	0.7555	-0.1046	-0.2082	-0.0749	0.1814	-0.5403	0.1445	-0.5771	-0.0328	0.4865	0.0610	-0.4915	0.4041	0.0864	1.1300	-0.4047	0.3962	-0.2370	-0.0103	-0.5768	-0.1753	-0.0291	0.3291	-0.6868	0.8963	0.0348	-0.0399	1.6582	0.0685	0.3367	-0.0536	-0.2338	0.3016	0.6359	-0.5710	-0.0759	1.6427	-0.2980	-0.3080	0.3032	-0.0513	-0.1871	0.8535	0.3410	-0.5786	-0.9248	0.0139	0.2013	0.7927	-0.4870	-0.2795	0.8468	0.3614	1.2970	-0.4243	-0.5309	-0.1618
0.0556	1.1068	0.4580	-0.4506	1.6045	0.0623	-0.0067	0.2954	-0.4820	0.3613	-0.0588	1.2190	-1.1095	-0.4322	-0.6834	-0.0384	1.5172	0.5265	-0.6131	-0.2165	-0.5230	0.9684	-0.5046	-0.5442	-0.3589	0.1403	0.4807	-0.5648	0.4754	-0.1204	0.3963	-0.8408	-0.1289	0.2828	0.0676	-0.0881	-0.5244	0.4993	-0.3206	-1.0830	0.2478	0.6480	-0.4161	0.7357	-1.1345	-0.0851	0.1930	0.3081	0.8919	-0.0109	1.1732	-0.1984	-1.0190	-0.2915	0.0204	1.3775	-1.1477	0.1221	0.1162	-0.0482	0.3040	-0.5613	1.2240	0.0523
0.3757	-0.7547	0.4901	-0.3006	0.5310	0.0022	0.8954	0.1048	-0.5091	-0.8524	-0.0433	0.3157	-1.0701	-0.4167	-0.2575	1.4022	-1.3451	-0.0111	0.0213	-0.7211	-0.7148	1.9384	-0.0812	-0.7465	0.5612	-1.2191	1.1762	0.3731	0.4626	-0.2021	1.1136	-0.4206	0.0356	-0.1049	-0.1012	0.3883	0.9155	-0.1098	0.1896	1.1910	0.4918	0.1521	0.8441	0.2621	0.4592	-0.1741	-0.1774	-0.5189	0.1393	0.2900	-1.1994	0.3383	-0.7021	-0.4346	-1.0535	0.3071	-0.0476	0.4858	-0.3247	0.0135	-0.3544	-1.2236	-0.4368	-0.4865
0.3685	0.4841	-0.2374	0.2690	0.4050	1.6335	0.9997	0.3204	0.5728	-0.5082	-0.4830	-0.3248	-0.0689	0.0842	-0.6227	0.5557	-0.4138	0.2348	-1.0653	-0.1488	0.6565	0.7972	-1.7530	1.3896	-0.2666	-1.0136	-1.7192	1.5663	-0.8655	0.0629	0.4783	-0.7687	-0.4916	-0.8476	-0.7973	0.5125	-0.9534	-1.7606	-0.2811	-0.7167	-0.5613	0.1525	0.1393	-0.5525	-0.0738	0.5018	-0.0148	0.1242	0.1820	0.5699	-0.2240	-1.0975	-0.0949	0.0467	-0.7091	0.5921	-0.7285	-0.0257	-0.8048	-2.3763	0.3313	0.3475	-0.6290	0.1780
-0.8448	-0.8680	-0.4585	0.5465	0.3534	0.4880	-0.1908	0.4135	-0.5839	-0.0352	0.5875	-0.4514	0.7677	-0.5954	-1.0109	-0.6113	0.2363	0.2304	-1.3483	-0.5250	-0.4039	-0.7141	0.1039	-0.1575	-0.6414	0.1377	1.7354	1.2252	0.0718	0.2292	-0.0668	0.5713	-1.0161	-0.8125	-0.4462	0.3240	-1.2512	1.3519	-0.4719	0.0609	0.7869	-0.3311	-0.2276	-0.4641	1.0195	-0.2613	0.2176	-0.2668	-0.1364	-0.3430	0.9431	1.6147	-0.1419	0.6234	-0.7997	-0.0372	-0.4082	0.3081	-0.3693	-0.4526	0.8938	-0.7170	-1.3473	-0.8743
-0.9626	-0.6506	-0.8393	0.6865	-1.0810	-0.7013	1.9019	0.6879	0.0189	1.5588	-0.3267	-0.0013	-0.0648	1.0331	0.5088	-0.0407	-0.0478	-0.6261	-0.4834	-0.3437	-0.6442	0.6518	-0.1419	-1.3196	0.6481	0.3793	0.0649	-0.9496	1.5464	-0.2673	-1.1608	-0.8703	-0.7372	-0.2193	0.3410	1.5957	0.2648	-0.1033	-0.1668	-0.6015	-0.2121	-1.3132	-0.1110	0.2298	0.5061	0.4227	-1.0350	-0.3658	1.6670	-0.5897	1.2739	-0.7891	-0.6377	0.8178	-0.1233	-0.1751	0.4696	1.4274	-0.8358	-1.4324	-1.0908	0.3767	-0.1839	-0.0574
1.7347	-0.7556	-1.0093	1.9096	-1.0447	0.3020	1.4092	0.8183	-0.5589	-1.0888	-0.2375	1.8005	-0.6141	-0.2340	-0.8346	1.0712	0.7575	-0.1222	1.0348	-0.3972	-0.0932	-0.9336	0.6054	-0.4633	1.4601	-0.7525	-0.2498	-1.3016	-1.4333	-1.1067	0.3546	0.5024	-0.5473	0.3678	-0.2457	-1.1775	-0.1086	0.1644	-0.4221	-0.4093	0.4451	0.6167	0.5862	-1.4289	0.7145	0.4329	1.1870	0.2701	0.7817	-0.9493	0.5358	1.3721	-0.3443	0.2757	1.2237	0.7565	0.0574	-0.2948	-2.0630	-0.2318	0.0919	0.3839	0.1481	-0.2109
0.1134	-0.9269	-1.1191	0.5560	0.6971	0.0237	-0.3783	-0.0519	1.8484	-0.4268	0.3102	-0.6750	-0.1979	0.2530	0.1628	-0.2889	-0.4027	-1.3120	-0.5315	-0.4530	0.5408	-0.4569	-0.7218	-0.7208	0.8256	-0.8267	0.1486	-0.0769	0.9490	-0.5182	-0.2171	0.6164	-0.3913	-1.5983	-0.0974	-0.7436	1.0905	-1.2604	-0.1446	0.1738	0.3407	-0.1737	-1.3480	-0.1459	0.1721	-0.0856	0.3548	-0.3690	-0.2215	-0.4508	-0.5348	0.5792	-0.0423	-0.1302	0.3547	-0.3909	-0.4794	0.4989	0.0731	0.4730	0.1407	0.3145	0.4728	-0.6376
-0.4315	-0.4206	-1.0934	-0.1023	0.4697	0.9670	0.0441	0.2480	-1.2290	-1.2632	-0.8517	-1.1046	1.1413	0.0758	1.9075	0.9841	1.1077	0.2207	-1.6741	0.8176	0.8189	0.2044	-0.2929	-0.4533	0.8031	-0.8388	0.6196	-1.1634	-0.4783	0.7877	-0.9860	-0.3532	-1.4592	0.9307	-0.1028	1.1794	0.5738	0.8667	-1.0393	-0.7535	0.9302	0.1815	-0.3081	0.3603	0.6018	-1.3469	-0.4414	0.6400	-0.7063	-0.5966	-1.5726	0.7314	0.7699	-1.7453	-0.6497	1.2714	-0.8979	0.1019	-0.8898	0.2410	-0.8579	0.9958	0.5347	1.0564
-0.8350	-0.9341	0.1659	-0.7198	-0.4153	0.6926	0.7340	-0.0424	0.9982	-0.2807	-0.4486	-1.0381	0.0618	-0.2352	-1.8963	0.9856	0.1004	0.2842	-0.9093	-0.0818	-0.2030	0.1353	-0.5335	1.7305	-0.4493	-1.1132	-0.7246	0.7958	-0.4085	0.3869	0.3311	-0.2638	-0.9532	-0.9341	-0.7088	0.2059	0.7518	-0.1897	-0.4174	-1.0157	-0.3571	0.6562	0.1085	-0.8953	0.4205	0.3615	0.3707	0.5623	0.7002	0.0781	0.0798	-0.9640	-0.9821	0.7568	-0.8783	0.3559	-0.9488	0.5096	-1.0471	-0.2624	0.5677	0.8115	-0.5730	0.8946
0.3748	-0.0554	0.2395	-1.4313	-0.3774	0.7780	-0.0450	-1.3436	0.6830	0.8273	0.5672	0.0221	0.3497	-1.3906	0.7172	1.2127	0.2907	-1.3542	-1.0524	-0.0782	-0.6592	0.4299	-1.3409	-0.5591	1.2163	-0.5648	-0.4435	-0.9344	-0.2307	-1.3348	0.2414	0.2405	-0.2216	1.1669	0.1838	0.5094	-0.5036	0.5181	0.0115	0.0000	0.7177	0.3036	-1.0911	0.3699	-0.2504	-0.3684	1.0496	0.6893	-0.0606	0.6227	0.8429	0.6120	-0.4323	1.0019	-0.3589	-1.3033	0.9143	0.1420	-0.4003	0.1882	0.5514	0.8494	-1.3277	-0.2261
-0.2027	-0.5219	-0.3954	0.0217	1.2802	0.9481	1.1844	0.0056	0.3350	-0.2962	0.3803	-0.1011	-0.3678	0.4969	-0.6395	0.8824	0.7260	-0.9723	0.0025	0.5300	0.3942	-0.1909	0.9989	-0.0164	-0.2566	-0.6011	0.6442	0.0347	-0.1313	0.9205	0.6231	0.4416	1.2981	0.5614	-0.0965	0.8255	0.7009	-0.4619	-0.0375	-0.0814	0.3148	-0.8118	-0.6005	-0.3884	-0.0894	-1.1929	-0.4668	0.8866	0.5129	0.1300	0.8607	-0.1204	0.6572	-0.1203	0.6937	-0.8873	0.2819	-0.3746	-0.3406	-0.7128	0.2450	-0.6763	-0.7281	0.4449
0.0705	-1.1072	-0.8510	-1.3124	-0.3072	1.1248	0.3748	0.8853	0.0764	0.4706	-0.6663	-0.2658	-0.4554	-0.2046	-0.3036	-1.0286	0.4416	-1.0016	0.7497	0.2766	1.0197	0.7725	-0.4855	-0.0981	-0.5441	0.8319	0.6567	-0.2433	-0.7056	-0.7332	0.5840	-0.4164	-0.2971	-0.1251	-0.1017	0.0391	0.4870	-0.1691	-0.4454	-0.1981	1.0721	-0.6566	0.5838	-0.8784	0.2568	0.8492	0.6174	0.6718	0.3649	-0.7034	0.6380	0.2781	-0.6495	-0.9516	-0.7556	-0.5716	-0.3128	-0.1913	0.4148	0.7310	-0.4038	-0.0984	-0.1852	0.3384
0.0750	0.2414	0.1652	0.1068	0.1399	0.9738	1.6777	-0.4521	0.6332	-1.2292	-0.7641	-0.7568	0.2719	-0.2615	-1.2724	-0.5857	0.8191	-1.4343	-0.1429	-0.8876	-2.0304	-0.3241	0.6244	0.0123	1.5701	0.4907	-0.3006	-1.0716	-0.9496	0.2137	0.0614	-0.0519	-0.9776	-0.8419	-0.5321	-1.2829	-0.2127	0.6780	1.6714	-1.1676	0.6383	-1.0786	0.4180	-0.1846	-2.3072	0.3051	-2.1225	0.5862	-1.5998	-0.1202	-0.3044	0.3804	0.0855	-0.6764	-0.4177	-0.1231	-0.0292	1.7815	1.4588	-0.1525	-0.4274	-0.2048	-0.7184	0.1122
-0.4386	-0.7231	-1.3395	-0.9842	0.3443	-0.4582	-1.4917	0.1015	-1.1126	-1.7195	-0.4904	-1.1976	0.4213	-0.5904	-1.4842	-0.4457	0.2049	-0.1899	0.5044	0.9397	-0.4417	-0.6705	-1.2018	-1.8084	0.9659	0.6698	-1.4212	-0.2482	0.6831	-0.8197	-0.1176	0.9421	0.8038	1.0592	-2.0253	-0.6927	-0.6116	-1.6032	-0.5955	-0.4954	0.9611	0.8328	1.2263	1.4825	0.4869	-1.0044	-1.9366	0.0073	1.3811	-0.4820	0.0761	-0.2083	-0.4691	1.4053	-0.7137	0.0206	0.7519	-0.5397	-0.6351	0.2590	-0.0281	-0.8822	-1.2374	0.2723
0.7699	-0.6724	-1.0901	-0.0775	0.1881	0.9262	2.4473	0.6146	-1.1055	0.2443	0.8533	-0.2577	0.0365	-1.2885	-0.0195	2.0150	-0.3819	0.9620	0.4897	0.4966	0.0744	-1.0261	0.0995	0.0774	0.6837	1.9182	1.1198	-0.7223	-1.1730	-0.5128	-0.8599	-0.6738	0.5199	-0.5069	1.4671	-3.0575	0.2552	-0.4012	-0.3483	0.0775	-0.3173	1.5917	-0.4291	-0.4078	0.6706	-1.0084	0.1662	-1.0263	0.0456	-0.2574	0.3186	0.3207	-0.8768	0.3919	0.7137	0.5532	-0.4795	-0.0937	-0.6634	-0.9091	-0.8089	1.2201	0.1107	-0.6876
1.3150	0.3483	-1.3367	-1.1429	0.5876	-0.8287	0.2770	-0.3233	-0.5382	0.4084	1.5247	-0.4556	0.2502	0.0319	-0.1709	0.3938	-1.5400	0.9507	1.1324	1.0082	-0.3083	0.2898	0.8601	1.7144	0.6947	-0.0158	-0.1978	-0.6944	0.7975	1.0827	0.4504	0.5519	-0.6902	-0.4224	0.7893	0.2720	-0.0208	0.6976	0.4635	-1.0075	0.3085	-0.4620	0.3261	0.2389	0.2996	-0.3650	0.3221	0.7654	0.5225	-0.8801	-0.0377	0.8855	0.3422	0.2811	-1.2598	-0.8003	0.5113	1.3334	-0.5118	0.6136	0.4227	-0.6376	0.8906	-0.0213
-0.6286	0.2744	0.6871	1.0710	-0.0968	0.4071	1.1657	0.8823	1.6060	0.2290	0.1203	-0.1399	-1.3976	0.0607	-0.0600	-0.1416	-0.6317	1.8498	0.0358	-0.4785	-0.2277	-1.2089	0.8958	-0.1755	0.5098	-0.4166	-0.7437	0.4601	0.0324	-0.5383	0.2597	-1.6410	0.4857	0.2216	0.8827	0.4015	0.1370	-0.3506	-0.4460	0.6853	2.2810	0.6053	-0.1947	1.8386	-0.0421	-0.3399	0.2082	0.0253	-1.4310	-1.0057	0.6406	0.1229	-0.0926	-0.5185	-2.3688	-0.2898	0.6160	-0.4532	-0.9805	1.1031	-0.6934	-0.3966	-0.8599	0.2839
-0.7441	-2.3329	0.7834	-1.9730	0.2439	-0.0825	1.0555	0.7425	-0.5806	1.0307	1.6538	-0.2441	0.4737	-0.9389	-0.8856	-1.1069	-0.2964	-1.1557	-0.4991	-0.5461	-0.0170	-0.6436	0.4681	0.4698	0.1228	-0.1611	-0.2170	-0.8981	0.5371	0.6307	0.6949	-2.0804	1.4365	0.1415	2.5632	-2.0213	-1.7372	-0.5829	0.8377	0.4199	0.9347	0.4033	1.1415	0.1977	0.6002	-1.4580	0.2624	-0.8780	0.0258	-0.2584	-1.3421	0.4796	0.9817	0.6827	0.7037	1.2197	-0.7669	-0.1117	-0.2500	-1.7413	-0.6244	1.6010	0.3897	0.8474
0.2136	0.9445	1.2229	0.1155	-0.1748	-0.0569	0.8926	-0.3970	0.4004	-0.6431	-0.2074	-1.0659	0.0285	-0.1351	-0.0567	-0.4607	0.4223	0.3649	-0.3975	-0.3350	-0.9119	-0.4136	0.1994	-0.1699	1.0230	0.8319	0.2762	-1.1024	-1.1244	0.8965	0.6854	0.8505	-0.2189	-0.2892	-0.0622	-0.5090	-0.1285	0.3899	0.7756	-0.2943	0.5000	-1.4264	0.1465	-0.9015	-0.5743	-0.1947	-1.1286	0.6435	-0.7725	0.3216	-0.2330	-0.4369	-1.2810	-0.0067	-0.5961	0.1479	-0.2191	0.2212	0.6351	-0.4023	-1.2098	-0.3634	-0.2321	-0.8986
0.3548	-1.4148	0.1489	0.3464	-0.5730	0.6839	-0.4460	0.8973	0.2362	0.2755	-0.1744	1.0050	0.2446	-0.6561	-0.0926	-0.2170	-1.3185	0.6551	-0.7517	0.4186	0.2813	0.6950	-0.8858	0.1870	-0.3028	0.1477	-0.5139	-1.0624	0.1912	0.5034	-0.5597	0.9228	0.4564	-0.3258	-0.2157	0.7679	0.4606	0.0800	2.4792	-0.0760	0.1108	0.8306	-0.3135	-1.1796	0.7637	-0.0706	-1.0178	-0.2526	-1.1803	-0.7339	0.4892	0.2816	0.1703	-0.0344	0.4219	-0.3062	0.4095	-0.1793	-0.1189	0.5346	-0.1784	0.1268	-0.6181	0.8719
-0.9852	-0.1668	0.3018	0.2786	0.4651	1.3481	-0.7208	0.2361	-1.0338	-0.2013	-0.8423	-1.5057	-0.7614	0.3064	-0.6153	-0.2566	0.1263	0.5068	0.1701	-0.0917	0.0453	0.3645	0.3161	-0.4026	1.1452	0.1972	0.1423	-0.4674	0.1254	-0.4894	0.6176	0.1014	0.5180	-0.2399	1.2580	1.3917	0.2819	-0.1675	0.7842	0.2518	-0.9034	1.2109	-0.3037	-0.7850	-0.0143	0.3724	0.0027	0.2590	-0.2563	-0.9832	0.0205	0.5081	0.0293	0.1548	0.4447	-0.6513	0.4224	0.5902	-0.0939	-0.2780	0.6414	0.5359	0.3434	-0.3600
0.0455	-0.3379	-0.5797	0.0376	-0.2167	0.7303	-0.1060	-0.1332	1.1655	-0.7055	1.5596	-0.9661	0.7233	-0.6525	0.0908	0.8114	1.1041	1.0858	0.2498	-0.5789	-0.4271	0.4018	0.3416	-0.8641	0.8913	0.9768	-0.5301	0.5440	0.7699	0.1424	0.4386	0.1343	0.0397	0.0846	1.4438	0.7704	0.4986	0.5354	-0.2738	-0.5440	0.4526	0.5242	0.3729	0.0527	0.8938	2.5341	-0.3598	0.6931	-0.3220	-0.7526	-0.3006	-0.1406	0.5132	0.4385	0.2886	0.0021	0.1645	-1.5571	1.1014	-1.4028	0.4813	-0.3448	0.9902	0.3185
-1.5474	-0.5731	-2.1925	-1.3406	0.1870	-0.2438	1.2995	0.8335	1.2116	0.0436	0.0619	0.4604	-0.1570	0.5094	-0.5557	-0.1265	0.1153	1.2739	-0.1226	0.1743	-0.5744	-1.0012	-1.1291	-0.2053	0.0676	-0.6555	0.0724	-0.9878	-0.0988	-0.1265	-0.3407	0.4592	1.5309	1.2097	-0.8462	0.4304	-0.7744	0.7642	0.0973	0.5662	-0.6510	-0.1799	-0.6373	-0.8163	-1.1721	1.1338	0.7252	-0.2863	-0.5470	0.3914	-1.0105	0.2882	-0.0134	-0.8806	-0.5574	0.0837	0.1474	0.5517	-0.6077	-0.2776	0.5982	-0.4629	0.3235	-0.4522
