0.2439	-2.4020	0.7818	1.7655	0.3443	-0.0583	1.1012	-0.2915	1.4505	0.1130	-0.2750	0.8137	-1.0632	-0.9295	-0.8439	0.2507	-0.2978	-0.2538	2.3129	-0.7410	0.0428	0.0982	0.5209	0.4800	0.1497	1.4175	0.3007	2.2175	0.7951	0.9006	-0.5700	-0.3429	0.5908	-0.5965	1.7966	-0.5209	-0.2318	0.9337	0.0126	-0.6532	0.7775	-0.5609	0.3749	1.9248	0.1348	-0.1412	-0.3491	-0.7593	1.5347	1.0380	0.7465	-0.5243	-0.6984	1.2720	-1.5606	-0.6052	-1.1602	0.5210	0.7936	-0.4166	-0.2971	-0.3051	0.1170	2.1738
0.6600	0.0546	-0.7483	1.8440	1.8409	-0.9491	1.5673	0.2696	0.5090	0.3801	-0.0468	-0.6527	-2.1468	0.1458	1.3052	1.0355	0.7028	-0.0542	-0.2888	0.2574	0.6248	-1.4443	-1.7768	-1.4142	0.2259	-0.1359	0.5554	0.6470	0.6588	0.7177	-0.0979	1.3008	-0.1111	-1.4119	1.2018	-0.8833	-0.9443	0.5996	-0.5080	-0.5118	0.5978	-0.0093	2.1945	-0.3004	1.1849	-1.2285	0.8372	-1.6424	0.4467	-1.8873	-0.2010	-0.6903	-0.9110	-0.5325	-1.3200	-0.6815	-0.0497	-0.7045	-0.3689	-0.0161	-0.1225	0.7872	-0.4177	-1.9378
-1.4635	-0.2880	0.3868	0.1878	-1.8066	0.2755	-1.1906	0.5252	0.5579	0.0606	0.5757	-0.5214	-0.4999	0.8343	0.8541	-1.5617	-2.1438	-0.3646	-1.5851	-0.4541	0.2696	-1.2644	-0.9335	-0.9850	-0.9263	-0.3828	-2.5829	-0.1232	-0.3732	0.9599	0.4980	0.6199	0.7143	-1.4221	-0.7941	-0.6322	-0.1056	0.2988	0.2396	-0.1206	-1.0689	0.5688	-0.4543	0.3101	-1.1223	-1.2685	0.1638	-0.3785	0.6782	-1.9206	0.6554	-0.3045	-1.1518	-0.8499	0.3048	-0.4154	-0.6987	-0.7239	-0.4634	1.3094	-1.8060	-1.3988	0.8464	0.7780
-0.5531	-0.1457	0.2051	0.0918	-0.5534	-0.9571	1.3796	0.5704	0.6162	-0.5368	-0.4192	-1.0518	-1.7725	-0.4645	0.0726	-0.9890	-0.6808	0.0007	-0.6385	-1.2268	0.0192	0.2285	0.2093	-0.0863	-0.1498	-0.5205	-2.3368	-0.6082	0.0625	1.2595	0.2851	0.4522	-0.4199	2.3948	1.3171	1.0438	-0.3202	-0.0389	0.0120	-0.5750	0.8889	1.1034	0.1031	0.2057	-0.8796	1.5377	-0.6226	-0.6961	-0.2179	-0.7587	2.4273	-1.0737	0.2561	1.4401	1.1898	1.4016	-0.0228	0.2838	0.4877	-1.3922	2.1178	-0.0293	-0.4799	-1.2293
0.1355	0.5702	-0.4538	0.1360	1.4956	0.6099	-0.4119	2.4752	0.5827	-0.1287	0.6727	0.1083	0.9613	-0.6295	1.5339	-1.3753	0.3230	0.2263	2.1845	-2.0359	1.1471	1.9422	0.0920	0.6403	1.1315	-0.2590	-0.5139	0.6287	1.1584	-0.1992	0.5679	0.3892	0.9327	-0.4781	0.2324	-0.2682	-2.9793	-1.7252	-1.1222	0.2608	-1.5635	0.2292	-0.1062	0.2577	1.0567	1.1046	0.9948	0.3199	0.0757	-0.1117	0.5437	0.9012	1.2831	-1.0837	-0.6513	-0.5906	0.8203	-2.4222	0.3878	0.8633	0.1661	-0.2379	1.8964	-0.7097
1.9293	-0.7620	-1.4895	0.2454	-0.5218	0.8609	2.1304	-1.4951	0.0784	-1.1850	-0.2074	0.3518	-0.0041	0.8098	-0.6903	1.2428	0.8368	0.9569	0.5305	-0.0870	-0.3514	-0.3756	-0.6497	0.4736	1.0052	0.3035	0.7680	1.3275	-1.1392	-0.7305	2.0879	-0.9521	-1.0676	2.7510	1.4189	-1.4151	-0.5036	-0.2303	-1.2229	1.0285	-1.9435	0.0600	0.4463	0.2034	-0.4646	1.0869	-1.7460	0.6575	-0.7994	1.5414	0.1746	0.3180	1.2389	-0.1383	2.3331	-1.0160	-0.0323	-0.3200	-0.3402	0.6540	0.3399	0.8636	-0.0926	1.1044
0.3306	-0.0090	0.7630	-0.4483	-1.0098	0.7589	-0.2457	0.0328	2.1080	-0.3552	0.1350	-0.0533	1.9398	-0.4812	-0.0737	0.5252	-2.1759	0.4685	0.7918	0.0269	-0.8280	-0.3111	-0.4739	0.1089	-0.3436	-1.8604	0.9488	2.2124	0.0278	1.0112	-0.2998	-1.6714	-0.0128	-0.7251	0.5924	-2.0478	-0.9896	-0.5711	-0.3253	2.1531	0.5950	1.0373	-0.6990	-2.2630	-1.3728	-1.0132	0.6859	0.4188	-0.2920	0.3286	0.4513	-0.4919	0.5582	-0.8542	1.0616	-0.7090	-1.5610	1.3019	2.7920	0.0199	-0.3770	-0.4203	-0.3677	1.9910
1.0145	0.1871	-0.4790	-0.0347	0.4545	0.0197	0.9689	0.3651	0.7196	-0.5174	-1.0518	-0.3036	-1.0198	0.1781	1.3117	0.2660	0.0342	0.1502	0.9097	1.0123	-0.9975	0.9771	-2.5482	0.1914	-1.8184	2.1694	-0.0845	2.4308	-1.2142	-1.3057	-0.4487	0.7722	0.7399	-0.5276	0.1387	-0.7305	-0.4048	-1.8136	-1.3754	-0.6094	0.4788	1.3608	2.1631	-1.2695	-1.1707	-1.0105	-0.0998	-1.4158	-1.6154	-0.5091	-0.9407	0.8099	-0.1170	-0.2850	0.3669	-1.4839	-0.4301	0.4615	1.3292	-0.5223	-0.3283	0.0634	0.2837	0.3564
1.9343	-0.8529	-0.6853	0.1009	1.2864	-0.9015	0.8731	0.3029	-0.9942	2.9177	0.2065	-0.1572	-0.0616	0.7301	0.3003	-0.2634	0.4213	0.5285	1.2949	0.4726	0.5746	1.3216	0.2606	-0.7784	-0.5226	0.7057	0.9522	-1.0556	2.0928	0.0078	0.4947	0.0047	0.2803	-0.7340	2.0006	0.3644	-1.2639	-1.6649	0.1882	1.2740	-0.2849	0.9710	-0.4618	0.6487	0.8616	0.0795	-0.7492	-1.1765	0.5328	-0.9331	0.7082	0.9434	-0.0472	1.4227	-0.9748	1.8248	-0.7312	-0.1892	1.5949	-2.4025	-0.3226	-1.5235	-0.8664	-1.3400
1.6226	-1.6671	0.5986	1.8543	0.8342	-1.3548	-0.3409	0.4453	0.0519	0.8288	-0.0655	0.1895	0.1397	-1.1671	-1.3182	-1.0085	0.4510	-1.1960	0.1754	-0.0595	0.4985	0.9503	0.0799	0.8513	1.5037	0.1025	1.9831	0.6867	0.7223	0.8352	0.5055	-0.3058	0.8318	-0.2248	0.0860	-0.6922	-1.1771	0.3427	1.5870	-0.4669	-0.0545	-1.2564	-0.3308	1.0059	-0.0489	1.3717	1.3537	-0.6328	-0.6064	-0.1485	0.5475	0.2261	-0.0028	1.0199	-0.3102	1.6745	0.8719	1.6720	0.1196	-0.4658	0.1305	-0.9082	-1.9942	1.0197
-0.0404	-1.1331	0.2788	0.6200	-1.2655	0.0549	-2.1045	0.0613	-0.4051	-1.2626	0.2850	0.2458	2.4511	-1.4912	0.7473	0.3759	-0.6828	-0.7137	-1.7200	-0.8131	-2.4706	0.2076	-0.5561	0.5853	-0.1983	-1.4569	-0.2390	2.4898	-0.7206	-0.1358	0.9470	0.1950	0.8450	-1.1564	1.5840	-2.2852	-2.0164	1.3998	0.6674	0.2884	-1.2524	0.0078	-0.5475	-1.1544	-0.9900	1.4940	0.7608	-0.5481	0.1284	-0.5661	0.5135	-1.8033	-0.5339	1.2669	0.5490	-0.4102	0.0220	-0.7196	-0.0278	0.1381	-0.8699	0.8950	0.9801	-0.0574
-1.1399	-1.5540	0.2438	0.8563	-1.5871	0.9875	-0.7568	-1.2704	0.1831	-0.1821	0.7886	1.2568	1.5234	-0.7156	-0.9574	0.7374	-0.8206	0.8918	-1.0308	0.1767	0.5317	0.5202	-0.0791	0.3745	-0.6376	0.0882	-1.7987	1.3534	0.7860	-1.4993	-2.4870	-0.3683	-0.5961	-1.0481	-0.7561	1.5732	0.4287	-0.5703	1.1913	1.6649	-0.1142	-0.8228	1.0222	1.1430	-2.9173	-1.3959	-0.1249	-0.3223	-0.1441	-0.0055	-0.0009	-1.1550	0.2812	0.6069	1.2006	0.0312	0.3612	0.9077	1.8716	0.8257	0.6139	1.2588	-0.4361	-0.1610
1.3973	-0.3045	-0.2703	0.1573	0.8973	0.3020	0.9801	-1.0915	0.4766	2.5070	-0.2727	-1.6390	-1.4696	0.4802	-1.4005	0.3289	-1.1051	0.3199	-1.1876	0.2584	-0.8939	0.9387	1.1949	1.0470	1.1097	-1.1103	0.3187	-0.2578	1.1690	-1.5233	-0.8166	0.9643	-1.2774	2.8091	2.2403	0.4345	-0.0063	-0.6411	-0.0495	-0.6021	-1.5039	-1.0578	1.1838	1.7802	0.4339	-0.5458	-0.1306	1.8166	-0.1309	0.5362	0.6276	-0.0127	-0.3041	-1.0380	-1.5464	2.4038	2.4206	-0.2726	-0.7061	0.3355	-0.4944	0.2781	-0.5319	0.0618
-1.3597	-0.2617	-1.0939	-0.9980	-0.3520	-2.9012	2.9013	-0.4288	-1.2997	-0.3041	-0.2030	-1.8141	-0.2292	1.6984	-0.3883	1.0083	-0.6651	0.7059	-0.6654	0.1889	0.4623	3.2207	0.8782	-0.7263	-1.0906	0.2666	2.9053	-0.8643	0.6905	0.1666	-1.1509	-0.6664	0.8378	0.1410	-1.0738	0.6947	0.5239	-0.1865	0.7611	0.0342	0.0267	0.9523	-1.0094	1.1722	-0.9012	0.3556	-0.6771	-0.2475	-0.1878	-0.7282	0.6732	0.4742	0.1495	-0.9053	1.6804	-0.0497	-0.2157	-0.5338	-0.0394	-0.7493	0.6262	0.9780	1.4583	0.9599
0.0981	-0.7081	-0.1785	-0.6008	-0.8358	-0.1740	0.9117	0.3406	-0.6964	-0.1312	2.4173	-0.8920	0.2848	1.2311	-0.7372	-0.2645	-0.6170	-0.9126	-0.6422	-1.1093	-0.1757	-0.8716	-1.2644	-2.0271	0.4314	0.7355	-1.4380	-0.4251	0.6028	-1.3540	2.1172	-0.0879	-0.2627	-0.6481	-1.5068	-1.0190	-1.4478	-0.1025	-1.4861	1.4779	-0.1890	0.6141	-0.7405	0.7202	0.6516	-0.9512	-0.2831	0.2176	-0.1354	-2.2236	2.6542	-0.4141	-0.0388	-0.9460	1.3607	-0.5709	0.7281	-0.8613	-0.2238	-0.0000	-0.7644	-1.3733	0.4273	-0.7609
0.3314	1.3007	-0.8173	1.7991	0.3155	0.0105	-0.0740	0.4921	0.3221	0.6512	0.0612	1.1135	-0.7215	-0.7393	-0.3036	-1.4124	-0.4734	-2.0568	0.0410	-0.2624	-1.0738	1.9013	-0.5125	-0.4890	-0.7054	-0.7702	1.4291	2.2468	2.0000	-1.4041	-0.1723	-1.5913	-0.8320	0.2325	0.4747	1.0034	0.3399	0.0114	-0.0662	0.5111	0.7559	0.4746	0.1355	-1.7599	1.3456	-1.3279	0.5733	-1.6698	-1.1470	0.3099	0.4430	-0.3210	0.5131	-0.3500	0.1586	-0.0148	1.0937	-0.9732	-0.8208	0.2348	0.9007	-1.7756	-0.1759	0.2491
1.5929	0.5557	-0.7742	1.2215	1.6079	1.2703	-0.5696	-1.7296	1.3890	-0.8272	-1.5505	-0.7644	0.6332	2.7123	-0.1422	-0.8989	-0.4443	0.8520	-1.6011	-0.1698	1.2012	-0.6046	0.0592	0.8799	0.1180	0.0747	-0.7238	1.5298	0.0163	2.1788	1.4301	0.3726	0.1860	-1.8376	0.3803	0.2181	1.8593	-1.7907	1.4613	0.2731	0.2716	-0.8620	-0.4715	1.6282	0.0889	0.2539	1.9187	-0.3778	0.0458	-1.2715	0.6236	1.0224	0.5995	-1.9404	-0.3171	0.0643	0.2413	-0.3111	0.4749	-0.1678	0.5568	0.1504	0.7759	-1.1425
-0.0109	0.2596	-0.7054	0.9834	2.0706	0.1994	0.9420	-1.0256	-0.4747	0.1162	0.2302	1.0595	1.2969	-1.7922	0.4306	0.4152	0.9289	0.6805	0.1353	1.0911	-1.8785	-0.0062	-0.6723	-1.9192	1.7675	-0.8145	-0.2927	-0.4254	-0.2194	-0.8749	-0.2143	0.1225	-1.4731	2.3593	-2.0680	2.1446	1.1625	2.0747	0.1840	0.8033	1.4361	0.1522	1.5074	0.4214	-0.2384	-2.4397	-0.4208	0.5517	-1.1399	0.8787	0.4683	0.2033	0.4411	-1.5620	0.6250	-0.0871	-0.2370	-0.7051	1.5996	-1.1925	-0.6058	-0.3852	-1.1759	0.4410
0.8505	0.2175	-1.0201	-0.1706	-0.7568	-1.3962	-0.7232	0.8508	-0.4161	0.1418	0.1616	-0.7052	-0.4564	-0.3367	-0.1569	1.3151	-1.6754	1.4241	-0.6034	1.4543	-0.6087	1.4844	0.1277	0.9879	-0.9920	0.3535	1.8323	0.1713	0.6788	0.4797	0.2638	-0.4418	-0.0767	0.4331	1.1646	-0.9859	-1.2891	-0.0854	-1.1740	1.7383	1.4960	0.2908	0.6627	-0.9708	-0.2800	-2.2027	0.0246	1.7851	0.0888	-1.4498	-2.4179	-0.6979	-0.5366	-0.4579	1.9987	0.0650	0.4330	-1.2578	0.5250	0.0284	0.0968	0.2833	2.0499	0.0945
-0.0330	-0.7852	-0.8477	-0.4697	1.4656	-0.0514	-0.0304	-0.4778	0.8748	0.2720	-3.8530	-1.1656	0.2315	-1.5290	0.3806	0.3384	-1.1464	-0.4673	0.5884	0.2484	-0.3566	0.8414	2.3853	0.2929	-0.4020	0.2216	0.0451	-0.1788	-0.3959	-1.7141	-2.4427	1.3801	0.4737	0.2808	1.2332	0.4409	-0.1060	0.0968	-0.2928	-1.6637	-2.1180	-0.0409	0.1281	0.5225	-0.1952	1.5767	-0.2123	-0.4078	0.3159	-0.4147	0.9220	0.6335	-0.5233	1.3155	-0.4846	1.3589	-0.2203	0.4125	-0.1557	-0.0901	0.2493	-0.3484	1.2649	1.2740
1.9305	-1.0458	-0.5563	-0.4641	-0.1054	0.0854	-0.0611	-0.0307	-0.1669	1.5232	0.0046	0.2350	-0.5193	-0.8093	-0.0440	-1.0139	2.0597	-0.7888	0.0182	-1.2773	0.5497	0.1151	2.1158	0.4831	-0.8440	1.4456	0.4327	2.0315	-0.1582	1.5071	-2.4179	-1.1973	1.1663	1.4989	-0.2319	-0.4281	-0.0699	0.2076	0.8508	0.2116	-0.9445	-0.3737	-1.1522	1.4376	0.0156	2.4660	-1.2033	-0.4138	0.8204	0.0966	-0.0578	-0.2550	-0.6255	0.8217	0.0960	-0.4719	0.2052	0.6493	-0.2072	0.9129	-0.5434	0.5213	0.4276	-0.2171
1.2368	0.2577	-1.6048	-0.2100	-0.1129	-0.0996	0.9620	-2.1334	-0.0114	-0.9728	-2.2209	1.1628	-1.6340	-0.3393	-1.0270	0.4981	0.9538	1.4142	0.6412	-0.2631	0.7604	-1.3396	-1.6502	0.2696	-0.2974	0.0356	-0.3084	0.4443	0.0627	1.0423	0.3965	-0.2558	1.2251	2.0640	1.0506	-1.4919	-1.4334	-1.5077	0.2103	-1.6154	0.5878	0.0752	-0.1308	1.0794	1.1714	-0.6126	0.7564	0.0151	-2.1294	-0.6154	-1.7612	-0.0067	0.0532	1.9155	0.1751	1.2463	0.7369	-0.3799	-1.8886	0.5182	-2.6238	-2.6827	-0.1334	1.3437
0.4216	0.5457	1.1307	-0.4457	0.8159	-1.8209	1.3475	0.8642	2.5070	0.4653	-1.0751	0.1565	-0.1592	1.7497	-2.4642	1.4008	0.6545	1.4833	1.6475	0.5886	-0.1474	0.1164	-0.9011	1.0051	-0.7372	-0.3119	0.4720	0.1978	-0.8222	0.3673	0.9580	-0.1625	-1.2216	-0.1900	-0.0114	-0.4712	0.3005	0.5891	2.9619	0.2881	-0.0093	-0.0941	-0.1496	0.3489	1.0329	1.0074	-0.1778	2.0293	0.8785	0.9470	-0.4357	1.9825	0.2571	0.4682	1.0082	1.0391	1.4787	-0.9038	-0.2796	0.2708	0.2040	-1.0439	-1.8134	-1.1170
0.4931	-2.0863	-0.3783	-0.4257	1.0198	1.3358	1.1474	0.9053	1.2808	0.8995	0.0743	-1.4031	-2.3418	1.1140	-0.1585	0.4475	-1.3907	-0.4723	0.4798	-1.4270	-0.0469	0.4404	1.0512	1.4523	0.6978	0.8215	-0.8613	-0.2574	-0.1814	0.1198	0.2658	0.4591	1.1637	0.5240	0.5127	0.5590	1.2873	0.0631	1.5511	1.0763	-0.1860	-0.2502	0.0238	-1.1740	-0.2491	0.5913	-0.0263	0.5169	-0.7091	1.1022	-0.8616	-0.2560	1.4657	-0.8221	-0.0633	-0.2033	0.6998	-0.2071	0.2082	-0.5284	-1.5373	1.1699	-0.9414	0.1727
1.3295	-0.5220	-1.5332	0.7966	0.2675	0.7687	-1.4818	0.3064	-0.0475	0.1486	0.5404	-1.8557	-0.5983	1.4964	1.8747	-0.2685	-0.9439	0.5019	-0.2314	1.3410	0.1110	0.0846	-0.0220	1.6923	1.0188	-0.4037	0.9984	0.9471	0.8021	0.2149	0.1991	0.2601	-1.2031	-0.1098	-0.1757	-1.5090	-0.5838	1.0502	-0.1265	-0.7411	0.4774	-0.9637	0.1857	0.3509	-0.4350	0.7863	-0.4309	-0.0114	0.6285	1.5968	0.6199	1.2069	-1.4795	0.3258	-0.8321	-0.3109	0.1025	0.8452	0.5218	0.9672	-2.3017	0.7827	0.8366	0.9062
-1.6527	-1.9342	-1.1080	0.8277	-0.2270	0.5530	1.3068	0.5862	1.7213	0.5111	-0.7407	0.6969	0.2056	-0.5667	-0.1463	-1.0925	-0.3438	0.7125	-0.5376	0.1760	0.1533	-0.3309	-0.3778	-0.0708	-0.5700	0.9455	0.7301	0.7244	-1.8118	-0.0365	1.5549	0.6716	-0.6912	-0.8969	1.2680	-0.7788	-1.2853	0.6337	-1.9217	2.5873	0.0638	0.9206	0.2143	-1.0255	0.4270	0.8252	1.2636	0.8076	0.8095	-0.9210	1.7215	-0.1557	1.5165	0.0050	-1.6334	-0.3022	0.2130	-0.5490	-0.2780	0.0524	1.3208	1.0964	1.3835	1.9420
0.5581	0.9862	0.2014	-0.0596	-0.7722	-2.4870	0.2688	0.4803	-0.6445	2.5320	0.3446	0.8494	0.7874	-1.1145	1.9002	1.4367	0.1645	1.0556	-0.2205	-1.6252	0.1891	-0.0702	-0.3066	0.3233	-1.4038	0.1875	0.6989	-2.2141	0.0756	0.8003	-0.2731	-2.4541	-0.4893	-0.5347	-0.2500	0.2323	2.2867	1.4917	1.2615	1.0567	0.0547	-1.6906	-1.9348	-0.8009	-1.3919	1.2491	0.6918	1.5633	-0.4217	-0.6640	0.2635	0.8082	-0.9315	-1.0288	-0.1872	-0.5053	-0.5943	0.6704	-0.0308	0.6351	-0.0741	0.2884	-0.6591	2.3047
0.4954	-3.1781	0.6244	-0.6548	-0.0373	0.1829	0.0929	0.2791	-1.3612	0.8958	-1.6716	-1.1152	1.0790	-0.4455	0.3521	0.8105	1.2982	-1.0686	0.2955	0.2128	0.2342	1.3823	0.3989	0.6614	-1.8763	-1.0580	0.3552	-1.4446	-0.9018	0.7694	-1.1565	0.3781	0.6554	-0.1174	1.3543	1.8163	-2.0147	-1.3552	-0.2409	-0.4184	-0.2517	-0.4810	0.8205	0.0847	-1.0422	-0.3357	0.9055	-0.3739	0.3510	-1.0219	-1.4740	0.3152	-0.0479	-0.4337	0.7339	-0.9380	0.7139	1.1710	1.3703	-0.1925	0.1322	0.5149	0.7802	1.6883
-0.1467	-1.0967	0.2467	-2.0471	-1.5294	-0.3160	-1.2615	-1.6262	-0.7690	-0.0621	0.2682	0.4961	-0.3911	0.6696	0.5582	-0.1778	-0.0168	0.1052	-0.5919	-0.6769	0.2109	1.9583	0.3297	1.6299	2.6305	0.6623	-0.3811	0.3621	0.9667	-0.0434	0.2000	-0.8604	0.8071	0.0244	1.7985	-1.2754	0.0754	-1.4900	-0.5463	0.1497	2.4205	-0.1433	-0.8937	0.9800	1.2015	-2.3745	-0.9392	1.8456	0.8286	0.0103	-0.9670	0.3231	0.6709	1.1338	0.5085	-1.7180	1.1679	-0.6723	-0.5210	-1.1547	2.4550	-0.7501	0.1041	0.8079
-0.2594	-0.0480	-0.1234	-0.3698	1.3822	0.0117	-1.4822	-0.0936	-0.3936	1.4992	1.1351	0.2833	0.1057	2.0219	0.0460	0.6360	1.6652	-2.3631	0.0020	-3.9381	1.9095	-1.7519	-0.5544	-0.3424	-1.6233	-1.3318	-1.7887	0.6680	-0.5968	0.6423	1.0494	1.1570	-1.1622	0.0900	-1.5364	0.5014	0.6131	0.5995	-1.7625	-0.4407	1.2586	0.5343	0.5685	0.2309	1.2692	1.3205	0.5505	0.3310	0.2977	0.1845	0.4183	0.0513	1.0368	-0.3805	-0.0466	0.9239	-0.8067	-0.5543	-0.8449	-0.1570	0.5870	-0.5318	0.4221	-0.6024
1.0152	1.0551	1.8250	0.0672	-0.4300	-0.3797	0.8321	-0.3619	-0.2655	-0.9676	-0.7532	-0.5637	-0.7818	0.7227	0.7085	-1.1212	0.3807	-0.3454	0.4932	-0.8545	0.0787	-0.6652	-1.7779	-0.6081	-0.3768	-0.4529	-1.0739	0.1579	-0.5766	1.7487	-0.1386	-0.7597	0.8102	-1.3945	-0.8300	0.3607	-0.3821	1.4266	0.6815	-0.0120	0.7182	0.1119	1.3713	0.8906	-0.7231	0.7020	-0.8011	-1.0431	0.9239	-0.6904	-0.6133	0.8148	-0.7018	-0.0933	-1.3999	1.6093	0.4749	-0.7011	1.6035	0.0500	1.4510	-0.0025	0.6302	-1.0787
-0.3905	2.4093	-1.5044	1.5642	-0.0714	-0.3234	-0.3552	0.1061	-1.6915	0.5834	-1.3804	-0.7975	-1.8090	-1.1206	0.6043	1.1860	1.0776	-0.2191	1.0943	0.2240	-0.0030	0.6346	0.7129	-0.6196	-0.3691	1.1780	0.2788	-0.8931	-0.9435	-0.2945	-0.6434	-0.2014	0.8309	-0.0854	-1.1608	-1.4483	-0.2672	0.5850	-0.0062	0.4441	-1.9252	1.1979	0.4725	0.2853	0.6158	-0.3213	0.7603	0.5469	-0.2005	-1.2273	-1.1498	0.3323	0.4807	-0.9197	-1.0078	-1.5565	2.3227	-0.5226	-0.7488	-0.3913	0.3960	-1.6481	0.5219	0.1149
0.2058	-0.1527	0.1081	-2.1192	-0.9282	0.6017	0.6155	-0.6826	1.2006	2.3280	-1.6799	0.2158	2.0730	1.4769	-1.0875	1.1255	-1.8515	0.8175	0.9006	0.5825	-0.0821	2.3670	0.6403	-0.7291	-0.5040	-0.1675	1.3053	-0.4426	0.5818	-1.0260	0.5247	0.7212	-0.3823	-0.5213	-2.0168	-2.0592	1.1355	-0.5390	-1.6725	0.0071	-0.9826	-0.5018	0.7107	0.9375	-0.0934	0.2872	0.0735	0.4332	-1.2018	0.0571	1.2195	1.3283	-0.7901	-0.5095	0.2110	-0.1363	1.2837	0.3735	1.1386	-0.7233	-0.6284	-0.7881	0.0501	-1.3990
-0.2493	0.2146	1.2047	-0.1439	1.1427	-1.3213	0.7934	1.0649	0.0042	1.2463	0.1458	-0.7155	-1.4380	-0.0889	0.4841	0.3748	0.6688	1.3224	-0.5801	-1.8414	-0.9138	-2.8702	-0.5156	1.1337	-0.6553	-0.5143	0.1102	-0.1471	0.4476	0.2249	-1.2778	1.5101	-1.0803	0.6044	-1.3033	0.3594	0.0845	0.0433	1.1873	0.4093	-0.0050	-0.5935	-0.8542	0.9456	-0.5956	-0.8452	1.3268	0.1110	0.2351	0.0771	0.1858	0.2317	-0.9235	0.4203	0.9855	1.3089	-0.6201	1.4367	1.2343	1.0375	1.6768	-1.4603	0.1071	-0.2577
0.1021	0.6752	1.8809	-0.2687	0.8709	-1.5033	1.0766	-0.8171	0.0286	1.0696	-0.1415	-0.6275	-1.3986	1.4334	2.0131	0.5980	0.2152	0.4036	-0.5440	1.0463	0.6358	0.2613	1.4392	0.9368	0.1733	-1.1910	-1.4345	-0.3844	0.0049	0.2841	0.1720	0.5823	0.5716	-0.2257	-0.2338	-0.4644	-0.7670	-0.0658	-0.7842	0.1600	0.3663	-0.3322	-0.2484	2.2611	0.8122	1.0389	-1.7854	0.4301	-0.5240	-1.4183	0.6772	-0.5780	0.3096	2.0856	1.3535	-0.6257	0.0754	0.6535	-1.0124	-0.8287	-1.0319	-0.1880	-0.7960	-0.5152
-0.0625	-0.8752	0.9475	-1.4078	0.3713	0.4117	1.3499	0.3550	-0.9304	0.2395	-0.0772	-1.9340	-0.3009	-1.9334	1.5630	-0.8957	0.5328	0.4527	1.3822	-2.1817	1.8652	0.2435	-0.5794	-0.0774	-0.3532	0.1041	1.2681	0.2909	0.0958	0.5421	-1.0933	0.5001	-0.2387	0.0051	-1.0302	-0.9567	0.1720	0.6615	0.7996	0.5333	-0.3360	-1.2840	-0.1702	-1.4987	-0.5799	-1.4042	-0.0472	-0.4009	1.1854	-1.3860	0.1259	-0.1952	-0.0342	-2.2219	0.4178	-0.0424	-0.6550	-0.4472	-0.5900	-0.8311	0.0741	0.2293	2.0288	-0.1376
0.1955	-1.5129	-0.8288	0.3605	0.8346	-0.1185	-0.5766	-1.2974	-0.1611	-0.4402	-0.6421	0.7171	-1.2890	-0.8022	0.1232	-0.2655	-0.2634	0.4058	0.4957	0.5338	0.3803	0.2617	0.4296	-1.2975	-2.2385	0.6880	-0.2591	-1.7272	2.4036	0.6000	-0.2344	0.8463	-1.5982	-0.5029	-0.5723	0.2266	-0.6303	1.4934	-1.0793	0.3177	-1.0622	-1.4566	0.9204	-1.2948	1.2729	0.2728	-1.1111	-0.0014	0.8057	1.0999	0.3934	-0.2479	0.1394	0.3610	-0.8072	-0.5263	-2.0488	-0.0510	0.6225	-0.0121	-1.0619	0.6415	0.4804	0.3508
0.0906	-0.1880	-0.8923	1.0360	-0.9104	-0.7452	-1.0869	-0.2682	-1.5607	0.9887	-1.1663	-1.0735	-0.4167	-1.3968	0.0115	-1.3953	-2.3946	0.1279	0.4159	0.9259	-1.1422	0.6129	-0.0946	-0.8606	0.5622	0.4579	-0.2870	-0.9614	-0.8417	0.8284	-1.2022	-0.6056	-0.7634	-0.4181	-0.0115	-0.6020	-0.2138	-0.1997	1.4390	0.4230	0.1993	0.2086	0.6509	-1.3697	1.2371	0.6542	1.2276	0.4410	-0.4934	0.5973	0.7379	-0.1082	-0.3826	0.7666	-0.9529	1.3683	0.8472	0.3136	0.3476	0.8957	-1.9739	0.6149	-1.1691	-0.2674
0.8787	-0.6976	1.0926	-1.7343	-0.0079	-0.3355	1.0283	0.7253	-0.7925	0.8571	1.2602	1.2157	1.1903	-0.7659	-0.1005	-0.0547	0.0399	-0.9839	-0.3681	-0.9117	1.0279	0.0740	-0.1677	-0.2733	0.7607	-1.3528	2.3853	1.0077	1.5844	-0.0802	0.4670	-0.7861	-0.5096	-0.7329	-1.2970	0.4056	-2.0103	-1.5700	0.9910	-0.1656	-1.5675	1.0050	-0.0878	1.5771	-0.7214	0.3337	0.4755	1.1833	1.5871	0.0473	-1.0367	0.3451	-0.5465	-1.3625	0.5960	-2.4389	1.7700	-0.2922	-1.4579	0.3615	-0.4278	-0.1065	0.8627	-0.6903
-0.5094	-0.5771	-0.8861	1.1108	0.7821	1.0494	0.1920	-0.1455	-1.4179	-0.8044	-1.2913	-1.3296	-1.1984	1.2339	0.6492	1.1932	-0.5710	0.4532	-0.8280	0.8812	-0.0824	-0.2930	0.1361	0.2094	-0.0627	-2.1782	0.2807	-1.1702	0.5841	0.0734	1.2012	-0.3679	-0.9626	-1.3287	-0.9699	-0.4680	0.2017	-0.3700	-0.9183	0.4340	-1.0480	-0.7416	1.1452	-1.1772	1.0979	-0.7464	-0.3175	-0.5442	1.3204	-0.7804	0.1842	0.4677	0.4805	1.3706	0.2721	2.1475	-0.3036	-2.1289	0.7557	-0.3060	-0.1423	-0.8792	0.2985	-0.4142
0.3615	0.1262	-0.4318	0.1648	-0.4558	0.8670	0.4251	-1.8328	0.0785	1.9439	-0.1575	-0.2819	1.6304	1.6617	0.5224	-0.1248	0.1940	0.0679	0.5464	2.1243	-0.9432	1.3148	-0.6097	-2.0530	-1.6318	1.1513	-1.3154	-0.4261	0.7619	-1.9111	1.4185	-0.1876	1.4483	-0.1812	-0.3141	0.1718	1.5965	-0.6494	0.1048	-0.6274	1.6854	-0.0624	2.0637	0.4490	0.9067	0.6100	1.1064	0.5650	-2.2061	1.1008	1.1312	-1.1709	-1.0129	-0.9983	1.0682	-1.1541	-0.2671	1.1019	-1.4071	1.1629	-1.1621	0.2573	1.1758	-1.3828
-0.0334	-0.9529	2.4924	-2.6709	-0.7204	1.1074	-1.0914	0.0681	0.6477	-0.5207	1.1094	1.0655	1.5644	-0.6751	-0.0507	-1.7861	1.2785	0.3474	-0.1523	-0.3089	0.7451	0.4248	0.0532	-0.3187	0.6262	-0.7382	1.1770	0.2543	1.1287	0.5182	0.4250	-0.6550	0.7121	0.9717	-1.3365	0.5740	0.5957	-0.4780	-1.3562	0.3907	0.7117	-0.4233	0.4156	-1.4035	-0.1272	-0.0535	2.4767	1.7326	0.8414	1.9419	-0.7897	0.2672	0.0900	-0.3433	0.2879	-1.1048	-0.6936	-0.5325	-1.9977	1.8522	-1.4609	0.8350	-0.9102	-0.2829
-1.2562	0.4194	0.0514	-1.8641	-2.1299	-0.2551	-0.8340	1.7008	-1.2003	2.0409	1.2471	-0.0373	0.2746	-0.6090	-0.4227	-0.2215	-0.5033	-0.3910	0.1702	-0.3040	0.1703	1.0744	-1.7078	-1.0822	1.1456	-0.2875	-1.4097	-0.2100	0.3363	2.3009	1.0292	-0.6671	1.0074	-0.9074	-1.3845	-0.5339	2.2132	-1.5442	0.8266	-0.0043	-0.8666	1.1402	0.2597	-0.5628	-0.8262	-0.6385	0.1199	1.1106	1.4985	0.4094	0.0939	1.4682	-0.2271	0.1893	-1.5238	-0.2488	-2.1846	0.6719	1.7307	-0.8947	-0.2323	0.9512	0.4484	-0.6532
0.6549	-0.2136	0.9473	-0.8637	0.7461	1.1063	0.8153	-0.7181	0.0818	1.1841	-0.3219	-1.9344	-0.8280	0.8148	0.9293	0.6463	0.4164	-0.2745	2.4001	-1.2340	-0.5479	2.1138	-2.1741	1.0933	-0.8205	-0.3720	-0.7556	-1.7094	1.0098	1.0173	0.4051	-1.9667	0.4629	1.4631	1.0385	1.9944	0.3548	0.1885	-1.2286	1.4834	-0.0319	-0.3643	-0.7163	-0.9617	-0.0554	0.6914	0.0967	3.8816	0.8219	-0.5142	-1.2584	-0.1362	0.7101	-1.4936	0.3665	0.8155	-0.2018	-1.8067	0.3885	1.7376	1.2877	0.3263	-0.0842	1.8499
-0.9184	-0.4362	-0.1185	0.5655	-0.3614	1.1115	0.0349	-0.6198	0.1537	0.1138	-0.6505	0.9973	-1.9018	-0.9451	-0.5084	0.2844	-0.0948	-0.8955	0.1392	-1.0947	0.7808	-0.2520	0.6085	-2.0349	1.0097	1.5739	0.3851	-0.2561	1.6038	-0.4004	0.9985	-1.4424	1.5756	-0.6366	-0.9810	0.8467	-0.4948	-0.6313	-0.5171	-2.5500	-0.5533	-0.7122	1.0367	0.1732	-0.8854	-1.5846	-0.7958	-2.5877	-0.8489	0.0493	1.3595	-0.8068	0.0164	1.1810	-0.1623	0.9418	0.7026	0.1596	1.7592	1.4840	-1.1646	-0.1379	0.8434	0.8669
-0.0940	-0.3483	-0.5811	0.6018	0.3103	-0.4595	0.9651	0.4539	0.0369	0.2618	-0.8256	-1.1169	-1.1225	0.0448	-1.0947	0.4328	1.2642	0.5811	1.1320	1.0319	1.0434	1.7894	2.0010	-0.9362	-0.2374	0.0349	-1.4363	1.6059	-1.3850	-0.5670	-0.0305	-0.0352	-0.7089	1.7359	0.7722	0.6256	-1.0941	0.1260	0.4788	-1.3544	0.5308	1.0633	-1.2188	0.2889	0.2974	0.6096	1.0455	0.6446	0.7965	-0.4427	0.2404	-0.1058	0.4195	0.6059	1.7103	-1.8222	1.9271	-1.6266	-0.4246	-1.9978	-0.7244	0.5784	1.0382	0.7508
1.7356	0.1050	0.6391	0.6322	-0.5448	0.3851	0.2689	-0.3368	-1.3873	1.4262	-0.8443	0.4248	-1.9842	0.1681	0.6682	-0.0954	-1.7795	0.8885	0.3927	-0.5584	-0.7625	-0.6279	-0.0648	0.7599	-1.7153	0.6641	-0.7918	-1.3056	-0.0480	2.4238	-1.5971	1.4101	1.5308	0.8788	2.4248	-1.1265	0.5494	0.1798	0.2094	0.4732	0.9866	0.2249	0.7368	0.6148	-0.3517	-0.0491	0.1773	0.6160	0.8309	1.0592	-1.8473	0.6139	-0.3555	-0.1482	0.4422	-1.8370	0.5507	-0.6826	-0.0455	-0.7176	0.1189	0.2193	-0.4834	1.5871
-0.2794	0.4873	0.5669	-0.3354	1.6462	-0.3873	-1.3152	0.9279	0.6596	-1.1504	-0.4384	0.2994	-0.1309	0.4507	-1.0000	1.5799	-0.7188	-0.7659	1.3374	0.8830	-1.4678	1.0647	0.2592	0.4723	-0.7021	-0.1244	0.5076	-0.0322	1.4509	-0.3104	0.3483	-2.2404	-0.9633	0.4123	0.0488	0.3239	-0.6663	-0.7463	1.1642	0.2406	2.7823	1.6216	-0.2498	-0.2296	1.1508	0.4664	-1.1637	1.6181	0.8866	-0.2904	0.6918	0.7871	-1.4449	0.7200	-0.6801	-0.3883	0.1017	1.0464	0.4495	0.2368	1.4145	0.4166	-1.0391	-0.9523
-0.1659	-1.3890	-0.2571	0.4928	-1.5088	0.8572	-1.1435	0.1255	0.0144	-0.5297	-0.0894	0.8428	-0.5008	-0.7875	0.2025	0.5445	-1.2936	2.2875	-0.0709	0.6569	-1.6372	-0.1479	-0.7428	-0.2489	0.1128	-0.9192	0.7642	0.4432	1.2755	-0.0398	-0.4544	0.0984	0.4204	0.9151	0.9196	-0.1132	0.5578	0.2403	-0.0322	-0.3024	1.6071	0.6046	1.3320	0.1945	0.2287	0.5452	0.2387	-0.9587	-0.8594	-0.4638	0.7456	1.0267	-0.0238	-1.2975	-1.9126	0.9789	0.0925	0.8792	-2.4057	0.9119	-1.2231	0.1395	0.4214	0.9653
0.8988	-0.3756	-1.1520	-0.0853	-1.2524	1.2907	0.4347	0.3720	-0.3126	-0.0987	1.0504	0.8838	0.9809	-0.2645	0.7242	0.7691	2.9004	0.9879	0.0891	0.4306	1.0863	0.4281	0.1906	-0.5093	0.9493	-0.3069	-0.3513	0.7514	-0.5442	0.6785	-0.2859	-1.2807	-0.6176	0.3527	-0.3693	1.2492	0.6282	2.6772	-2.0530	0.1642	-0.9907	-2.2310	-1.1655	0.9566	0.7115	1.3080	0.9983	1.1937	-2.1198	-0.7779	0.2547	-0.0136	-0.3035	0.8979	-1.8760	-0.5949	0.4622	1.0746	-0.5013	-1.0081	1.7261	0.7890	0.5806	-0.6132
0.9838	2.6554	-1.6443	-1.3947	1.0319	0.3177	-0.7926	0.5073	-1.5788	0.2168	-1.5415	-0.1891	-1.2017	-0.9024	-0.3620	2.2647	-1.6960	-0.0855	0.1528	1.1387	-0.1465	1.2722	-1.0473	-0.5049	1.7277	-0.4483	0.1000	-0.0827	2.5124	-1.0205	0.0186	-0.6514	-0.6767	-0.5408	0.1072	-0.9155	-0.7461	-0.3699	0.2937	0.2655	-0.2361	0.8584	0.1173	0.0607	0.0713	0.8885	0.2370	0.7023	0.1357	-0.5461	0.2091	-1.1599	-0.5995	-0.2570	-0.0980	-0.9056	2.3236	0.1673	-0.6733	-0.1795	0.1643	-1.4448	0.0910	-0.8690
-0.3433	0.6077	0.2745	-2.6056	-0.0566	0.3373	-1.0641	-0.5287	-0.4941	2.2204	1.5660	-0.0313	-1.4924	1.2845	0.7817	-0.0164	1.3718	-0.2835	1.7632	-0.7680	-0.5583	-1.3523	-1.0259	0.8346	1.5025	0.0926	-0.7329	-0.6867	-0.7155	-2.2197	0.9274	0.1106	-2.0337	-0.1663	0.0066	-0.4614	-0.4074	-0.7891	-0.5398	0.3742	1.4528	-1.7839	1.9277	-0.8397	0.3841	0.1748	0.0673	-1.9436	1.9940	1.0564	3.4193	1.0857	-1.5270	-1.0290	-0.9048	-0.0662	-2.9139	0.2557	1.3340	-0.0482	-0.0873	-0.7030	1.7289	-0.0453
2.3480	0.7643	0.9281	1.1960	0.6080	-0.5359	-0.6263	0.8417	-1.0251	0.6529	-0.2744	-0.5793	-0.7300	0.6958	-1.1427	-0.2448	0.8871	0.5651	-0.0627	-1.1435	0.0458	0.5808	-0.2413	-1.0808	-0.3198	0.1850	-0.2188	0.1008	-0.6460	1.9308	-0.2643	-0.1962	1.2718	-1.6791	-0.4525	-1.1485	0.5600	0.5970	-0.9807	0.2680	1.0706	-1.4536	0.8877	0.5963	-1.6027	0.9311	-0.2855	-0.4496	0.1242	-1.1730	0.0671	-1.0761	-2.2363	0.0071	-2.3501	0.7413	-2.1298	-0.3903	-0.8418	-0.2388	-0.4025	-1.9147	-0.3985	-0.1773
-0.2896	1.6259	-0.1026	-0.2907	0.9890	0.0453	1.3078	-1.1293	-0.2661	-1.5065	-0.7410	-0.2726	-0.6537	0.5102	-0.1221	1.3264	-0.9286	0.4207	-1.3022	0.6053	-1.3634	-1.2213	-0.8807	1.4082	0.1166	0.7647	0.9057	-0.9168	-0.3839	-1.7184	0.4591	-1.3844	-0.2143	-0.0533	-1.7566	0.6980	0.1564	-0.0839	-0.5053	-0.6462	-0.0566	-0.1017	-0.1686	-1.0805	0.1297	1.0675	-0.6343	-0.8538	0.0532	-1.1239	0.5663	1.7582	-0.3728	0.8012	0.0784	0.7519	1.7347	1.5652	1.2346	-1.0507	-0.5322	-0.6284	-1.6093	-0.0670
-1.5171	-0.8131	0.0452	-0.1265	-1.1397	0.2068	-1.8066	0.4387	0.1807	-0.7136	-0.9099	1.1695	0.6911	1.5422	-1.3467	-0.2401	-0.1398	1.4931	-0.6244	-0.4527	0.0217	1.2887	-0.1282	0.9046	-1.2786	-0.2225	1.4380	-0.4791	0.9867	0.8097	-1.3017	-1.0059	-0.4215	-0.3187	0.3905	-0.1170	0.7912	0.4505	-0.0715	-1.9944	-0.2391	-0.3317	-0.9271	-0.9877	1.0808	0.1440	0.3075	-0.6639	0.8730	-1.0745	1.2522	0.6188	0.3645	-0.4386	-0.3315	-0.8652	0.0823	-1.9233	-0.7150	1.1038	0.6126	0.4333	0.3647	-1.5203
-1.2341	0.1739	0.5520	-2.1647	0.7164	-1.7946	0.7426	2.4398	0.3435	-0.4104	0.5618	1.8954	1.2089	1.1187	-1.6574	-0.3577	0.4710	1.0807	0.0565	-2.4201	-2.0160	-0.3843	-0.5416	0.2047	2.3771	0.0898	0.1613	2.4304	0.1678	0.7276	-1.7376	-0.8669	0.1849	0.1956	0.3461	-0.5750	0.9031	-0.0974	-0.4851	-1.0286	-0.2714	0.2584	1.5927	-0.1868	-1.3958	1.0693	0.4681	-1.1658	-1.1945	1.2706	0.0815	0.1393	-0.4037	0.4029	0.7801	0.8833	0.5625	-0.5429	-1.5457	-0.9672	-0.9476	1.2335	-2.0703	1.1389
0.5419	-0.7893	-0.2575	-0.2502	0.3688	-0.8088	-1.4758	0.3946	-0.4888	-0.1308	0.0830	-0.3988	-1.4268	0.8212	0.0013	1.6315	-0.6298	-0.0483	-1.5686	0.1887	-0.7136	1.4324	-0.3678	-0.1326	0.6521	0.0947	-0.3540	1.0520	1.5414	-0.6447	-0.0522	-0.0640	0.2700	0.8410	0.9428	0.5678	-0.0381	0.8717	-0.1830	-1.3270	0.9334	-0.4556	1.8560	-0.3936	-1.0027	-0.4719	0.2167	0.4142	1.0979	1.9751	1.0232	0.2558	1.8111	-2.3121	0.8475	-0.3970	0.1477	1.4551	0.7634	0.3270	0.4017	0.8255	0.6550	-0.4023
-0.0611	0.6632	2.7206	1.2530	0.4282	-0.2415	1.4737	0.2657	-0.9505	-0.1590	0.5957	-2.0756	0.6516	-0.4445	0.7439	-0.5227	0.6301	-1.1836	0.6125	0.2685	-1.6599	-0.3508	-1.4091	-0.3221	1.0064	0.5777	0.6216	-0.6268	-0.8538	0.4930	-0.0418	-0.6939	-0.6665	0.8950	0.2956	0.9045	1.1573	0.8977	0.7078	0.7845	0.9752	0.5578	1.6227	1.3030	-0.2842	-0.0857	-0.9261	-0.8716	0.9053	-1.0334	-1.3300	0.0940	-1.5101	-1.0466	-0.2319	0.7421	1.5927	-1.8086	0.7361	1.0601	0.3546	-0.1585	-1.1856	-0.0309
1.6447	-1.3917	0.5282	0.0195	1.9601	0.0524	1.0453	-0.6959	-1.3921	-0.8620	-0.2809	-0.4485	1.0411	0.5406	-0.3885	-0.7388	-0.3871	-0.2962	-0.2938	-0.2558	2.3419	-0.7536	-0.1616	-1.9710	0.1823	-0.7171	1.3246	1.4344	-0.1983	0.2599	-0.1885	0.7507	-0.8945	-0.4145	-1.3763	1.0763	0.2412	1.4725	0.9504	0.7507	2.3875	0.5218	0.8809	-1.1414	0.3387	-1.1455	-0.7953	1.4977	-0.2504	-0.0887	0.7100	1.7546	0.4773	-1.0309	0.8011	1.0667	1.4505	-0.0875	-0.6693	0.6990	0.2314	0.3221	-0.9511	-0.1945
-1.4869	0.4438	-0.8274	0.6766	1.1949	-1.0297	0.3136	0.0361	-1.3182	-0.3726	-0.0948	0.0503	0.9253	1.7055	1.4579	-1.2428	0.8662	0.3364	-0.7789	0.4440	1.3310	0.3315	-0.7656	-1.1764	0.2185	0.4669	1.1075	-0.9354	-0.6590	-0.9037	0.4220	1.7111	1.6007	2.1377	3.0146	0.3867	0.5002	-0.5578	-0.7694	0.2427	0.1189	-0.8121	-0.1475	0.5013	1.8581	-0.1738	0.5354	1.7567	-1.2178	1.0084	-0.0934	-1.8175	-0.0917	-1.0457	0.4752	0.0898	0.7751	0.7982	-0.5720	1.5501	-0.6268	1.1348	-0.5495	-1.0573
1.8599	2.6474	-0.2907	0.2946	-0.9890	-0.2268	0.7692	-2.7161	-1.2777	-0.2659	0.8862	-0.6850	0.5166	0.7645	0.5390	0.9159	-2.3134	1.8819	-0.4337	0.1597	-0.1798	-1.2451	-0.5402	-0.0263	0.4311	0.3354	-1.3311	-0.6081	-0.2429	1.4094	-0.0020	-1.0227	0.3481	0.9744	1.8460	0.4767	-1.2061	0.6199	0.6804	-1.2054	-1.5680	-0.5755	-1.7243	-0.9588	0.2952	0.3980	0.5097	0.9774	-0.0273	-0.6076	0.4290	0.4296	-0.2466	-1.0096	0.9852	-0.4430	0.1867	-0.9695	-2.2988	1.2811	-1.5221	0.2080	1.0637	-0.1253
-0.0354	0.4294	-0.8649	-1.5048	0.2133	-0.2522	-0.3298	-0.5751	0.4246	-0.2626	-0.7871	0.9375	-0.7703	0.8268	0.4739	-0.4754	0.9494	1.0270	0.2084	-0.3810	-0.3346	-0.1481	1.3218	0.5623	-0.2623	0.0528	-0.7875	0.5839	-0.8394	-0.6955	-0.3748	-1.1096	-1.2973	-1.8764	1.2707	-0.7770	-0.0819	0.0397	-0.3833	-0.5207	1.8755	0.5703	0.9496	-0.9270	1.1324	0.2881	0.0667	1.0604	-0.6077	-1.2334	0.6115	-0.2458	0.8892	-0.8585	0.0556	0.7870	-1.9821	1.1627	-0.8831	-0.3650	-0.0740	-1.3978	0.5873	-1.1507
0.0081	-0.0294	-0.1794	-0.5222	-0.0471	-0.4768	1.1282	0.8845	-1.5823	-1.7307	1.4087	0.8195	0.5361	-0.3599	-0.6567	0.1307	0.2775	1.2472	-0.2800	-0.2540	0.8078	1.6150	-1.6972	-2.2975	0.7286	-0.4722	-0.4200	0.1989	0.3613	-0.2139	1.0434	-0.3798	-0.4687	-0.3965	1.2928	-0.3302	-0.0846	1.4140	-0.8496	0.9265	-1.1096	1.4815	0.8257	0.9485	0.3247	2.7557	-1.9612	-0.3298	-0.1262	-0.0564	-0.6219	-0.6285	1.3621	-0.0695	0.3759	-0.4429	1.8522	-0.0456	0.8971	0.3989	-0.9990	-0.3368	1.1789	-0.5800
1.1530	0.2784	-0.2076	-0.8908	1.5738	0.1076	0.1386	-0.3818	1.1634	0.2668	0.7588	-0.1520	1.6571	0.3056	1.2859	1.8163	-0.0620	-0.4301	0.3642	0.4758	-2.1205	-0.7569	1.3971	1.2825	-2.1423	-0.8252	-0.8186	-0.2470	-0.3987	-0.4087	-0.0621	0.0681	0.5811	-0.2262	-0.5596	-2.9846	0.6458	0.6710	-1.0225	0.2441	0.1355	0.0027	-0.2799	-1.4214	-0.2413	0.8169	-0.1051	0.1831	1.2147	-0.4430	-0.4970	1.3850	-0.4629	1.0520	-0.3159	0.6673	-0.3370	0.1039	0.0332	-0.7065	1.5473	-1.1480	0.4362	0.0287
0.6661	1.6856	-1.5569	1.5454	-0.0243	-1.9964	-1.8045	-0.5346	-2.2445	-0.0957	1.7517	-1.1162	-0.9538	-1.5504	-2.8164	0.0249	-0.4213	-0.2986	0.7596	-1.2099	-0.9045	-1.2520	0.2886	-0.0906	-2.0335	-0.2583	-0.7170	2.0298	-0.7057	-1.2384	0.4866	2.0115	-1.3314	1.2392	0.1717	1.4090	-0.3228	1.6134	0.7641	-1.1989	1.0301	0.7233	1.1756	0.6667	1.1532	1.3796	-1.0558	0.9209	-0.2577	0.5591	0.2932	0.5733	-0.2391	-0.2150	0.8588	0.2250	-0.0141	0.4562	-1.1832	0.6618	1.7324	-0.1582	0.3101	0.5613
0.0358	-0.5357	-0.1159	-0.7506	-0.8706	-1.5722	0.4429	1.4446	1.9356	-0.4978	0.2612	0.4594	0.6286	-1.6911	-0.2072	-0.5873	0.4982	0.1452	0.2075	-0.3318	0.8642	1.9541	0.5325	-0.8039	-0.0388	0.6998	0.1648	-0.9679	1.2112	-0.6212	-0.1602	0.2878	-0.6937	-0.2457	-0.1545	-0.4239	1.1078	0.5288	1.0086	0.4207	-0.9124	0.5040	1.9533	0.5564	-1.7441	-0.2219	0.0856	0.5642	0.9028	-1.8215	0.9805	-0.4521	-1.2285	0.3773	-0.3268	0.6715	2.8090	1.4044	1.0020	1.7638	-1.4111	-0.1248	-0.4837	0.5304
1.1239	1.2256	-0.5860	0.9816	0.4753	-1.2197	0.0494	-0.8449	1.0328	-0.6131	-0.6470	0.2217	0.8905	-0.3761	-0.1211	-0.9015	-0.4526	0.8491	-0.1335	-1.6551	-0.1383	0.1876	0.9500	-0.2717	2.3389	-0.6056	-0.0818	1.0174	-0.2511	-0.3884	0.0286	-0.3761	-1.9392	-0.3155	0.0158	0.5160	-0.4931	2.1831	1.5775	-0.3810	-0.9082	-0.5219	-1.1848	-0.3287	0.0880	0.3826	1.1461	1.8201	0.2826	-0.8208	1.2749	0.6822	-0.8171	0.4736	-2.1550	1.1331	0.6523	1.3701	-0.8584	-1.2015	1.6888	0.6135	0.5206	0.2889
0.3036	-0.7494	-1.2447	-1.7990	1.0210	1.9355	-0.0615	1.0652	-0.7407	-1.8049	-0.6056	0.2658	0.8391	-0.6206	-0.0150	0.4731	-0.5977	-0.6491	1.0753	-0.1789	1.1327	1.3531	0.4974	1.2307	-0.4127	0.2456	1.3144	1.2201	0.4998	-0.4845	0.5448	0.6673	0.3469	0.8633	-0.1206	1.3577	1.8322	2.6122	-1.0189	-0.9673	0.4508	-0.2441	-0.2419	-0.9945	-1.0248	0.3172	-0.2819	-0.7900	-0.5820	-0.2534	-1.6053	-0.0046	2.4983	1.1180	-0.1191	0.1456	0.6380	-1.5772	-1.6819	-0.5987	0.1346	-0.3017	0.1849	-0.5943
1.4756	-0.3425	0.2913	-1.9401	-0.2147	-1.1097	0.6565	0.2465	-0.6466	0.6248	2.5068	1.7288	1.3925	1.8715	0.6449	0.4924	-0.4877	1.9779	-1.3282	0.1028	1.3572	2.9452	0.7779	-0.1797	-1.4140	-0.9625	-0.7204	0.8338	0.2485	1.8975	-1.9457	-1.5068	-0.8887	-0.2882	-0.5762	0.2660	0.9682	-1.5496	-0.2894	1.3107	-1.4994	-0.7691	-1.6605	-0.2575	-0.9059	0.9362	0.0572	-1.2081	-0.3891	1.0968	-0.2091	-0.1896	1.1367	0.5503	-0.5848	-0.2196	0.6870	1.3240	-0.3389	-1.9883	-0.2662	-0.7499	0.9355	0.5451
-1.1927	0.7069	-2.2538	-0.0678	1.1223	-0.8064	-1.0134	-0.3505	-0.0068	-0.9515	-1.0817	-1.2549	-0.4244	-0.4216	0.2523	-1.1158	0.9145	1.6537	0.7893	0.3459	-1.3202	0.1548	0.1407	0.8464	-0.7751	-1.5238	-0.4578	1.4083	2.1694	0.9908	0.1771	1.3751	0.2116	0.9144	-1.1419	1.2514	1.3901	0.5764	1.0688	1.1828	-2.1083	-0.2396	-1.8127	0.2680	1.3002	1.5670	-0.3102	-1.1722	0.7735	0.9704	0.1886	-1.0981	-0.3523	1.2840	1.0313	0.8842	0.3226	0.0064	-0.5201	0.3103	0.3796	2.1811	1.7539	-0.5929
-0.4768	1.0874	-0.7291	-0.4538	1.2853	-2.7896	-0.0695	0.7302	0.0119	0.7534	0.2735	0.2398	-0.1146	-0.4930	-1.4061	2.0841	-2.8056	0.9975	-1.9131	0.9143	0.2343	-0.9181	1.3189	0.3102	0.1453	-1.8340	-0.7105	1.0996	-0.3521	1.0024	-1.7816	-0.5373	0.7456	-1.8806	-0.6782	-0.8308	-0.4970	-0.4241	-1.1927	0.5698	0.2931	0.0853	0.3521	0.4587	-0.3702	-0.5092	-0.9917	0.2733	-1.9868	2.0727	0.0026	1.0654	-0.0535	0.3057	-0.3662	-1.7009	1.8811	-1.6440	0.3715	0.1136	-1.5074	-1.1099	0.1832	-0.9144
-0.4382	-0.9822	0.2080	-0.8018	0.2684	-0.9690	1.1225	-0.0771	0.2025	0.0808	-0.5679	0.5529	-1.3210	-0.9933	0.0183	1.6679	-0.3794	-0.4295	1.4406	1.6548	0.1882	-0.7475	0.0596	-2.0275	-0.6379	0.9651	-0.1607	0.9959	-1.4507	0.1785	0.1033	-0.1529	0.1492	-0.3059	0.2450	0.4965	1.4965	0.3817	-1.2234	-1.8753	-0.5903	-0.4538	-1.2579	-1.2033	0.6389	-1.6285	-0.7994	0.9758	1.0313	1.3171	-0.5366	-1.5931	2.2051	-0.5899	-0.2275	0.3436	2.0738	1.3054	-0.4050	0.8547	3.2179	-0.5557	0.0664	0.7160
-1.2624	0.5610	0.4138	0.9819	-0.2123	-0.1373	0.7240	-0.2761	0.9598	0.9387	0.1107	-1.0691	-0.6835	-0.3665	-0.5801	1.1379	-0.8016	-0.4568	-1.9780	-0.3420	-0.5142	1.2625	1.0446	0.1315	-2.6835	0.7162	0.7186	-0.5885	-1.2027	-2.0565	-0.6713	0.2210	-1.8724	0.6704	0.5723	-0.7867	0.8457	-0.0039	-0.0670	0.1805	-1.7975	-1.6851	0.7103	-1.0353	-0.2243	-1.0629	0.6242	-1.8377	-1.2086	0.2017	-0.0628	-0.9535	2.1103	0.2002	0.5194	1.0005	-0.5244	0.2107	-1.4844	-0.3790	-0.8288	0.7227	1.2519	0.6171
0.5830	0.3766	-1.3836	-1.2572	-2.3189	-0.6348	-0.0694	1.3864	-0.0942	-0.1577	0.8538	-0.7565	0.3835	0.4725	0.9003	-1.2456	0.0832	0.5969	0.6348	-0.1644	-0.1977	-1.8741	0.4310	-2.0223	2.2275	-0.3387	-0.5195	0.3954	0.1464	0.2766	-0.7712	1.0143	-0.9955	-1.1128	0.0901	1.3585	-0.6313	0.3430	-0.5274	0.4375	1.5795	0.5448	-1.7366	-1.1382	0.1775	0.3349	0.8806	0.3711	-0.5577	0.3500	-0.2302	0.9818	1.9767	-0.3863	-1.0924	-0.8735	1.3591	-0.7602	0.5744	-0.4734	-2.6607	-0.2981	-1.2972	-0.1729
1.3981	-1.0770	-0.6195	-0.3662	-0.2926	0.7749	1.4626	0.4810	2.0950	1.2819	1.7644	1.2627	0.3334	-1.4276	0.4382	0.0878	1.6688	0.0072	0.3104	0.1332	-0.5563	-1.4537	1.9035	-1.1244	-0.0462	0.9877	0.6137	1.6897	1.1149	0.6248	-0.5709	1.5078	-0.0297	-0.7972	-0.3054	0.4617	-0.1405	0.1930	0.7476	-1.0970	0.0587	-0.8170	0.4378	0.2950	0.6080	-0.1192	-0.2557	-0.1620	1.2830	1.0239	-0.9520	-0.6959	-0.8920	-1.7355	0.1798	1.1406	-1.0182	-0.1348	-0.7089	-0.6666	-0.5398	0.5882	0.3019	-0.6932
0.4515	2.2612	0.4410	-0.7090	0.0658	0.2634	-0.5207	-0.3960	0.8678	0.7625	-0.7354	1.7624	-2.0273	-1.6415	1.1125	-1.0341	-0.1457	0.2137	0.2119	0.8190	-0.2982	-0.4486	-0.4461	0.4113	1.4047	-0.4279	0.3578	-0.2586	-0.1218	0.0271	-0.2845	-0.6318	-0.2709	-0.8324	0.9492	-0.6218	0.3220	-0.4676	2.3393	1.5356	-0.0146	1.1382	1.1062	2.4219	-0.2594	-0.0619	-1.3148	0.2560	-1.0087	-0.1054	0.2661	0.2920	-0.1189	-0.3518	0.7672	-0.8710	-1.2466	-0.4090	0.4770	-0.4697	-0.1177	-1.0189	-1.9565	-1.1593
-0.2538	-0.5192	1.0742	0.4012	-0.5527	0.6715	-0.0061	0.9048	0.4767	0.9537	0.3615	0.3223	0.0747	-0.8168	-0.5404	-1.6283	-1.4309	-2.2478	-1.2424	-0.5423	0.9448	0.0388	-0.7810	0.4908	1.1696	0.4626	0.1441	-0.0277	-1.2204	1.1802	0.6983	-1.1391	1.2318	-1.6799	-0.2097	0.1216	-0.7163	0.6079	1.7867	-1.1991	1.3342	0.1164	0.0869	0.3632	-0.1818	0.5445	-0.2822	-0.1803	-1.9324	0.3750	0.0852	2.9506	1.0038	0.5954	0.5278	-0.4407	-0.2870	1.3036	-0.2773	0.7452	0.3430	0.3931	-0.0615	-0.8903
