-0.2078	0.0224	-0.9732	-0.4095	-0.9842	0.4009	0.0912	0.1158	-0.3570	0.2137	0.0593	0.5348	0.1882	0.9384	-0.2544	-0.5495	-0.5992	0.6155	1.0536	0.1716	-0.1380	1.7022	-0.1117	-0.5289	-0.3543	-0.6131	-0.2483	-1.3824	1.4077	-1.1131	0.3794	-0.1072	0.1158	-0.0146	0.7342	1.5879	-0.7336	0.1970	-0.4863	0.7299	-0.0622	1.0016	-0.3046	1.2198	-0.3067	1.3290	-0.0290	0.4422	-0.8815	0.5881	-0.3279	-0.2758	-1.1640	-0.2770	-0.8792	1.1171	1.4810	-1.6542	0.6333	-1.0155	-1.0142	1.4418	-0.3118	0.2732
0.0461	-0.8868	0.6810	-1.1444	0.6959	0.6982	-1.7099	0.6189	0.1870	-0.2718	-0.2309	0.3133	-0.6885	-0.2184	0.3944	-0.2440	-1.5441	0.1347	0.3723	1.5121	0.0093	-0.2264	0.2577	-0.1596	0.9732	0.4977	-0.5092	-0.1290	-0.1507	1.7847	-1.9334	1.2525	0.3050	-1.0365	0.1833	1.1501	-1.0363	-1.1841	0.1646	0.7355	-0.2933	0.3005	0.1599	0.6784	0.4257	-0.5788	-0.2814	0.4089	0.7431	-1.3050	0.1658	0.1268	0.5335	-0.7182	-0.8455	-0.7589	0.0948	-0.4242	1.2002	-0.2719	-1.5552	0.6106	0.8064	0.3580
-0.1061	0.5037	-0.3262	0.8982	0.5232	-1.2313	-0.9796	-0.5529	0.6578	-0.1125	0.2185	0.7536	-0.5359	0.7980	0.9750	0.6883	-0.7777	2.3635	0.2620	0.2044	0.2922	-0.4051	-1.6691	-2.8379	-0.2357	-0.5121	-0.8078	0.5764	-0.5923	0.5333	-0.5970	0.5195	-0.5930	0.2708	-0.7203	0.6325	0.3325	-0.8091	0.1032	-1.2840	0.0623	1.4393	0.2942	0.1523	-0.3435	-0.3702	0.0119	-1.2616	0.6178	-0.0400	-0.6915	-0.2521	1.2039	0.9958	0.0182	0.7576	1.4250	-0.3628	-0.6882	-0.4149	0.8216	0.9933	-0.1714	-1.5607
0.2604	-0.5380	0.3082	0.3411	0.3098	-0.2624	-0.3408	1.0857	-0.5243	0.1084	0.7094	-0.6818	0.3018	0.9286	-1.7020	-0.1729	-1.1911	-0.0080	0.5314	-0.0516	-0.7693	-1.0482	-1.4654	-0.6107	-0.3545	0.0796	1.1726	-0.7505	0.6689	0.3315	-0.1821	0.5925	-0.4317	-0.9056	0.1480	0.3600	0.9748	0.7112	-1.1526	-0.3036	-0.2115	-1.4107	-0.0770	0.8891	-0.4464	0.5955	-0.0613	-0.2870	0.9188	-1.7909	-0.0453	0.2371	-1.2577	0.6774	-1.3531	0.0404	-0.0404	0.6127	0.1433	0.0516	0.3451	0.3621	-0.7920	-0.7372
0.4829	-0.2543	1.5916	-0.4419	-0.7967	-0.7415	-0.2157	-1.2382	-0.8991	1.0994	1.0137	-0.0646	-0.7682	1.6088	0.0614	-0.5702	-1.2438	-0.8369	-0.2478	0.1598	1.6263	-0.0150	-0.3169	-0.3860	0.0468	-0.1793	0.4275	-0.7031	-0.6253	1.0656	0.4936	-1.6239	0.0489	-1.1869	-0.6242	0.5123	-0.6985	-1.0657	0.5903	0.0288	-0.9131	0.4612	-1.1515	-0.7034	-0.5202	0.0123	1.8650	-0.4538	-0.0064	-0.7312	0.5650	-0.2351	-0.8232	-1.3984	-0.4120	0.1615	0.5559	-0.2061	-0.7855	-0.4812	1.0632	-0.8020	0.1351	0.1358
0.7647	0.2566	0.5718	-0.3949	1.7989	-1.3645	0.3513	1.0596	-1.1715	-1.2354	-0.2455	-0.5925	-1.5212	1.4805	0.5524	-0.8571	-1.7001	0.9315	-0.5494	0.6110	-0.0602	0.9083	0.9915	-0.3174	-0.7303	0.0334	-1.8193	1.3288	0.2322	-1.3486	0.3873	-2.1127	3.3609	-0.9281	-0.7781	-0.1975	-0.9215	-0.3426	-0.7781	0.3330	0.4747	-0.0572	-0.9632	0.5348	-0.1552	0.2037	-1.1683	0.4430	-0.2307	-0.4782	0.9920	-0.8130	-0.1867	-0.2170	-0.5077	-0.4633	-0.4653	0.6446	1.1267	0.0957	0.9274	-0.5479	-0.3924	-1.6227
-1.2417	-0.0260	-1.0851	-0.6581	1.3379	-0.3039	0.3345	-0.2703	0.2177	0.0502	-0.1973	-0.0052	0.7563	1.6717	-0.5306	-1.2271	-0.6498	0.2933	-0.1779	2.5849	1.0942	-0.3178	0.0560	-0.3231	0.0656	0.4341	0.7059	-0.2959	0.2735	1.5518	0.5007	-0.3307	-0.5350	0.2336	-0.1788	-0.3011	-0.4246	1.8427	0.6193	1.1060	0.7767	0.1095	-0.0157	0.0467	-0.5243	0.2111	0.5577	0.3892	0.1104	-0.0381	-0.6887	-0.5599	0.9221	-0.8893	0.1975	-0.0557	0.7426	0.8078	0.0657	1.0721	0.1373	0.1303	-0.8303	0.0436
-0.3768	0.8378	-1.6306	-1.8893	-0.3100	-0.4267	-0.5380	0.2364	-2.0169	-0.3995	-1.0724	1.9998	-1.5168	0.5249	-0.5751	-0.2154	-0.6597	-0.1038	-1.5119	-0.6780	-0.0844	-0.9126	0.3162	-1.5863	-0.3382	1.7802	1.8420	0.9543	0.5041	1.2081	1.3514	-0.1070	-0.5585	-0.4405	1.1068	1.6414	0.2007	-0.5485	-1.0979	1.6062	0.1199	-1.2896	0.2770	0.7777	-0.0507	-1.0567	0.0729	-0.6126	0.7113	2.2432	0.9760	-0.5706	-0.1703	0.8206	0.9642	-0.6456	-0.1882	-0.8028	-0.7242	-0.6641	-0.2958	-0.2460	1.2894	-0.6972
-0.6540	-0.5684	-0.2956	1.1393	0.7948	-0.8163	0.1193	0.6200	-0.9569	0.4349	-1.3583	0.7545	-0.0612	-0.6800	-0.0550	-0.0399	0.2990	0.8581	0.3102	0.3920	0.3525	0.7243	0.8319	-0.2471	0.6618	0.3537	-0.1173	0.9054	-0.5911	0.6532	-0.1533	-0.8959	-0.4653	0.3757	-0.4068	1.5681	0.4053	0.4842	0.6318	-0.0019	-0.9497	1.0468	-0.4621	0.4808	0.2071	-0.9502	1.1392	0.5358	-0.2572	-1.9342	-0.8817	-1.6118	-1.5870	1.7583	-0.6050	-0.1693	-0.5583	-1.2717	-0.7280	1.1312	-0.3462	-0.3677	-0.2967	0.3557
0.4857	1.4786	-0.1121	-0.9072	-0.8144	-0.2551	-0.1438	0.5530	-0.5740	-0.6049	-0.0204	0.7532	0.0740	-1.2163	0.9413	0.1533	-0.5865	0.3162	0.4547	0.8556	0.5536	0.8092	0.0267	0.8528	0.5489	1.9260	0.5770	-0.9014	-0.5770	0.1954	0.1178	-0.1992	-0.5805	1.0416	0.1548	-0.4832	-1.6851	0.0406	-0.0680	-0.1625	1.6426	0.4992	0.3159	0.5122	-1.1052	0.9810	-0.7933	-1.6660	1.1046	-2.1243	0.9521	-0.3704	-0.9224	0.4549	0.2227	0.0796	0.4580	0.0405	-0.1409	-0.4803	1.4703	0.4105	-0.1582	0.5151
-0.3239	-0.6766	0.0906	0.2240	-0.2806	0.3184	1.5621	-1.0078	-1.6018	-0.1957	0.7030	0.6611	-0.8053	-0.6677	0.7292	0.3075	-2.0855	0.0732	-1.0971	0.3682	-0.2335	0.0329	-0.7029	-0.7116	0.8533	-0.5267	-0.0728	-0.6670	0.8336	0.9654	0.0993	-0.6979	0.6163	0.2342	-0.0254	-0.1652	0.4557	1.8572	0.5078	-1.4339	-0.2822	0.3653	0.5367	1.9543	-0.0399	-1.2827	-0.3573	0.0322	-0.4232	-0.1515	-0.3221	1.4354	0.8109	0.6035	0.0061	0.0351	-0.6831	-0.2822	0.9097	-1.7031	0.5899	-0.6714	-0.1468	1.9514
1.0072	-0.2372	-0.3895	-0.7237	0.7890	-1.0223	0.4861	1.5166	1.1375	-0.1810	-0.6560	1.0424	0.7150	0.6445	0.4960	-0.2607	-0.4047	0.3496	-1.6260	0.5430	0.3851	-0.3144	-0.3508	-0.1747	-0.3857	-0.7506	-0.7298	0.7911	-0.5868	-0.9329	-0.4990	0.2352	-0.5526	1.1002	-0.3577	-0.5798	-0.7264	0.9580	-0.8143	0.0927	-0.1475	-1.0093	0.7792	-0.1475	0.9296	0.6131	-1.0560	1.1085	-0.1391	-0.1394	-0.0502	1.5098	-0.2923	1.1758	-0.2073	-0.0927	-0.6127	-0.7296	-0.1971	-0.3111	0.2528	-0.0014	0.7188	0.3503
-1.1922	0.7008	0.1543	0.0312	0.3610	0.0070	0.1396	-0.0088	0.6728	-0.0436	0.1454	-1.0272	-0.1621	-0.2284	-1.9136	0.5114	-0.6414	-0.4240	-0.1917	0.7178	-0.7656	0.2869	0.1671	-0.8649	0.3960	0.1468	-1.0743	-0.2978	-0.5774	0.0498	1.0117	1.3279	0.1579	-0.6456	0.4083	-0.1960	-0.2456	0.0755	-0.9098	0.0776	-0.3555	-1.9095	-1.0857	0.5257	-0.9855	0.1632	0.6130	-0.7258	-0.7208	0.0317	-0.5182	1.7228	-0.9563	0.1132	-0.1380	1.9405	-1.7213	0.7138	-0.6903	-0.3579	-0.0680	0.2573	-0.2173	-0.0996
0.9079	-1.3313	-0.5166	-1.6761	-0.5104	1.3295	-0.6150	-0.5876	1.5706	-1.8300	-0.4935	-0.1469	1.6201	-0.4910	0.4698	0.3136	-0.7682	1.0723	0.2694	-0.1238	0.2398	-0.0628	0.3381	-0.3571	0.8551	1.4674	-0.1198	1.1475	-0.0067	-0.6434	-0.4114	-0.4309	0.2315	-0.2481	0.0126	-0.6298	0.4761	0.2369	0.1500	0.3856	-1.0754	0.0165	1.9044	0.7744	-0.3641	-0.1610	0.4233	-0.5129	0.3506	0.3561	-0.7640	-0.0007	-1.1081	0.6692	-0.1001	0.1725	-0.7495	0.8300	0.4122	-0.3371	0.2179	-0.6481	-0.9313	-0.2093
0.3392	-0.9574	0.7320	0.5775	-0.9120	-0.0652	-0.9389	0.8784	-0.7037	0.1583	-0.2264	0.4431	0.5717	-1.0143	-0.9013	-0.3498	0.3336	-1.0509	-0.8553	0.0462	1.0480	0.0335	0.2436	-1.2330	0.7447	-0.5234	-0.2828	-0.9924	-1.2058	-0.5266	-0.4777	-0.7904	0.9194	1.0117	-0.2195	0.4800	-0.0930	-0.5589	-1.5186	-0.6892	-0.1640	-0.5588	0.5019	0.9422	-0.2001	0.2632	-0.5552	0.9029	-0.0409	0.8131	-1.2709	0.1427	-0.3759	-1.0593	0.7967	-0.2219	0.2365	0.8988	0.9712	0.9164	-0.3075	-0.4557	1.1291	0.6617
0.9579	-0.9105	-0.4539	0.7229	0.1229	0.1979	0.4498	-1.2349	-0.1168	0.0954	-0.5479	-0.0677	1.1827	0.0424	-1.0964	1.8346	-0.9287	1.7590	-0.8456	-0.1332	-0.2832	-0.4901	0.3610	-0.6030	0.8644	-0.7827	-0.7355	-2.2390	-0.1291	0.6126	-1.1075	-0.0518	1.4128	0.1238	1.4255	-0.6776	-0.3746	0.7832	-0.1711	1.4988	-0.5016	0.7554	-0.0941	-0.4954	0.6344	-0.9224	-0.6416	-1.2496	0.0374	0.4381	0.9352	-0.2792	-0.3502	0.1049	0.2569	-0.1201	0.1780	0.6651	-0.7698	-0.7542	0.4891	-0.6024	-0.0303	0.2964
-0.1471	-0.9658	0.4247	1.3880	-1.2592	-0.0355	0.4823	-0.9155	0.5665	1.6315	0.6715	-0.4204	-0.4629	-1.1801	0.1313	-1.1190	-0.7063	0.3183	0.5443	1.1265	-1.8356	0.2209	-0.0766	1.2128	1.0065	1.9912	-0.6438	0.2887	0.5023	0.6891	0.3625	-0.9583	-0.0734	-1.3868	0.0991	-0.4889	-0.4380	-0.1331	-0.7378	-0.6825	0.4506	0.9518	-0.5489	0.4868	0.6723	0.9254	-1.3084	-0.1024	-0.1698	0.4644	-1.4715	0.5446	0.9475	-0.2446	0.6364	-0.3761	0.7758	0.4640	-0.4880	0.1497	0.5387	-0.2175	-1.2258	0.1186
-0.6092	-0.7595	-0.6492	-0.2682	-1.2653	-1.2770	-1.2789	-1.3415	-0.2464	0.6267	-1.1188	-0.3842	-0.3893	-0.2515	0.4373	0.4253	0.0329	-0.7877	-0.2898	-0.3379	-1.0632	0.0126	-0.0696	0.9231	0.4284	0.1875	-0.7305	0.0266	-1.9588	-0.7627	-0.1111	-0.0525	-0.2258	-1.1664	-0.6099	2.0356	0.3708	-0.0457	1.1221	0.7880	3.0113	-0.0942	-0.1063	0.8265	0.5785	-1.1371	-0.4400	0.5141	0.2630	-0.1533	-0.6310	0.7760	0.0248	-0.2478	-0.4207	-1.2654	-1.0981	1.1767	-0.9764	-1.1581	0.5501	1.2630	0.9739	-0.3236
0.6266	-0.0184	-0.1847	0.2337	-0.2270	0.5832	-0.4820	0.9665	-0.5799	0.3180	-0.2230	-1.6359	1.1271	-0.2614	0.2868	0.0078	0.9639	-0.4793	-0.2242	0.1798	-2.9532	-1.3257	-0.5360	-0.7123	-0.8384	-0.7365	-1.7816	-0.2737	-0.0724	2.3006	1.7512	-0.5581	-0.7248	0.3097	-0.5109	0.6254	-0.7649	-0.4533	1.9546	1.0791	-0.0598	0.2670	0.1491	0.5367	-0.3829	-0.0289	-0.3761	-0.1422	-1.1413	-0.0210	0.5479	0.1907	0.8146	1.5456	0.0799	0.6105	-0.1367	-0.6601	-0.2383	0.8621	-0.4229	0.1354	0.0160	0.7417
0.2011	0.8863	-0.6576	-0.5279	-0.8758	-1.0428	1.3567	0.1652	0.2593	-0.2265	0.5195	-0.1868	0.3275	-0.1642	0.0507	0.9778	0.1168	-0.5434	-0.1786	1.0366	-0.7339	-0.7544	0.6197	-0.3056	1.0816	-0.3989	-1.6817	0.8235	-0.9708	0.4102	-1.1258	-0.4239	-1.1585	-0.0684	-1.2264	0.0286	-0.7833	0.6791	0.3001	-1.9971	-0.8671	0.0799	-0.1481	-1.6680	0.8036	1.1697	0.1355	-1.2107	-0.8182	0.5549	-0.4367	0.1142	-0.2479	-0.5488	-0.8710	-2.4163	-0.4544	0.2175	-0.1736	0.1621	-0.3634	0.3254	-0.2238	-0.2910
0.2487	-0.1463	-1.1745	-1.4791	-1.8703	-0.4273	0.8090	-0.6572	-0.7847	0.0831	-0.0163	-0.6262	-0.2877	-0.0847	0.5066	-0.1763	1.2026	-1.5863	0.6768	-1.0195	-1.2772	-0.6962	-0.7888	-0.6956	0.1665	-0.4640	0.9378	-0.2291	0.5352	0.1032	-0.2915	-0.4031	0.3988	1.0863	-0.1026	-1.1842	0.1252	-0.6986	0.5036	0.0265	-0.5346	0.4415	-0.5854	-0.0665	0.9945	0.1774	0.4035	-0.4925	0.1017	-0.0409	-0.9715	-0.1594	-0.5859	0.2304	0.7273	-0.2958	0.1230	0.9148	-0.3486	1.2732	0.3696	1.6974	-0.8086	0.0766
-0.2731	-0.4123	-1.4359	-0.7867	-0.4070	-1.3853	-1.0091	-1.2607	0.9469	-0.1180	0.2570	-1.2184	-0.8028	-1.9493	0.1910	0.9205	1.8445	0.0263	-0.8217	1.1071	-0.1434	0.0172	-1.3340	0.5106	0.2177	-0.0694	0.6647	0.0008	-0.8940	1.1013	1.1272	0.8845	0.7248	0.9054	0.2221	0.8812	-1.6134	0.5723	-0.3370	0.5699	-0.2144	0.6845	1.1760	-1.9650	0.5160	0.8433	-0.3927	0.4455	0.3298	-0.2962	-0.8173	-0.7314	-0.3195	-2.0766	-0.3734	1.7670	-0.2212	-1.4610	-0.1546	-0.0459	0.7871	-0.9431	0.0152	0.1634
-0.4358	-1.1738	-1.3277	0.6886	-0.3494	-0.2470	0.7017	0.7301	-0.8803	0.1218	0.5824	-0.5631	-0.5246	0.3887	1.1298	-0.4297	0.3570	-0.4661	-1.3350	0.8599	-1.6532	0.8186	0.0000	0.9776	-0.8036	0.5027	-0.4184	0.2860	-0.4797	-0.8265	0.1490	0.0520	-0.5267	0.6748	1.5050	1.1990	0.4198	0.0386	-0.6146	1.1229	-1.9130	-0.8220	0.0992	-0.4279	-0.8513	-0.4838	0.7058	-1.7312	1.4804	0.8708	-0.5161	-0.3984	0.4474	0.0329	0.1503	-1.0019	0.0646	0.5523	0.4835	-0.1465	0.7751	0.3084	0.7373	0.3091
-0.1565	1.1378	0.4506	1.0241	-1.4434	1.1599	0.1502	-1.6869	-0.1695	-1.0901	-0.0340	-0.3847	0.3427	0.4988	1.5913	0.4526	-0.4370	0.5203	-0.6958	-0.1399	-0.5776	0.3191	0.6001	0.8090	-1.7965	-1.2782	1.0041	-0.4712	-1.1924	0.0872	-0.7622	0.1455	-0.4927	-0.3200	-0.1929	0.0056	-2.0789	0.9350	-0.3379	-0.2313	-0.3929	0.2555	0.2450	-0.2135	-0.8114	1.0815	-0.1630	0.3018	-0.4595	0.6675	-0.9516	1.6798	0.4147	0.0590	-0.9736	0.1341	-0.7467	0.8436	0.2056	1.5186	0.3235	0.5531	-0.1152	-0.2846
-0.3395	-0.3506	0.0479	-0.7927	-0.2149	0.0750	-0.2298	0.1426	-0.8602	-0.3626	-1.0269	-0.4923	0.3892	0.8798	0.0350	0.3545	0.8920	-1.0279	0.1471	-0.4643	0.2942	0.0676	-0.5850	0.9508	-0.4701	-0.4266	-0.1533	-0.4648	-0.3861	0.2784	0.3022	0.1923	-0.7436	-0.1670	-0.1285	-0.1766	0.7114	1.5621	-0.3603	-0.4105	-1.4358	0.7479	-1.1805	0.7718	0.5890	-0.7503	-1.1849	1.5403	-0.4222	0.3325	-0.0412	-0.0717	0.0476	-0.8177	-0.0157	-0.3670	-0.6249	0.6803	-0.7396	-1.0598	-0.9336	-1.6625	-0.8920	-1.5050
0.5055	1.0327	0.7781	0.2428	-1.1368	0.0098	1.0451	0.2819	0.6493	-0.1425	-0.2091	-0.7801	-1.5761	-0.5740	0.6229	0.5489	0.5053	0.4777	-0.7893	1.1028	0.1847	0.0263	-0.1749	-1.0364	-0.4845	-0.3897	-1.2237	-0.0693	-0.6201	-0.1113	-0.0500	-0.4708	0.3784	-0.7254	0.4934	-0.9537	0.8947	0.6259	-0.0046	0.6309	0.8903	0.2806	-0.1489	0.0049	0.5974	1.1474	1.1079	0.3835	0.5934	-0.0833	-0.8541	-0.8067	0.2296	0.5327	0.7501	-0.7707	-0.7986	0.0899	1.5560	-0.8777	-1.6273	-0.5985	-0.6381	-0.7675
-0.0507	-0.4139	0.4014	0.5060	1.4546	-0.5696	0.1015	0.3449	1.3524	0.2213	0.4428	0.7248	0.2638	-1.3781	0.9871	0.1709	0.6765	-0.8043	0.9565	-0.2838	-1.4288	-0.3486	0.0366	-1.2686	-0.0296	-0.2169	1.9227	0.6810	-0.2820	0.0276	-0.6341	-0.7280	0.5025	-0.6649	0.1168	-0.3844	-0.6585	1.9300	-0.3312	0.3845	-0.1847	0.4358	-0.2936	0.0889	-0.6139	-0.4990	-0.5740	0.0085	0.7612	0.0992	0.4497	-0.1793	0.5314	-1.0743	0.2856	-0.6243	-1.0461	0.1098	0.1583	-0.6653	-0.4552	0.6628	0.2309	-0.1371
-0.9029	-0.4449	-1.4731	0.7396	-1.1682	0.3294	0.5794	0.9017	0.0055	0.0235	0.2526	-0.4833	1.0619	0.6726	0.3925	0.5648	1.0423	0.1012	-0.1172	-0.5829	-0.3995	-0.6771	-0.4946	-0.5519	0.7591	-0.0514	0.0121	1.0649	-0.3353	-0.3603	-1.1178	0.1991	1.0100	0.5003	0.2455	0.5300	0.5559	0.6947	-0.7342	0.2435	1.0898	0.6883	-0.1541	1.4995	0.3660	0.9069	0.4106	0.1932	-0.6564	0.1552	0.4007	1.2828	-0.2035	-1.8781	-0.3753	1.1096	1.3981	-0.5178	1.6352	0.0008	0.1385	-0.9094	0.3247	-0.2343
1.5428	2.4354	-0.4033	-0.1675	0.4308	1.1524	-0.7497	-0.2140	-0.8593	1.9251	-0.3523	0.1618	0.3516	0.5782	-0.5661	0.2476	0.4644	0.0787	-0.3962	0.7678	-0.5398	1.0931	-0.8902	-0.1568	-0.5624	0.0212	0.4837	-0.0598	0.3646	-0.8117	-1.5119	0.1763	0.7030	0.7264	-0.1489	0.3039	0.0976	-0.2123	0.6800	-0.6747	-0.5605	0.0837	1.0826	1.3051	0.4447	0.2867	0.6777	-0.4629	0.0423	-0.4527	0.0054	-0.3518	0.9794	-1.2078	-0.2820	-0.2054	-1.8990	0.0855	-0.0247	-0.1780	0.2242	-0.5248	0.4571	-0.1525
-0.4654	0.2894	-0.2995	-0.0490	0.6595	-0.4463	0.0845	-0.1547	-0.9724	0.5470	-1.0422	-0.3766	-0.2067	-0.1373	1.0124	0.7732	0.0769	1.4999	-0.1466	0.0828	-0.1504	-1.1959	-0.1591	-0.2820	0.2956	0.4840	0.9964	0.2102	-0.4902	-0.2744	0.3998	0.3895	-0.5151	-0.4635	-0.4510	-0.8723	1.0797	-0.4420	-0.9404	-0.8343	-0.8039	-0.9157	-0.5540	0.0873	0.1509	-0.2340	-0.4631	-0.1825	0.1653	-0.8893	-0.0362	0.9058	-0.2140	-1.4862	-0.5472	0.5053	0.2214	1.1970	0.8359	0.4430	0.1700	-0.2077	-0.2842	1.1584
-1.1618	0.0056	-0.1362	-0.0326	0.7827	0.0471	-0.0779	-1.4638	-0.5410	-0.2634	-0.8611	-0.7569	0.3214	-0.2465	0.4969	-0.9888	0.3624	-0.5688	-0.8440	1.3733	-0.1971	-0.2378	-0.2861	-0.1751	0.5442	1.0537	0.9289	-0.2179	-0.3174	-0.2943	-0.8629	-0.0498	1.1388	0.3821	1.2047	0.1241	2.0429	-1.3381	0.8927	-0.6517	-0.3502	0.9308	-0.1773	-1.8337	-0.1567	0.5834	-0.0595	-0.1874	-1.7272	0.4618	-0.6679	1.8343	0.9393	1.8399	-0.4610	0.2960	0.4887	-0.1691	-0.1557	-0.2107	-0.5136	-0.2363	-0.1471	-1.5657
0.1443	-0.6623	0.5290	0.2857	-0.4274	0.9290	-0.5741	-0.3992	0.6861	0.3175	1.1959	-0.7465	-0.2313	1.4605	-0.3857	1.3841	2.1456	0.1762	-2.0908	-0.1457	-0.0650	0.6714	-0.2813	-0.7375	-0.3431	1.4827	-0.0464	0.7054	1.4292	0.1693	-0.5326	-1.3161	-0.7307	1.0084	-0.9614	-1.0816	-0.3234	-0.5702	0.4373	0.2641	0.3018	-0.9310	-0.4379	-0.5623	-0.6361	-1.6469	-0.4419	0.6449	0.4616	-0.2562	-1.4381	1.8606	0.6617	-0.6734	-1.1246	-0.2130	-0.0056	-1.4125	-0.3884	-0.8774	-1.1770	0.8892	-0.4984	0.3175
-0.1220	0.5726	0.8569	0.2464	0.4119	-0.5518	-0.4572	-0.0096	0.1187	0.1926	-0.0516	-0.2051	-0.7447	0.9016	1.5144	-0.1739	0.9462	-0.1857	-0.2860	-1.0537	1.1521	0.1645	0.8295	0.3303	1.7047	-0.5340	0.0766	0.0278	0.5255	-0.1479	0.4440	-0.1054	0.0344	0.1030	2.2123	0.0177	-0.4827	0.4342	0.9418	0.6038	-0.1416	-0.5720	0.8292	1.5939	1.0910	-0.0784	-0.7619	-0.1787	0.6260	0.0842	-0.5704	0.0859	1.0440	0.2691	0.4387	1.7614	-0.2899	0.0161	-0.1368	0.7363	0.2342	0.3540	-1.2456	0.3249
0.3168	0.5452	-0.7903	-0.1937	-0.7840	0.8915	-0.3470	0.1583	-0.4096	0.6411	1.0251	-1.1862	0.1081	-0.3114	0.0019	0.3715	-0.1017	1.0431	0.4133	-0.8328	0.2719	1.3393	1.0050	-0.6587	0.0147	0.3804	0.5495	0.6024	-0.5971	0.6472	0.4511	-0.5751	-0.2585	0.1388	-0.0619	1.2638	1.2037	1.6725	-0.7773	-0.4623	0.2566	-0.9296	-0.0355	-0.9525	0.7363	-0.4884	-0.0287	0.5349	-0.2232	0.2807	1.3247	-0.2553	0.6108	0.2320	0.1349	0.0789	-0.0137	0.1768	0.6860	0.0601	0.5310	0.4048	-0.5012	0.0295
0.1797	1.4932	0.4656	0.5734	0.4460	-0.9916	-1.3298	-0.5265	-0.2057	0.0153	-0.0828	-1.2746	0.5039	-0.0569	0.0518	0.9859	-1.0926	-0.6946	-0.7684	-0.0253	-0.0690	-0.2798	0.4837	0.6003	-0.7502	0.2891	0.5257	0.0563	0.1977	-0.0859	-0.3652	1.9847	-0.8589	0.2584	-1.2777	-0.6358	1.9034	-0.1906	-0.9411	1.0906	0.4119	0.8786	0.2824	0.7057	0.9804	-0.5126	-0.1677	-0.5630	-0.1404	0.7681	-0.9693	0.0877	-0.5647	0.5703	-0.0591	-0.8317	0.9917	-0.5743	0.6530	0.7242	0.1501	-0.8309	-0.8203	2.1514
1.9457	-0.2571	-0.0171	0.3257	0.7725	-0.0446	-0.1666	-1.4546	-1.0101	0.0498	-0.0247	0.8336	0.2193	0.1913	0.0745	-0.1880	0.9380	0.1293	-0.0748	1.1355	0.0704	-0.5453	1.3956	0.6211	0.6858	-0.1654	0.1147	-0.0809	0.0447	0.2131	-0.4785	0.2022	0.2245	0.1595	-0.9455	0.3316	1.3621	-0.0538	-0.4138	-0.5821	-0.3030	-0.4926	-0.8452	0.5916	-0.4433	0.4981	-0.4629	1.0030	0.8118	0.6357	0.4003	0.7439	-1.2865	-0.4488	1.2893	0.8236	-0.1999	0.0657	0.1852	0.3221	-0.0616	1.5620	-0.4482	0.6334
-0.3850	-0.2978	1.7006	0.0727	-0.1928	-0.4223	0.1083	0.7624	-2.3777	-1.2454	0.0134	-0.1246	1.4526	0.0439	-0.2603	0.0146	0.6580	0.3345	-0.1623	0.3551	-0.5168	0.7442	-0.4731	0.0560	0.7735	0.2427	0.0391	-0.1047	-0.4247	0.7654	-0.1756	0.4116	-0.6179	-0.7281	-0.7454	-1.9020	0.0020	-0.1553	-0.5297	0.0206	-0.0563	-0.2163	0.8995	-0.9898	0.1537	-0.5429	-0.3379	0.5682	0.6837	0.6154	0.3060	-0.5973	0.3766	0.6861	0.4880	0.7765	-0.1200	-0.9872	0.7597	0.0686	1.4355	0.5011	0.2549	-0.1400
-0.4138	0.3181	-0.2839	0.3048	1.0535	-0.1305	0.9952	0.9854	0.0051	2.8005	0.3178	1.2077	0.2789	-0.0769	-0.0315	1.0028	0.5469	-0.2648	-0.9308	1.1669	-0.2074	1.6237	0.4543	0.1870	-0.5624	-1.0543	1.4539	-0.5985	0.5942	1.9206	0.0133	0.9510	0.3335	0.7987	-0.8280	-0.6383	0.2036	-1.0257	0.4722	0.0113	0.7351	-0.8293	-0.4248	0.6181	0.1408	0.3901	-0.0548	0.3028	0.3065	-0.0835	-0.0067	-0.0497	0.4240	0.3270	0.3293	-0.0000	0.0939	0.7617	0.7448	0.4099	1.2330	-1.0414	-0.2138	-1.1010
-0.8233	0.3493	0.9484	-0.5811	-0.2719	-0.7586	0.1063	-1.5155	0.4306	0.6921	-0.0278	0.3279	0.4036	0.0875	-0.3757	0.2557	-0.5412	-0.5589	0.3057	0.4172	0.1374	0.2809	0.7547	0.4204	-0.3602	-0.4508	0.7613	0.4483	-0.5645	-0.4502	-0.8775	-0.2240	0.2199	0.4947	0.1826	-0.7680	0.5275	0.5795	-0.4338	-0.8406	-0.8106	-1.8266	0.1296	0.5067	-0.1912	-0.3925	0.0856	-0.5470	0.1151	0.0567	0.2885	-0.2250	0.1964	-0.0609	-0.0170	0.6660	1.5372	-1.6401	-0.8403	0.1920	0.5353	-0.1837	0.5795	0.2538
0.4570	-0.2247	-0.1454	1.9097	0.6142	0.1205	-0.2771	-0.4635	0.5284	-0.4770	-1.1586	-1.0897	-0.5132	-1.1041	0.4777	-0.7975	-0.7877	-1.6179	0.9406	-0.4817	1.0113	-0.3188	-1.2837	-0.6641	0.5188	-0.6845	1.2792	-0.2567	-0.0172	0.4166	-0.8571	-1.1918	-0.9972	-0.2383	-0.5087	-1.0049	0.0399	0.0824	0.4268	0.1167	0.8196	-0.6743	0.4326	-0.6629	1.0608	0.8323	0.4826	1.2780	-0.0266	0.2193	1.6779	0.0985	-0.3573	0.9356	-1.0088	1.6486	0.1724	0.6551	-0.0934	-0.7269	-1.2589	0.1048	0.5412	0.2950
0.8231	0.6902	1.1727	-0.5403	0.8527	1.3999	-0.2854	-1.5891	0.1260	-0.6780	0.8938	0.8576	0.1020	-0.6317	-0.0492	1.1846	1.6923	-0.4777	-0.0603	-0.2761	1.3208	-1.6272	-0.8217	0.0189	-0.6189	-0.8898	-0.3750	1.0449	-0.0880	-0.4034	0.2706	0.1768	0.4717	1.4421	1.0858	0.8187	0.2083	0.9693	0.7881	0.7418	0.3114	-0.5414	-1.0924	0.0817	-1.0100	-1.4480	-0.1869	0.0357	-0.9676	-0.8945	-0.9987	-0.9412	-0.3522	1.0348	-0.4095	-0.3912	1.2020	1.9577	1.6583	0.0056	0.7739	-0.6109	1.2994	-0.4147
0.1728	0.4730	0.4840	-0.1918	1.8226	1.5356	-0.3933	0.2226	0.0198	-0.6921	1.4721	1.6196	-0.9407	-0.9902	-0.5159	1.2016	0.8714	-1.6650	1.1882	0.2777	0.7627	-1.1136	-1.2612	1.6129	-1.2684	0.8065	-2.0915	0.3051	-0.7626	-0.7082	-0.3257	-0.3780	-0.6725	-0.3027	1.1909	0.1148	0.3211	0.9595	-0.1051	-0.6157	0.5600	0.0724	-0.9072	0.6260	0.2945	-0.9907	0.3534	0.6197	-0.3725	0.0303	-0.5870	0.0763	0.5535	1.1183	-1.8933	0.5670	0.5156	0.3327	2.7047	0.9067	0.9865	0.8615	0.1396	-0.5135
-0.5636	-0.0004	0.4880	-2.0323	0.9389	1.1837	-0.1447	1.3927	-0.0141	0.2120	-1.0515	-0.4693	-1.4542	0.6376	1.3052	0.7374	-1.0320	-0.9046	-1.5320	-0.2237	-0.3795	1.9478	-0.7669	0.4127	1.6391	-0.6873	-0.7365	0.6442	1.1706	-0.1971	-0.5986	0.4454	1.3986	-2.3417	-1.1971	0.9823	-1.1025	0.2957	-0.7269	1.1195	0.1813	1.0472	0.4669	-1.2965	-0.1598	-0.6404	-0.9852	0.0050	-0.9667	-0.2946	0.3885	-0.6163	0.6311	-0.1080	-1.2342	0.1374	1.1498	1.6769	0.9253	0.5491	-1.4106	0.2250	0.3572	0.3241
-1.3914	-0.4967	0.3830	0.2014	-0.2699	0.8349	-1.0333	0.3487	1.4418	-0.1819	-0.7077	-0.4557	-0.7191	0.2408	-1.9054	-0.0581	1.3540	0.6399	-0.8510	-0.1322	-0.4361	-0.0231	0.4606	0.3924	0.2721	-0.3972	0.3276	0.0743	-1.3304	0.4412	0.3726	-0.5301	0.5864	-0.0213	-0.6546	-0.5040	-1.1294	-0.1511	1.0418	-1.8957	-0.2678	0.4953	-0.7016	1.0171	-0.9508	-0.2114	-0.3509	-0.3500	0.0749	1.4390	0.4573	-0.9687	0.0593	-0.1426	0.1435	-1.1871	0.9194	-0.0880	1.3410	-0.4320	0.4140	0.3517	-1.8390	1.5879
0.0394	-1.4620	-1.0724	0.5267	-0.1317	-0.0253	0.9319	-1.3496	-0.2532	-0.5826	-0.0321	0.2444	-0.1509	1.0491	-0.2033	-0.0903	0.1486	-0.1974	1.7680	0.2016	-0.5649	0.3217	-0.4029	0.4135	-2.1395	0.5301	0.1865	-0.3115	-1.3735	0.9124	-0.5161	0.1672	-0.1774	0.6253	0.7001	-0.0870	0.3279	-1.0000	-0.2428	-0.1280	-0.6853	-0.4106	0.6967	0.5981	-0.1619	0.5495	-0.9047	0.5158	-0.2245	-0.0587	0.3832	0.4059	0.3996	-0.2919	-0.7926	-0.8130	-0.9631	-0.1478	0.7351	-0.8462	0.7780	0.5518	0.0148	-0.4203
-0.9112	0.4902	0.4083	0.8832	0.7590	1.2275	0.6523	0.5765	0.1166	-0.5764	-1.8219	-0.4792	0.3855	1.5706	-0.5357	-0.0218	-0.7558	0.3040	-0.3978	-0.5155	0.6976	0.1330	-0.3860	-0.2372	-0.0876	0.3110	0.6632	1.2525	-0.3678	0.6506	0.7476	0.7739	-0.0293	-0.9433	0.7375	0.7635	0.3951	0.1282	1.1218	-0.3843	0.5461	-0.5774	0.6957	0.1756	-0.3410	1.5529	-0.4727	-0.6499	-0.2507	0.4692	0.4457	0.0251	0.2020	-0.7611	1.2513	-1.4103	-0.3808	-0.8780	-0.6698	-1.4631	0.0536	-0.0086	0.2837	0.9603
-0.0898	-1.2709	-0.4756	-0.2890	-0.7251	0.7455	0.6730	-0.7549	0.3426	0.5670	1.5371	-0.0528	0.2905	-1.1520	-0.2302	-1.2113	-0.4170	-0.5655	0.0484	-0.6705	0.6607	-0.5816	1.1092	-0.9200	0.0546	-0.7659	-0.9771	0.8738	0.2768	-0.0399	0.4849	0.7816	0.1932	-0.6005	-0.0087	0.2717	-0.0324	-0.3281	-0.8562	0.9374	0.9172	0.6705	-0.9585	-0.3805	-1.1150	0.5242	-1.5362	0.1990	0.6881	-0.3548	-0.2792	-0.0708	1.0360	1.0887	-0.0871	-0.6926	-0.2053	-1.6980	-0.6783	1.2052	0.3747	-0.5765	-0.7940	0.0353
0.6275	0.4829	1.0616	0.8271	-0.5891	-0.2208	0.0202	1.1074	-0.2970	-1.3368	0.2617	0.5603	0.3802	0.0699	0.0778	-0.2411	-0.6609	-0.1203	0.5885	-0.9324	0.3441	0.6458	-0.4082	-0.2326	0.2394	0.4523	0.4319	-0.0546	0.3067	-0.0996	1.0635	1.0950	0.7246	1.1870	1.4133	-0.0837	-0.0239	0.1184	0.8066	0.6566	-0.2195	-0.1274	0.1380	-0.4968	0.7481	0.2052	-0.1582	-0.4912	0.4904	-1.4259	0.0407	0.5933	1.0640	-0.4697	-0.5505	-0.7056	0.1124	-0.7909	-0.6717	1.0589	-0.5041	-1.0823	-0.8817	-0.2888
-1.3516	1.7779	0.3879	0.3881	-0.3704	2.0004	0.5961	0.0757	0.2262	-0.3859	0.1447	0.8765	-0.4251	0.1574	-0.4586	-0.5720	-0.9590	0.8981	-0.1368	-1.0926	-1.0872	-1.8397	0.2697	0.3030	0.3227	-0.2005	0.8777	0.0934	0.4727	0.7030	-0.6779	-0.4701	0.2426	0.5369	0.0639	-0.0992	-0.8653	-0.6664	-1.1303	0.3402	-0.3369	-0.2082	0.2481	-0.5222	0.9795	-0.2941	-0.2105	1.4928	-0.2318	0.4954	-0.9818	-0.8300	0.0109	0.1302	-0.4593	0.3436	-0.7938	-0.5959	0.1390	0.2559	-0.4140	-1.1582	0.1043	-0.4556
-0.7561	-0.1324	-1.0154	0.1531	0.6456	0.1309	0.0024	0.4476	0.0150	-1.2194	1.4027	0.5284	0.4565	-0.0963	-0.6110	-0.7153	0.5332	-0.4189	-0.3910	-0.4492	-0.3326	1.2495	0.3443	-0.0963	0.3372	0.3726	0.1343	-0.6775	-0.2314	0.2858	-0.4154	0.4509	0.2350	-0.9450	-0.2815	-0.4583	0.9857	0.0114	0.9254	-0.7857	0.5114	1.7318	0.9357	-0.3353	0.2340	0.2009	-0.3820	-0.0692	1.3051	1.0595	-0.7545	0.5626	-0.3088	0.7239	0.1931	0.8833	-1.1183	0.4550	0.0339	0.1527	-0.5695	-0.3851	0.2588	-0.2032
0.4594	-0.6454	-0.8918	1.3444	-0.5797	-1.3425	-1.0659	0.2374	0.2094	0.5480	-0.1397	0.0586	-1.2871	1.4677	-0.6042	0.1724	0.9416	1.5058	1.0620	-0.8285	-0.4974	-0.7474	-1.1373	0.4059	1.4804	-0.4270	0.6133	-0.1393	0.1990	-0.6500	-0.0773	1.7071	0.8652	-1.4595	-0.4896	-0.1786	-0.7418	0.8431	0.5047	-1.4918	-1.2149	-0.3498	0.4822	0.1669	-1.0416	-0.4004	0.4748	0.7162	-0.6472	0.3721	-0.4379	-0.6104	0.6063	1.7897	1.0147	-0.0208	-0.4929	-0.1559	1.3430	-0.0018	-0.0562	0.1052	0.7628	-1.0703
0.2080	1.2380	0.5765	0.8069	-0.5852	-0.7586	2.3960	1.0457	0.9367	-0.2575	0.6457	0.3494	0.3042	0.9044	0.0158	0.2689	-0.0437	0.0528	0.2068	-0.2382	0.2013	0.6496	-0.0152	-0.1705	0.5430	1.1813	0.5023	-0.6560	-1.3262	-0.3221	-1.0018	-0.4868	-1.3288	0.0438	0.0796	-0.1631	0.1498	-0.7108	0.9177	0.4691	-0.0329	0.1656	0.5278	1.5762	-0.7629	-2.1004	-0.6608	0.4591	-1.2701	-0.1079	0.6158	-0.5238	-0.5147	0.0966	0.8408	0.3100	0.2576	1.2553	-0.1281	0.4971	-1.1476	0.6832	-0.0523	0.2385
1.3471	-0.1299	0.2020	-0.5272	-0.4398	-0.5613	0.2465	0.1045	0.7812	0.7383	-0.6313	0.2460	-0.3807	-0.5264	0.0470	-1.2622	-0.4936	0.4968	0.6841	-1.0357	0.6878	-0.2878	-0.1207	0.0708	-0.7425	0.3816	0.3593	-0.2947	-0.9780	0.9859	-0.4054	0.3385	0.5824	-0.1316	-0.6848	-0.0291	0.2428	0.6303	0.6076	-0.5552	1.4809	-0.1184	-0.9760	-0.2852	0.6961	-0.4618	0.6456	-0.2839	-0.6591	0.8526	0.9215	0.5714	0.2810	0.6209	-0.6004	0.4657	-0.5077	0.9112	-0.1473	0.8498	-0.5821	-1.0426	0.0705	0.6135
-0.7875	0.6455	1.0157	-0.3500	0.7227	-0.9923	0.2604	0.1349	-0.3628	-0.2969	0.4336	0.3208	0.5396	-0.4875	1.1994	-1.4604	-0.1572	0.0543	-0.2351	-0.5265	-0.5894	0.4791	-0.0038	0.5154	0.3911	-0.2386	-0.4847	0.3069	-0.1933	-0.0614	-0.0536	-0.4479	0.3448	0.3990	0.3825	0.8991	0.1798	-0.2446	0.1392	-1.0945	0.3458	-0.4640	-1.2551	0.1185	-1.3393	0.6396	0.1483	0.9684	-0.1670	0.2701	0.6678	0.1328	0.1465	0.0585	0.6300	0.7721	0.7446	0.1859	0.0445	-0.3356	-0.7838	-0.1267	0.3528	-0.4099
-0.4242	0.0328	0.4218	0.1676	-0.2727	-1.0489	-0.2662	0.5126	0.0561	-1.1615	-0.1412	0.1769	-0.0141	0.0823	0.5882	1.6709	0.9541	0.6111	1.2786	0.5057	-0.2393	-0.4781	-0.1742	1.2626	-0.9226	-0.0797	0.6344	-1.8199	1.9685	0.3964	-0.5620	-1.5357	0.9849	-0.4780	-0.1380	1.1491	0.5908	0.3445	0.2192	-1.3393	1.1821	-0.6339	1.8957	-0.2464	-0.2392	-0.5201	0.1275	0.1309	0.3641	0.3655	0.4853	0.4654	-0.0646	0.2371	0.7049	-1.5732	1.0823	-0.0487	-0.1657	0.8900	-1.3755	-0.6442	0.1557	-0.1045
0.5231	-0.2740	-1.0015	0.8046	1.5980	0.2527	0.8357	0.2722	0.0494	1.1577	-0.5291	-0.4336	0.7265	-0.0206	0.9934	0.8195	0.0912	-0.1261	-0.5217	-1.2760	-0.7040	-1.1800	-0.5087	0.7953	0.8254	-0.3739	-1.7737	-1.2643	-0.7617	-0.1173	-1.2573	0.3023	1.8355	-0.2867	1.7696	-1.8450	0.5460	-0.9536	-0.3882	-1.4247	1.4247	-0.4122	0.0088	-0.7964	-0.5546	-1.4092	-0.5690	-0.5796	0.3853	-0.3141	0.1361	-1.4473	-1.3325	-0.2965	-0.5336	0.0976	-0.2886	-0.6217	-0.9005	-0.8816	-0.3120	-0.5968	-0.6617	0.3650
0.0554	-1.1847	0.9253	0.7379	-0.6287	0.0747	-0.0787	0.6525	0.5319	-0.2342	0.5654	-0.5130	0.9774	-0.2510	-0.0285	0.7481	-1.2002	-1.1243	0.6330	-0.8496	0.2013	-0.7233	0.9955	1.2622	-1.1356	-0.3458	-0.3030	0.2916	-0.0167	-0.2792	-0.3950	-0.0306	0.9862	0.6380	-1.3397	0.9820	0.3277	-0.7303	-0.5847	-0.8650	-0.5342	1.3004	1.0989	-0.4616	-0.2276	-0.7594	1.4868	-0.7399	-0.1177	-0.7392	-0.2170	-1.0111	1.9852	-0.2405	1.2335	2.3568	-0.9839	0.9156	-0.0383	-1.3469	-0.4823	0.8166	-1.7276	-0.4999
-0.3993	-0.2266	-1.0008	-0.1627	0.6720	-0.0328	0.8496	-0.3676	1.3971	0.2888	-0.2020	-0.2932	-0.3797	-0.8411	-0.9683	-0.9381	-0.5753	0.6654	-0.5648	-2.0466	0.3675	-0.1169	0.1806	1.0927	-0.2473	-0.3496	-1.1054	-1.7786	0.3829	0.0415	1.3463	0.1036	-0.7306	0.7124	-0.5632	-1.1814	0.3538	0.8717	-0.9908	-0.1609	-0.1132	-0.2460	0.8425	0.3526	0.3146	-0.2338	-0.2397	0.3248	0.4414	-1.5464	-0.5884	-0.5365	0.9757	-0.0640	-0.1907	-0.7706	0.5407	0.0106	0.3553	0.4820	-0.8559	1.0770	1.3724	-0.5930
0.0944	0.3694	-0.3746	0.0492	-0.5655	0.2331	0.7545	0.6692	-1.0919	0.9964	-0.0773	-0.6119	0.3133	-1.1317	0.1430	-0.7771	0.2597	-0.1790	0.9541	-0.0774	2.1403	-0.8014	-0.1823	0.1082	-0.3117	0.2068	0.2768	-0.8496	-0.4112	-1.0194	0.2753	0.5174	0.7788	0.1209	-0.1026	-0.1943	-0.9069	0.5409	0.1567	0.0643	-0.3084	-0.0954	0.9821	0.0352	-0.5859	-0.6373	0.4286	1.1277	0.8228	1.1521	-1.2606	-0.0664	-1.0873	-0.3970	-1.2142	-0.2982	0.3055	-0.6311	-0.3392	-1.3874	-0.3951	0.2228	-0.5067	0.1397
-0.9071	-1.4856	0.6556	-0.2242	0.5314	0.1397	1.7418	-0.9251	0.2308	-1.2531	0.5841	0.8574	-0.9877	-0.6996	0.0854	-0.3134	1.3746	0.8667	-0.9903	-0.4105	1.0124	-0.8669	-0.5682	0.4045	0.2249	-0.5759	0.4146	-0.7031	0.3482	-1.2460	0.0337	1.5475	0.3243	-0.3660	-0.9180	-0.7150	0.5201	-1.3938	-1.4235	0.8301	0.6890	0.4766	0.3276	1.6753	-0.2047	0.5748	1.2327	0.4395	-0.2397	0.2701	1.4318	-0.4906	1.6293	-0.6129	-1.3714	-0.7220	-0.3024	-0.0063	-1.5645	0.3040	0.0365	0.2615	-0.1172	0.0980
-0.0049	0.4589	-0.6574	0.2160	-0.7919	0.0339	0.7105	0.0897	0.0796	-0.8800	1.0207	0.2591	0.3591	-0.8692	-0.3564	0.1843	0.5497	-0.1982	-1.3678	-1.2650	0.1292	-0.0576	1.2815	0.1869	-1.1003	-0.5822	0.5197	-0.2765	0.4238	-1.5587	-0.1782	0.4391	-0.1903	-1.5202	0.1776	0.6007	-0.5160	-1.5223	1.6655	-0.2820	-1.0399	0.2271	-0.3330	-0.2866	1.2733	-0.4366	-0.3387	0.9426	0.6110	-1.5012	1.5343	-0.1158	-1.3397	0.4123	-0.0266	0.1726	0.0776	-0.3657	0.9417	-1.1079	-0.4113	-0.1883	0.8097	0.6539
-0.3759	0.3874	-0.1259	0.4345	0.5710	0.0785	-0.5644	0.6179	0.8034	-0.5356	1.3825	-1.1013	-0.1785	-0.9644	-0.2361	2.5308	0.1854	0.1737	0.1713	-1.4990	0.5592	0.9414	0.1453	-0.0263	0.5711	-0.2814	-0.5757	-0.3778	0.3681	0.5153	0.1625	-0.3935	-0.7541	-0.6195	0.5780	-0.8210	0.3266	-1.5558	-0.9435	1.0099	-0.9597	-1.3143	-1.8527	0.2168	-0.4859	-0.0158	1.4194	1.2688	-0.5176	0.3620	-1.7171	2.2236	-0.0997	-0.4050	0.8193	-0.3460	-0.9579	-1.0370	-1.3029	-1.5194	-0.1256	0.6023	-0.1337	-0.6574
-0.7700	-1.5647	-0.1372	-0.7461	1.5516	1.0415	0.1194	0.7309	-0.4473	0.1622	0.8901	-0.3782	-0.6473	-1.1576	-0.2605	0.1344	0.5139	0.5185	1.5055	0.2488	0.2475	0.6748	0.6187	0.0090	-0.1772	0.6939	-0.1699	1.5600	-0.2517	0.2988	-0.9485	-0.3346	0.5381	-0.2917	-0.1745	-0.7760	-0.0219	-0.0430	0.4633	-0.7549	-1.5218	-0.4341	0.9235	1.1870	1.2912	0.2742	0.8825	0.5909	-1.3756	-2.1008	-0.9865	-1.1344	-0.9212	0.8768	0.4241	-0.0298	0.5737	-0.5395	-2.1119	0.7182	-0.6494	-1.2210	0.6638	1.1711
-0.3185	0.3336	1.5835	0.8622	1.0094	0.6214	1.4617	-0.2702	0.8334	2.0515	0.6614	0.3973	0.9547	0.4451	-1.4832	0.1749	0.0379	-0.2932	0.1440	-0.7958	0.8253	-0.3578	-1.8965	-0.1111	-0.3398	0.6570	-0.6804	0.6926	0.6360	0.0023	0.6578	0.6554	-0.2286	-1.1402	1.5505	1.6384	0.2882	-0.2415	0.0257	-0.2857	0.6150	0.3530	1.4332	-1.4493	0.7441	0.8102	0.9153	0.3511	-0.3883	0.5016	0.0370	0.1389	0.1456	-0.8611	1.1959	-0.6796	-0.8782	-0.4548	-0.1223	-0.1101	-0.0235	0.7555	1.5505	2.1482
-0.0433	0.6299	0.0143	0.3783	-1.0223	-0.0588	0.4212	0.1227	0.0060	-1.3806	-0.4570	0.9157	-0.4548	0.0252	-0.0284	-0.7715	0.6723	0.4076	1.1954	-0.4446	-0.4000	-0.0825	0.3026	-0.2223	-0.8547	-0.2523	-1.2162	0.7539	-0.0050	0.4396	-0.4168	0.1509	0.1902	-1.2225	0.2317	-1.6073	0.2365	1.1280	-0.8885	0.8825	-0.5942	0.5526	-0.0668	-0.4785	-1.1544	-0.7752	0.7665	0.1573	0.2579	-0.4777	0.1567	0.1392	-0.1225	-1.3492	0.6293	0.9116	0.5151	-0.6102	-0.0216	-0.0710	-0.7552	0.0533	0.6393	1.8076
0.2592	-1.5486	0.9084	0.0961	-0.0036	0.8968	0.9893	0.7950	0.0168	-0.2570	-0.9027	0.5079	-1.0820	-0.6255	-0.9723	-0.4012	-0.1862	1.5979	1.0619	-1.0074	1.1925	0.7999	0.5390	-0.4070	-0.7895	-1.1474	0.9758	-0.1066	0.2687	-1.1179	-1.6907	0.2588	-1.0657	-0.4683	0.9286	-0.1813	-0.2685	0.2551	0.2968	-0.3739	1.1070	0.0882	-0.6093	-1.1225	1.6107	-1.2018	-0.4249	-2.0977	0.1692	0.6377	-1.5070	0.4787	0.3087	-1.0718	0.0596	0.0007	0.8444	-0.0276	-0.2735	-1.1616	0.8578	-0.6081	0.6045	-1.0174
0.5440	1.0711	-1.0351	0.0821	0.0073	1.3083	-0.7835	1.3058	0.9604	-1.0411	0.7691	0.0126	-0.0505	-0.5507	0.4151	-1.6584	0.0341	1.0374	0.6627	0.6846	0.7401	-0.4527	-2.2056	0.6600	-0.7777	-0.3195	-0.5636	-0.5880	0.9776	-0.5341	-0.3879	-0.9031	0.1637	-0.0359	-0.3841	-0.5584	1.3879	0.0770	0.1698	0.2133	-1.0780	1.2022	-1.1804	-0.2664	-0.0483	-0.5634	-0.2311	-0.4150	-0.6032	0.5558	0.9989	-0.2208	0.3199	-0.3888	0.6276	0.4502	0.0492	-1.3273	-0.8844	-0.3448	0.3396	0.4134	0.5733	1.0213
0.4564	0.3457	0.0049	-0.8418	0.7203	0.1617	0.3642	-0.1661	-0.3418	-0.1227	-0.1277	0.1074	-0.1779	-0.8848	-0.9050	-0.4722	0.7277	-0.2708	0.0759	-0.9828	-1.0989	-0.5294	0.3972	0.4099	-0.1155	-0.4723	0.0125	-0.0199	1.2569	-0.9153	-0.1247	-0.5911	-0.9647	-0.5715	0.0166	-0.1825	-0.5221	0.2541	0.0097	-0.4131	1.5186	-0.3221	2.0331	-0.1100	-1.0683	0.1008	1.2299	0.3794	-0.6221	-0.2978	0.6073	1.4766	-0.5535	-0.6534	0.8997	-0.5108	0.4326	0.3249	-0.1571	0.2647	0.3486	-1.1341	-1.3777	-0.6007
-0.5454	-1.1000	-0.3819	1.0130	0.2381	0.7724	-0.8758	-0.1831	0.2149	-0.0745	0.1283	1.1671	-0.2103	-0.2854	1.6374	0.4684	-0.1435	-1.0565	-0.2576	0.0127	0.5947	-0.3986	1.1047	-0.6418	-0.1887	0.7855	-1.2088	-0.6778	1.1042	-0.1147	0.4996	1.4971	-0.5231	0.4556	-0.5104	-0.4924	-0.7338	0.7476	0.3887	-0.5454	-0.5989	-1.4759	-0.2155	-1.0637	0.4944	0.8853	0.2737	-0.1846	-0.9773	1.1264	0.6932	-0.3004	0.1085	-0.4969	0.2890	0.1095	0.0227	-0.1119	0.9297	-0.3913	-0.8371	-1.4005	-0.1278	-0.0272
-1.5310	-0.0313	0.7882	0.0674	-1.2371	0.5036	0.0546	-1.3088	1.3925	0.4849	-0.2076	0.7490	-0.0271	0.6274	0.3931	0.0157	-0.3173	-0.2019	0.7631	0.8709	0.1576	1.0561	-0.1826	-0.3389	0.2516	-0.6164	-0.5799	0.0283	1.1869	-0.2585	-0.5380	1.0426	1.0214	0.7629	-0.2313	-0.6371	0.8981	0.8263	0.0448	-0.5066	0.2673	-0.1880	-0.1232	-0.4925	1.0247	-0.7629	0.0035	1.3992	0.5213	-0.3002	0.9722	-0.2527	-1.1712	-0.1357	-0.3676	-0.0206	-0.4769	-0.0187	0.3505	0.2347	1.0141	0.7146	-0.5936	-0.3621
-0.2824	0.5585	-0.1294	0.5297	-0.6725	1.1666	-0.8629	0.0025	0.3988	0.5275	1.0011	0.2128	0.6539	-0.6365	0.3616	1.0843	-1.3281	1.5425	-0.2531	0.8529	0.1482	-0.6230	0.2686	0.3036	-0.4942	-0.3525	-0.0984	1.0863	0.0143	-0.6370	1.0388	0.0074	-0.0047	-1.1606	0.5168	-1.4737	0.3098	0.0619	0.8484	-0.8029	0.2353	0.8641	0.5071	0.4857	-0.2148	0.0813	-1.3653	1.2393	0.3930	1.5611	0.0002	-0.0373	0.6393	-0.6149	-0.5168	0.7827	0.1763	0.9135	-0.9353	0.5767	-0.5876	-0.3306	1.2315	-0.7867
-0.0468	0.8307	0.3046	-1.6250	0.3497	0.3677	0.4820	1.2271	-1.3917	0.7568	0.7208	-1.2409	-0.3758	0.4681	-0.4587	0.3909	0.6045	1.1184	2.4264	-0.2204	0.2814	-0.2638	3.0789	-1.1509	0.0197	-0.0005	0.6545	-1.0890	0.1535	-0.7704	0.9797	1.0000	0.6383	2.0894	0.8508	-0.2591	-0.1317	0.8059	-0.5022	0.0454	0.7157	1.1752	1.0651	-0.8523	-0.5051	0.3994	-0.2620	1.6947	-1.3229	1.2372	0.1050	-0.2046	-0.2670	0.6135	-2.6944	0.1825	-0.7596	-0.1099	0.9368	-2.1308	-1.1049	1.0625	0.1089	1.2094
-0.2865	0.1471	-0.1640	0.1269	0.1503	0.1658	-1.0302	-0.4175	-0.0040	0.2840	-0.8130	0.5389	1.3075	0.1142	0.5032	0.1162	0.3616	-0.1287	-0.1324	0.3707	0.6352	0.4773	0.2992	-0.1767	0.4032	-0.9574	0.9142	0.3997	0.0794	0.6798	1.1120	-0.6562	-0.2759	-0.1131	0.5994	-1.0769	-0.1772	-0.7069	-0.9075	-0.6977	0.6977	1.3838	-0.0003	0.7716	0.3676	-1.2160	0.7993	-1.4317	-1.2846	-0.5822	0.8157	0.5659	-0.5215	-0.2757	-0.0400	-0.5047	-1.5671	-0.7959	1.5425	0.2679	-0.9728	0.4350	0.7137	-0.8921
1.4260	0.2662	0.2852	-0.3083	0.1235	1.7534	0.5025	-0.1313	0.2585	0.3763	-0.2747	0.9560	-0.5967	-0.0826	-0.2357	0.0984	0.7258	-0.4391	1.4271	-0.5769	-0.7992	0.3068	-0.3064	0.1033	1.2561	0.5324	-0.2674	-0.1035	-1.0137	-0.1844	0.8326	-0.2247	-0.0443	0.6059	-0.7100	-0.4694	0.1428	-0.4503	0.0850	0.4725	-0.1379	-0.1446	-0.7559	-0.0867	0.5851	0.7988	-0.1358	-0.0464	1.4252	0.3389	0.9741	0.2458	-0.4603	-0.2386	-0.1301	-0.0019	0.4145	-0.4224	-0.4147	-0.0919	-0.4254	-0.2654	0.7088	-0.3043
-1.1743	-0.7051	-0.4420	0.9707	-0.2432	1.4351	-0.0167	0.4279	-1.0522	0.1246	0.8834	-0.3422	-0.4350	0.5748	1.7183	-0.4360	0.8920	-0.5042	0.0977	1.0778	-0.5586	-0.7165	0.6561	0.5397	-0.9554	-0.3491	-0.4355	-0.0308	1.3820	-1.4993	1.6809	-0.1370	-0.2639	1.1653	0.5224	-0.1761	-0.1483	-0.1230	-1.8120	-0.1209	-0.7489	-0.3031	-0.2547	-1.0466	0.6634	0.0847	0.7454	-1.9529	1.0001	-0.0793	-0.1399	-0.0491	-0.7467	-0.1192	1.0256	-0.6083	-0.5341	0.3131	-0.2322	-0.2071	-0.0191	-0.2896	1.0177	-0.1572
0.6269	0.4359	-0.8817	-0.0573	-0.0275	0.8745	0.1119	0.2385	-0.2225	-1.0962	1.4008	1.6603	-0.6564	-0.4891	-1.0211	1.1356	-0.2016	-1.2314	0.7306	1.5803	0.4761	-1.2235	-0.7389	1.2235	1.1154	-1.5961	0.1118	0.5305	-0.4195	-0.8465	0.4678	0.0049	-0.2409	0.1987	0.4529	-0.2572	1.2061	0.5928	0.5870	0.4150	0.4065	-0.6470	-0.1872	-0.7966	-0.1443	-0.7460	-0.2156	0.1311	-1.1565	-0.6810	-0.6145	-0.2870	0.7935	0.1950	-0.4023	-0.3075	0.1585	0.4258	1.1825	-0.5119	0.5462	-0.2677	-0.3886	0.4856
0.0919	1.0992	0.1715	0.7862	-0.2113	-0.4766	0.4627	-0.2871	0.6796	-0.2879	-0.4353	-0.9214	0.2253	-0.9692	-0.8573	0.1296	0.0716	-1.3996	0.2288	-0.4828	0.1550	0.4990	0.1447	0.6885	-0.0186	0.1355	-0.0798	0.1981	1.3564	-0.6897	0.3828	0.0888	-0.4771	-0.8023	-0.6819	-0.4248	-0.1200	0.6604	-0.1736	0.4584	-0.0189	-1.0213	-0.2939	1.5740	0.6454	0.2003	-0.3320	-1.6493	-0.4170	0.7801	-0.3769	-1.9325	-0.3623	-0.7098	-0.6821	0.6986	-0.8923	-0.8962	-0.1719	-0.1347	1.1028	-1.2321	0.4534	0.4587
