-0.3943	-0.7045	0.0458	0.2320	-0.2456	-0.0425	-0.2092	0.0958	-0.0132	1.4119	0.5135	-0.0339	-0.5675	0.0239	0.0067	0.0622
0.0467	1.0446	0.4506	0.4123	-0.1536	0.0923	0.2401	-0.0029	-0.0085	0.0396	0.4215	-0.4278	0.1131	-0.0622	0.4928	-0.0030
0.0706	-0.0334	-0.1562	-0.0647	-0.1120	0.1868	-0.2971	0.0743	0.0379	0.1333	-0.8748	0.0361	-0.0267	-0.0885	0.9121	0.0511
0.5793	0.3614	0.0660	0.0421	-0.1730	-0.1466	-0.1596	-0.0060	0.9279	-0.2600	-0.2970	0.1715	0.1241	0.0183	-0.0630	0.6948
-0.0162	-0.1064	0.2129	0.0980	-0.1189	-0.3138	0.2204	-0.0476	-0.0989	0.0299	-0.0176	0.1407	0.0178	1.2606	0.2993	0.0741
0.1284	0.2062	-1.3332	-1.0380	-0.1749	0.4336	-0.2647	0.0407	-0.2356	0.1015	0.1185	0.0005	0.1059	0.0425	-0.0476	-0.0452
0.0560	-0.0141	0.0107	0.0841	-0.1479	0.0558	-0.0616	0.2117	-0.5823	-0.0237	-0.0064	0.5499	-0.1242	0.3539	-0.1888	0.0284
0.3310	-0.0956	-0.2325	0.0502	0.3942	-0.0481	-0.2251	-0.4011	-0.5791	-0.0163	0.1188	0.0433	0.1239	-0.0350	-0.0166	0.5930
0.1363	-0.0168	-0.0321	-0.0081	-0.0775	-0.5919	0.0526	-0.2627	-0.6887	-0.0137	-0.1816	0.0266	0.0085	0.0746	-0.1448	0.0927
0.1404	0.0644	-0.0589	0.0432	0.1946	0.0256	-0.1334	0.1162	-0.2288	-0.0718	-0.0735	-0.0400	0.0079	0.0391	-0.7821	0.6033
-0.0352	-0.0359	-1.8747	0.9414	-0.4023	0.1157	-0.0797	-0.0405	1.1303	0.6324	0.0722	-0.2033	-0.0374	-0.0778	-0.1092	-0.1447
-0.3012	0.0351	-0.0053	0.5011	-0.9020	-0.0314	-0.9324	-0.2952	-0.4094	-0.0783	-0.1141	0.0348	0.1287	0.5389	-0.0201	0.2003
-0.5324	-0.4044	0.0752	0.0471	-0.1160	0.3913	-0.0787	0.0508	-0.0991	0.0117	-0.0655	-0.0481	0.7702	-0.0317	-0.9586	0.0095
-0.0080	-0.0728	0.0072	0.1240	-0.1124	0.4173	-0.1011	-0.1625	-0.4645	-0.0419	0.0760	0.0853	-0.0161	-0.0650	-0.5029	0.0253
-0.0184	0.9607	0.0064	0.0378	-0.2185	-0.1102	-0.1115	0.0024	-0.0079	-0.0220	-0.4077	0.1758	-0.0064	-0.0236	-0.2259	0.2902
0.0676	0.0395	-0.0472	0.1122	0.0119	0.1172	-0.4842	-0.2635	-0.0036	0.0609	-0.2166	-0.2700	-0.0324	-0.3890	0.1342	0.1429
-0.0395	0.1014	0.0937	0.5920	-0.2301	-0.1909	0.9845	-0.0375	0.0151	-0.0756	1.1275	0.0541	0.6541	-0.0663	0.0153	0.0953
0.0663	0.0142	1.2152	0.0158	-0.0624	-0.0091	-0.2225	0.0355	-0.1412	-0.0942	0.0574	0.0495	-0.1331	0.0341	-0.0302	0.0514
-0.0733	-0.0270	0.0396	0.4859	0.0606	-0.0192	0.7161	-0.0330	0.0108	-0.1393	0.1081	-0.0417	0.0938	-0.1538	0.3372	0.0026
0.0289	-0.3955	-0.0398	0.0539	-0.0883	-0.0302	-0.1002	0.0237	-0.0735	0.0289	0.5260	-0.0241	0.0196	0.0487	-0.0173	1.2412
-0.0482	-0.0321	-0.0059	0.2522	-0.5939	0.1473	-0.1765	0.1101	-0.0265	0.0475	1.0368	-0.8226	0.0618	0.6130	-0.0232	-0.0597
0.8354	-0.1415	-0.0512	0.0975	0.0702	-0.2572	-0.1001	0.3218	0.0273	-0.7528	-0.0093	0.2901	0.2769	-0.1114	0.3793	-0.0107
-0.0266	-0.6415	-0.4985	0.2507	-0.0336	-0.5336	-0.9495	0.0275	0.2384	-0.0366	0.0933	0.0117	0.0695	0.0813	-0.0778	-0.0084
0.0306	0.9066	-0.0911	0.0205	-0.5697	0.0731	-0.1242	-0.0423	-0.0214	0.1736	-0.1278	0.8190	-0.4925	-0.1193	0.6601	0.0769
0.0281	0.0519	-0.0294	0.0625	-0.2177	0.4940	0.2056	0.2779	-0.0173	0.1474	0.0939	0.0617	0.7032	-0.4672	-0.4429	0.6432
-0.2551	-0.0090	0.0228	0.0574	0.0890	-0.0515	-0.0782	0.3990	0.4112	-0.2999	0.0665	0.2851	0.0142	0.0380	-0.0563	0.0837
0.0586	-0.0267	-0.0573	0.3467	-0.0590	0.7906	0.2367	-0.2802	-0.4224	-0.1605	0.1809	0.0315	-0.0046	0.0528	0.0111	-0.2785
0.0447	-0.0320	-0.0233	0.0397	-0.0746	-0.0280	0.2474	0.0344	-0.0973	0.0952	0.0586	0.0033	-0.1982	-0.0132	-0.0668	0.0862
-0.2643	0.7198	-0.0053	0.0359	-0.1116	-0.0462	-0.0938	-0.0165	0.0922	-0.1229	0.0403	-0.1315	0.0064	0.1649	0.0109	0.0787
-0.0162	0.0269	-0.3462	0.0789	-0.1662	-0.4854	-0.1052	1.3340	-0.0809	-0.0682	0.0512	-0.0726	-0.0274	-0.4427	-0.0731	0.0871
0.0311	-0.5206	-0.0770	0.1177	-0.0348	-0.0357	-0.5057	0.0519	-0.1690	-0.0064	0.0256	-0.0714	0.0187	-0.0244	-0.0487	0.0780
0.1648	-0.5044	-0.0205	0.0878	0.0365	0.0742	-0.7295	-0.0021	0.8527	-0.0157	0.0820	-0.0073	-0.2201	0.0593	-0.0175	0.0079
-0.2594	0.0351	0.3611	0.0685	-0.0332	0.8010	-0.1333	-0.0302	0.7333	0.0314	0.2020	-0.0198	0.0987	-0.0599	-0.0785	-0.0499
0.1095	0.5593	-0.0007	0.0773	-0.2109	-0.2290	-0.0796	-0.3929	0.0781	-0.0806	0.0400	0.0924	0.8848	-0.0455	-0.0316	0.1666
-0.6149	-0.2509	0.0445	0.1412	-0.0124	0.2481	-0.0959	-0.9997	0.0496	-0.3346	0.2045	0.9570	0.0902	0.0035	0.0158	-0.6017
-0.3779	-0.0316	-0.0375	0.1055	-0.0491	-0.1460	0.1463	-0.0032	-0.0135	-0.0077	0.0464	0.0299	-0.3206	0.0441	0.0014	-0.0056
0.0670	0.2705	-0.0278	0.0617	0.3453	-0.0900	-0.0871	-0.0723	0.4763	-0.0005	0.1281	-0.0010	-0.0478	0.0162	0.6023	0.0761
0.0178	-0.1407	-0.0090	0.8614	-0.0890	-0.1028	-0.0174	0.0186	0.3979	0.2004	0.1448	-0.4230	0.0056	-0.0274	-0.1687	0.0389
-0.0194	-0.1676	-0.0037	0.0614	-0.0896	-0.1210	0.0798	0.0460	-0.0162	0.6358	0.0397	-0.0267	0.1512	0.0199	-0.6371	0.1090
0.0801	0.3084	-0.0179	0.0042	-0.1143	-0.1335	-0.1621	0.0053	-0.5041	-0.1853	0.6996	0.0050	-0.1255	-0.0600	-0.0470	0.4109
-0.0739	0.0811	-0.8072	0.0834	-0.1886	-0.0132	-0.0468	0.0290	0.0327	0.0057	0.0387	-0.1021	0.3580	-0.0133	-0.0265	0.1380
-0.3105	-0.0274	-0.0035	0.1431	-0.0050	0.0355	-0.1205	-0.3854	-0.5865	-0.1918	0.3122	-0.5967	0.0094	-0.0076	-0.1003	-0.1400
-0.2877	-0.4368	-0.5452	0.0797	-0.0748	-0.0279	-0.0274	-0.0517	-0.1065	-0.0478	0.5542	1.0751	0.0228	0.0064	0.0006	-0.0649
-0.0109	0.0169	-0.0669	0.0391	0.0224	-0.3685	-1.4521	0.3351	-0.0868	0.0231	-0.7530	-0.1983	-0.1282	0.1611	0.2742	-0.1755
-0.0393	0.0142	-0.1574	0.1905	0.3537	-0.0898	0.0128	-0.0323	-0.2282	0.0680	0.1147	0.0511	-0.0062	-0.0646	-0.0507	-0.0030
0.1232	0.0839	0.0300	0.0702	-0.0101	0.0574	-0.1291	-0.7629	0.4803	0.2747	0.0620	-0.0018	-0.0202	0.0971	-0.0253	0.0888
-0.0034	-0.0999	0.0041	0.0319	-0.9482	-0.1760	0.0613	-0.3499	0.2942	0.5436	0.1547	0.0585	0.5741	-0.2508	0.0062	0.0881
-0.0039	-0.0637	-0.0518	0.0701	-0.0221	-0.0860	0.1798	0.0225	-0.6239	-0.0516	-0.0411	-0.0470	-0.3270	-0.1581	-0.1095	0.0107
-0.0032	-0.0573	0.7339	0.1558	-0.0776	-0.0490	-0.0623	-0.0463	0.0206	-0.1372	0.3585	0.3854	-1.1630	0.0051	-0.0002	0.4468
-0.2037	0.1855	-0.0528	0.1368	0.6884	-0.0693	-0.1330	0.0955	-1.0394	-0.0210	-0.2733	-0.0148	0.7181	0.1000	-0.0783	-0.0935
0.0297	0.3633	0.0418	0.0753	-0.0817	-0.0011	-0.1342	-0.0008	0.0581	0.0564	0.0542	-0.0140	0.0271	-0.0234	-0.0603	0.0837
0.0497	1.3888	-0.0184	0.0583	-0.0953	0.0098	0.0310	0.0061	-0.0506	-0.1616	0.0611	0.0277	-0.6920	-0.1123	-0.1120	-0.1041
0.1307	0.0075	0.0009	-1.1767	-0.2157	-0.0720	0.0236	0.0584	0.0484	-0.0726	0.0489	0.0130	0.0521	0.2480	-0.0995	-0.3751
0.0859	0.1216	-0.0541	-0.1344	-0.0156	-0.2364	-1.5028	0.0389	0.5239	0.0564	-0.4934	-0.5116	-0.0560	0.0543	-0.1533	0.1481
0.0312	-0.4311	0.0116	0.0504	-0.0166	0.5201	-0.1532	0.2127	0.0338	-0.0589	0.0400	-0.0492	0.0338	-0.0222	0.0242	0.0908
0.0380	0.7143	0.7154	0.0020	-0.1615	-0.0935	-0.1701	0.0357	-0.0986	0.0067	0.8914	-0.2791	0.1196	-0.1311	-0.0830	-0.0500
0.0793	0.1607	0.0323	0.1838	-0.4973	0.1039	-0.4414	-0.0852	0.2656	-0.0568	0.0047	1.5441	0.0305	-0.5797	-0.0270	0.1623
0.5349	0.3883	-0.0015	-0.0196	-0.1626	-0.4594	0.0427	-0.0513	-0.0000	-0.0055	0.9597	0.0601	-0.0801	0.4865	-0.0386	-0.1305
0.0157	-0.5335	0.4094	0.4476	-0.2401	-0.0715	0.1050	0.0044	0.1679	0.1176	0.0952	0.0685	0.1443	0.0653	0.0385	0.0223
0.0176	0.0091	-0.1964	-0.8593	-0.1460	0.0208	-0.1156	0.0829	0.0696	-0.5162	0.0827	0.0484	0.0348	0.0037	0.4982	0.1508
-0.0259	-0.0060	0.0027	0.0193	-0.0405	-0.0658	-0.0657	-0.6965	0.0469	0.0389	0.1613	-0.5928	-0.1604	-0.3091	0.1710	0.0529
0.5295	-0.9666	0.0656	0.1186	-0.1098	-0.0180	-0.0715	0.5634	0.0424	-0.0965	0.0834	-0.0426	0.0851	-0.1269	-0.0592	-0.0669
-0.3026	-0.0026	0.0010	0.1060	-0.2172	0.1327	-0.0741	0.0617	-0.5798	-0.0018	-0.0456	-0.0740	0.0005	-0.0056	-0.7182	0.0515
1.3619	0.0713	-0.0536	0.0270	-0.2653	-0.0082	0.2748	-0.0206	-0.8925	0.0409	-0.0383	0.2388	0.0856	0.2008	-0.0333	-0.0778
0.0614	0.0905	0.1091	0.6792	-0.3127	0.5284	-0.1645	0.0252	0.2272	0.0040	0.0021	0.0116	0.3578	0.5598	-0.1871	-0.0353
0.0338	0.3113	0.0032	-0.0163	-0.0615	0.0818	-0.1211	-0.0093	0.0363	0.0366	0.1467	0.0372	0.0618	-0.1129	0.0936	0.0682
0.0262	0.1304	-0.0720	0.1445	-0.0773	-0.0467	-0.1214	-0.0871	0.2313	-0.4246	0.0194	-0.6487	0.0176	-0.0236	-0.1178	-0.0857
0.5305	0.4404	-0.0118	0.9461	-0.0285	-0.6697	-0.0617	-0.1538	-0.1274	-0.6952	0.0405	0.4502	-0.2647	-0.3970	0.2019	-0.0611
0.0227	0.0407	-1.1766	0.0840	-0.0610	0.0062	-0.1134	0.0367	-0.0338	-0.4392	0.2765	-0.3362	0.0526	-0.1092	0.0295	-0.0458
-0.0695	-0.0406	-0.0275	-0.1979	-0.1962	-0.0391	-0.0239	-0.3475	0.0752	-0.0442	0.0883	-0.5388	-0.0163	0.7897	-0.0321	0.0479
0.0850	0.0242	-0.1255	0.0485	-0.0418	-0.2691	-0.0426	-0.0221	0.5257	-0.0226	-0.5192	-0.1133	0.3059	0.0257	-0.2648	0.0881
0.0088	0.1102	-0.0613	-0.0046	-0.4599	0.0896	-0.0925	0.0265	-0.0184	-0.0390	0.0297	-0.1060	-0.1197	-0.0166	-0.0259	0.0181
0.0654	0.0248	-0.0606	-0.0170	-0.1784	-0.3312	-0.0220	0.4894	-0.0753	0.0199	-1.1022	-0.0170	0.6275	0.0955	1.1508	0.1468
0.0956	0.0770	0.9814	-0.1244	-0.1459	-0.0559	-0.6064	0.0649	-0.1803	-0.1229	0.0970	0.0339	0.2767	-0.0112	-0.6240	0.0895
0.0217	0.0829	-0.0648	-0.0146	-0.0753	0.0429	-0.0897	-0.0061	-0.0304	-0.0113	0.6830	0.0034	0.0019	-0.0659	-0.7487	0.6376
-0.5815	0.5042	-0.1225	0.0218	-0.1367	0.0571	-0.4891	-0.1371	0.0517	0.0431	0.0577	0.4623	0.1788	-0.1045	-0.0225	0.9317
0.1208	-0.0183	0.6409	0.0536	-0.1668	-0.0011	-0.1203	0.0257	-0.0336	-0.0279	0.0407	-0.4068	0.0213	0.5530	0.0190	-0.2374
-0.0461	0.0326	0.0496	0.1068	-0.6898	0.5483	0.2407	1.1692	-0.0436	-0.0254	0.0991	-0.0986	0.1572	-0.0086	0.2871	0.0122
0.0396	0.0046	0.1254	0.1105	-0.3589	-0.0914	0.1367	0.0961	-0.8296	-0.0642	0.5133	-0.0212	0.0303	-0.0055	-0.6140	-0.0132
0.0296	0.0040	0.0048	0.0567	-0.0847	0.0474	-0.0457	0.0352	-0.0300	-0.0618	0.0525	-0.5829	-0.0246	0.0007	-0.0985	-0.6217
-0.0042	0.0104	-0.7310	0.1147	-0.1241	-0.2565	-0.1048	0.2728	-0.0679	-0.0726	0.0353	-0.0562	0.0305	0.0597	0.1461	0.0437
0.0603	0.1093	0.0513	0.0391	-0.1816	0.9442	0.3455	1.4534	1.4592	-0.1751	0.3393	-0.0299	0.0918	-0.1446	-0.0183	0.0029
0.0228	-0.3354	-0.0762	0.1157	-0.1177	0.6364	-0.1243	-0.0093	0.0575	0.0581	-0.0732	-0.0689	0.0358	-0.0380	0.0705	0.1929
0.0839	-0.0346	1.6496	-0.0483	0.0569	0.2907	-0.0347	-1.0761	-0.2245	-0.0463	-0.1958	-0.0976	0.1673	-0.0156	-0.0092	0.0193
0.0117	0.4003	0.7846	0.1414	-0.1158	0.0733	-0.2448	0.8540	-0.1026	1.7546	-0.0684	0.1134	-0.1062	0.0999	-0.0373	-1.0162
-0.0432	-0.0347	-0.0018	0.7773	-0.1397	0.1137	-1.0810	0.7080	-0.1022	0.0546	0.0588	-0.0471	0.0407	0.2341	0.2149	0.1331
-0.0581	0.0658	-0.1069	0.1354	0.0090	0.1487	-1.1311	-0.7702	-0.1066	0.1175	0.0629	0.0455	-0.0423	-0.0324	0.0406	0.0998
0.0503	-0.3257	-0.0597	0.1558	0.3199	-0.0327	-0.0544	0.0108	-0.0484	-0.0021	0.0470	-0.6197	0.5388	0.5937	0.0767	0.1077
-0.0302	-0.0633	0.2846	0.3193	-0.0795	0.0842	-0.5190	-0.0156	-0.0344	-0.0568	0.0689	0.7973	-0.7425	-0.0427	0.1048	0.0897
0.1576	-0.0179	-0.0508	0.1306	-0.1446	0.0674	-0.1280	0.3612	-0.0914	-0.0511	0.0543	0.0088	-0.5474	-0.0669	0.0350	-0.0873
0.1020	-1.2858	0.2889	-0.3826	-0.0794	0.0408	-0.5649	-0.0435	0.0312	0.2669	0.1970	-0.1563	0.0811	-1.6632	-0.5052	-0.0532
-0.0335	-0.6695	0.0298	0.2130	-0.0640	-0.0783	0.0209	-0.1365	-0.0234	-0.2225	0.1721	0.1077	0.0032	0.0295	-0.1401	-0.2130
0.0604	0.0612	-0.0082	0.9547	-0.1341	0.0770	-0.2255	0.7237	-0.0178	0.0072	0.0435	1.0619	0.0753	-0.1337	-0.0296	0.6132
0.0291	0.1909	0.0229	0.1292	-0.1043	0.2541	-0.1271	0.0532	0.0249	-1.3529	-0.1999	-0.0050	0.0922	-0.0523	0.2616	-0.0575
-0.1209	-0.0016	-0.1397	-0.0135	-0.0903	-0.1000	0.3517	0.2264	-0.0162	0.0652	-0.0335	-0.2648	-0.2682	-0.0875	-0.0608	0.0492
1.0524	0.1762	-0.0189	-0.5159	-0.2152	0.4248	-0.2287	0.0487	-0.2998	0.0592	0.0945	0.0290	0.3122	-0.0116	0.0246	0.0061
0.0396	0.0179	0.0150	0.0723	-0.0512	0.0272	-0.2083	-0.0149	-0.0131	0.0361	0.4260	0.0859	-0.0266	0.2214	0.0451	0.0352
0.4134	0.1042	-0.7145	0.0499	-0.0431	0.0139	-1.0592	0.0716	-0.0460	0.1348	0.1852	-0.0143	0.0963	0.1933	-0.6714	-0.0097
0.0548	-0.0399	-1.3604	0.4839	-0.0421	0.7319	0.0207	-0.0865	-0.0300	0.1033	-0.0524	0.7586	-0.1224	0.2070	0.0869	-0.1137
0.5203	0.0401	0.0685	0.0650	-0.0558	-0.1122	-0.0510	-0.0389	0.1208	-0.0288	0.0944	0.2467	0.0768	0.0654	-0.0588	0.0095
0.0409	0.4929	-0.0835	0.6032	0.0617	0.0874	-0.0224	0.0894	-0.0435	-0.0102	-1.0089	0.0418	0.3665	-0.0805	-0.2798	-0.0367
-0.0669	-0.2984	-1.3587	0.1075	0.1985	0.4815	0.1693	0.0967	-0.0060	-0.5225	-0.1982	0.0275	-0.4814	2.0253	0.1295	-0.4014
-0.1457	-0.0651	0.4849	0.0200	-0.0754	-0.0367	-0.0022	0.0759	0.1268	-0.0671	-0.0622	0.0247	0.6364	0.0055	0.0100	-1.0178
-0.1067	0.0945	0.0371	-0.0168	0.0497	-1.2981	-0.3696	0.1944	-0.3400	-0.1815	-0.0331	0.0985	-0.0149	0.0686	-0.2934	-2.3425
-0.0698	-0.0827	0.0358	-0.1367	0.1253	0.2171	-0.0257	0.0588	-0.0036	-0.5488	-0.2074	0.0410	0.0171	0.6197	0.0077	0.5203
-0.0301	-0.1245	0.0813	0.0689	-0.1646	0.2939	0.0242	-0.2368	-0.1366	-0.2550	0.0321	0.0107	0.0728	0.6248	0.0290	-0.0618
0.2405	1.1545	-0.1355	-0.1368	0.0075	-0.0332	-0.0703	0.0110	-0.0194	0.8288	0.1573	0.1675	-0.0062	0.6055	0.1087	0.0154
0.6202	0.0992	-0.0091	-0.0038	0.2198	0.2154	-0.5190	-0.0672	-0.0040	0.0185	1.1202	-0.0103	-0.3445	-0.4862	0.1008	-0.1016
-0.8985	-0.0039	0.0212	-0.1428	-0.0219	-0.0053	0.0145	0.0540	0.0962	0.0737	0.0806	0.0481	0.8290	-0.1149	0.0928	-0.6920
-0.0578	0.0062	-0.0087	-0.4882	-0.0760	0.1512	-0.0223	0.3889	-0.0131	0.0955	0.0526	0.0177	0.1457	0.8468	0.0386	-0.0668
0.1212	0.0619	0.6146	0.1821	0.0730	0.3126	-0.0926	-0.0279	-0.0035	0.0880	0.0658	0.0695	0.0358	-0.7938	1.2022	-0.0215
0.3020	0.0906	-0.0427	-0.1065	0.1414	0.0857	-0.0614	-0.1350	-0.1376	0.0052	0.0740	0.4021	0.0260	-0.5246	-0.0460	0.0085
1.4475	0.0720	0.1815	0.1060	0.1346	0.1876	-0.0153	-0.1627	0.3856	0.1045	0.0057	-0.3853	0.0913	0.0382	0.1780	0.7376
0.0328	0.9918	-0.0475	-0.1443	0.4357	0.0528	-0.0648	0.0547	-0.4723	0.0599	0.1977	-0.6134	0.0105	-0.0851	0.0188	-0.1285
-0.6654	0.0148	0.1079	-1.6469	0.9190	-0.1563	-0.1224	0.7640	-0.0825	0.0661	0.0458	0.8212	-0.0289	0.1890	-0.0937	0.1361
0.2367	-1.3743	0.0553	0.0277	0.0858	0.0315	0.0886	0.0650	-0.0508	0.0333	0.0447	0.0065	0.2270	0.0850	0.3134	-0.1344
0.4646	-0.0446	0.0416	-0.1053	0.0564	0.0988	0.0534	-0.1029	-0.1049	0.1468	-0.0097	1.1974	0.1658	-0.0089	0.0659	0.0100
-0.0214	-0.0210	-0.0311	0.2871	0.0469	0.0455	0.0381	0.1768	0.5710	-0.0096	0.3353	0.0444	0.1221	1.0231	0.1092	-0.5948
-0.0781	0.1483	0.0628	-0.1202	0.0575	-0.5420	-0.5623	0.0428	-0.0191	1.0815	0.8010	0.5845	0.1288	-0.2048	0.0342	0.0485
-1.2675	0.3298	-0.0854	-0.2305	-0.4673	-0.0152	0.0903	0.0462	-0.0041	0.0720	0.0513	0.0365	0.1643	-0.3553	0.0757	0.1021
-0.0109	-0.0534	-0.0496	-0.0521	-0.0021	-0.5667	-0.0080	0.0108	0.0737	0.2128	-0.0278	-0.0103	0.2896	0.0160	0.0535	0.0275
-0.0839	0.3526	-0.0721	-0.1060	0.0126	0.0639	-0.0113	-0.0676	-1.0774	-0.9302	0.1839	-0.3656	0.3184	0.1076	1.4716	-0.0583
0.0203	-0.2209	-0.0015	-0.2013	0.0906	0.0529	-0.0211	0.0685	-0.0394	0.4254	-0.2663	0.5366	0.1014	0.0809	0.0959	-0.0281
-0.3161	0.0833	-0.0531	0.4279	-0.8278	0.0845	0.0032	-0.8803	0.0103	-0.0338	-0.0773	0.0382	0.1081	-0.1608	0.0481	-0.3116
0.0353	-0.4289	0.9050	-1.1015	-0.1134	0.1258	0.0131	-0.0123	-0.0620	0.0190	0.3611	0.1164	0.2251	0.0811	0.0119	0.0120
-0.9481	-0.1329	0.1724	0.0098	0.0062	0.5839	0.6020	0.0562	-0.0512	0.0720	0.1061	-0.0516	-0.3421	-0.0843	-0.2148	-0.0861
0.4000	0.0291	0.0261	-0.0667	-0.0028	0.0587	-0.0059	1.4124	0.5883	0.0904	0.0612	0.0737	0.0710	-0.0219	0.1352	-0.1851
0.0673	0.9076	0.2960	-0.1028	0.1191	0.7975	-0.1176	0.6017	-0.0750	-0.8665	0.0354	0.0567	-0.3352	1.0861	-0.0177	0.0042
-0.0874	-0.0134	0.0021	-0.1173	0.1808	-0.0181	-0.0081	-0.2015	0.0402	0.0008	-0.0994	-0.1003	0.1403	-0.1374	0.0100	0.5848
-0.3599	-0.0261	0.0646	0.4753	0.1016	0.2245	0.0151	0.0740	-0.0980	0.0169	-0.0169	-0.0719	0.1199	-0.0372	0.0700	0.2933
0.0390	-0.0966	0.0098	-0.0976	0.0499	0.0546	-0.0140	-0.0585	-0.0130	0.3450	0.4616	0.1321	0.1139	0.7726	0.1693	-0.1110
-0.0513	-0.3505	-0.2651	-0.0760	-0.0301	0.0419	0.0502	0.0305	-0.0280	0.0260	0.0068	0.0733	0.0639	0.0267	0.1210	0.0390
-0.0904	0.0441	-0.0222	0.0961	0.1025	0.1758	-0.2469	0.1038	-0.1021	0.1524	-0.4534	-0.6573	0.1495	0.1973	0.0723	1.6526
-0.5870	-0.0442	-0.6332	-0.0215	-0.2724	-0.0493	-0.0004	0.1045	-1.1754	0.0225	-0.0135	0.0109	0.0924	-0.0925	0.0327	-0.1987
0.0250	0.0673	0.0715	-0.6728	1.0608	-0.0005	-0.0180	0.1785	0.0122	-0.0071	0.0366	0.0102	0.0133	-0.1768	0.0439	0.0218
-0.0849	0.0121	-0.0108	-0.0538	-0.0246	0.1328	0.2085	0.0008	-1.6228	0.0621	0.2221	-0.0532	0.1284	-0.2206	0.1890	-0.0311
-0.2885	0.0582	0.0608	0.0055	-0.0179	0.1983	-0.0141	-0.0211	0.0786	0.0514	0.1176	0.0497	0.0685	-0.0974	1.7056	-0.1224
-0.1046	-0.0110	-0.0100	-0.0162	0.0911	0.7677	-0.0504	0.0511	0.0033	0.0923	0.1093	-0.0413	0.1133	0.1898	0.0764	-0.9396
-0.0184	0.0312	0.0546	-0.0052	0.2515	2.1294	0.3680	-0.1068	-0.1177	0.2604	0.2756	0.0127	0.0862	-0.3146	-1.9430	-0.0404
0.0273	0.8598	-0.1879	-0.1639	0.1559	-0.1206	0.6856	-0.4039	0.0120	-0.0060	-0.0221	0.0881	0.1620	-0.1042	-0.9504	-0.0379
-0.0613	-0.8456	-1.0329	-0.4053	0.2039	0.0355	0.0045	-0.0489	-0.2407	-0.0157	0.1167	0.5569	0.0884	-0.3407	0.0499	-0.1267
-1.5595	0.5916	-0.1258	-0.0818	0.0630	0.6111	0.1032	-0.0788	0.0116	0.1182	-0.1754	0.0220	0.0174	0.0445	0.1345	0.0069
-0.6607	-0.1440	-0.0565	1.4722	0.5253	0.2453	-0.0006	-0.5113	0.0197	0.2963	-0.0133	0.0538	-0.2254	-0.0525	0.1735	-0.4182
0.0900	0.5513	-0.0149	-0.2751	-0.0239	0.0671	-0.0640	-0.2484	0.0302	0.0167	-0.6388	0.0687	0.5722	0.8143	0.0826	-0.0224
0.0359	0.0517	0.0294	-0.2599	-0.9062	0.6623	0.0362	0.3939	-0.0166	0.0633	-0.1600	-0.0194	0.1209	0.0113	-0.1047	0.1323
-0.0482	0.0564	-0.0030	-0.2410	-0.0191	0.0304	-0.0288	0.0692	-0.0034	0.0116	0.0422	0.0008	0.7334	-0.0985	0.0143	-0.0067
-0.0399	0.0769	-0.0418	-0.0714	-0.2642	0.0025	-0.0719	0.1025	-0.2135	0.1489	0.0350	-0.5052	0.0867	-0.0220	0.0526	0.4982
0.0611	0.0560	-0.6056	-0.0586	0.0791	0.0424	-0.0861	-0.0732	0.0761	-0.0675	0.6569	0.1296	0.0636	-0.0654	0.1088	-0.5031
-0.0618	0.2934	-0.0363	0.3153	-0.0445	0.0540	0.0197	0.0241	-0.0205	-0.0555	0.0277	-0.0245	0.1343	-0.1160	-0.2766	-0.0783
-0.0157	-0.0161	0.0102	-0.1988	0.0430	0.1107	0.0677	-0.0003	-0.0560	0.2227	0.1069	0.0255	0.1529	0.0130	0.1217	-0.0175
-0.0269	0.0007	0.4880	-0.0438	0.0409	-0.0291	-0.0416	-0.0191	0.0586	-0.0110	0.2717	-0.0942	0.0449	0.0228	0.0223	-0.1952
0.1563	-1.1524	-0.0510	-0.0460	-0.1110	0.2504	0.0382	0.0422	0.0130	0.0341	-0.4368	0.0517	0.0771	-0.3342	0.8099	-0.0232
-0.0531	-0.0855	0.0312	-0.0494	0.3758	0.0262	0.4121	1.6310	-0.0665	-0.0325	0.0260	0.5058	0.0045	-0.0137	0.0465	-0.0327
-0.0235	-0.0507	0.0214	-0.0619	1.0337	0.1093	0.1594	-0.0138	-0.1032	0.0221	-0.0244	0.0300	0.1440	0.0207	0.2200	0.0292
0.0232	0.1035	-0.0541	-1.5854	0.1804	-0.1934	0.1495	-0.0325	-0.0493	0.0999	-0.1753	-0.4288	-0.6436	-0.0179	-0.0624	-0.1714
0.0611	0.0505	-0.0150	-0.1211	0.0731	0.1340	0.0297	-0.0018	0.0318	0.0652	0.4688	0.0156	0.0517	-0.0020	0.1013	-0.4221
0.1191	-0.1525	-0.2610	-0.2859	0.1504	0.0242	0.0128	-0.1384	0.4211	0.0048	0.0297	-0.4126	0.0717	-0.0274	0.0784	-0.0758
0.0266	0.1560	0.0030	-0.5334	0.3441	0.1671	-0.0291	0.3318	-0.1696	0.0955	0.0560	0.8811	0.0931	-0.3470	0.8358	-0.0820
-0.0002	0.2443	0.0168	-1.1000	0.0050	-0.1071	-0.0271	-0.0158	0.1463	-0.0611	0.0385	0.1703	0.1226	0.0186	-0.3008	0.0150
-0.4356	-0.1106	-0.0474	-0.0942	0.0199	0.0212	-0.2196	-0.0204	0.0248	0.0655	-0.0295	0.0657	0.0738	-0.0599	0.0124	-0.0370
-0.1308	-0.0481	-0.2179	0.3115	0.1529	0.0179	0.0115	-0.5152	0.0638	0.0315	0.6255	0.0927	0.0810	0.4102	0.0995	-0.0265
0.0427	0.0103	0.3282	-0.0912	0.2427	0.0456	-0.0039	-0.2854	0.5897	0.1130	-0.0955	0.0247	0.0514	-0.3498	0.0766	-0.1249
2.2375	0.5985	-0.0459	0.4188	0.0426	0.2699	-0.1141	-0.0159	-0.1213	0.3102	0.1002	0.0006	0.1915	-0.0091	0.2526	-0.1648
-0.0359	0.1196	-0.0142	-0.0204	0.8199	0.0358	0.0391	-0.0246	-0.0228	-1.4388	0.0322	0.0476	-0.0774	0.0427	0.0060	-0.0221
0.0365	0.0338	0.2366	-0.0773	0.0295	-0.0033	-0.0433	-0.0066	-0.0304	0.9893	0.2408	-0.0208	0.2549	-0.0911	0.1076	-0.0287
-0.4158	-0.0526	-0.0076	0.1594	-0.1019	0.2912	0.0886	-0.3255	-0.3279	-0.7931	0.5354	-0.0256	0.2433	0.1002	0.0989	-0.1120
-0.0320	-0.5977	-0.4455	-1.3152	0.0936	0.0103	0.0524	-0.0508	0.0192	0.0258	0.0781	-0.3364	-0.0883	0.1044	-0.0283	-0.1081
-0.0686	0.1616	-0.1305	0.3173	-0.1598	-0.6832	0.0752	0.0167	-0.0520	-0.1956	-0.0501	-0.0040	0.0361	0.0387	-0.0416	-0.0279
0.0130	0.9700	-0.0653	0.6543	0.2016	-0.5063	-0.0524	0.0832	-0.0390	-0.1161	-0.2635	0.0241	0.3131	-0.0156	-0.0607	-0.0366
-0.1242	0.0050	-0.1512	-0.0536	0.2842	0.1196	0.0678	-0.0383	0.0297	0.2379	0.0692	0.3593	0.0220	0.1006	-0.0267	-0.0118
-0.2656	-0.0093	0.1180	-0.0381	0.1977	0.1362	0.2153	-0.0434	-0.4684	0.4622	0.0028	0.0032	-0.0774	0.0155	0.5828	0.1432
0.0634	0.0899	0.0366	-0.1281	0.0840	-0.1275	0.0037	0.0332	-0.0938	-0.0171	-0.0452	0.0102	0.0811	0.1134	-1.1692	-0.0418
-0.0519	-0.0282	-0.0418	-0.0909	0.1495	0.0550	-0.5185	-0.2041	-1.1105	0.0624	-0.2348	-0.0421	-0.0245	-0.0562	-0.0288	-0.1220
0.0899	-0.0825	0.1476	0.0996	1.6562	-0.1981	0.0066	-0.0471	-0.0273	0.0626	0.1036	-0.0584	1.5364	0.0440	0.0826	0.0418
0.0988	0.3202	-0.0226	-0.1038	0.0703	0.0772	0.0060	0.0110	-0.0415	0.0637	0.0277	-0.0077	-0.0752	-0.5242	0.0060	0.4134
-0.0646	-0.1936	0.6092	-0.0820	0.0732	-0.4227	-0.1850	-0.0122	0.0318	0.1146	-0.4343	0.3054	0.1764	0.1018	0.0108	0.3864
-0.0657	0.0629	-0.0192	-0.3764	0.0639	1.4177	0.3998	-0.0881	0.0116	0.1217	0.0208	0.6820	0.1887	-0.0685	0.1679	0.0128
-0.0868	0.0532	-0.0999	-0.0484	0.0399	0.1060	-0.0230	0.8985	0.0131	-0.8103	0.2531	-0.1421	-0.0457	-0.9140	-0.0675	0.2393
0.0560	0.0400	-0.1591	-1.5029	-0.0381	0.0054	0.0631	-0.4493	0.0949	-0.0332	0.1323	0.0369	0.0862	-0.1252	0.0547	-0.2552
-0.4548	0.6151	-0.0564	-0.1430	-0.0343	0.0950	-0.0928	0.1543	0.4123	-0.0270	0.0650	-0.0391	0.1117	-0.1871	0.0137	-1.9178
-0.0016	0.0298	-0.0005	-0.0383	0.0197	0.0716	-0.0682	-0.1037	0.0472	0.0334	0.6796	1.4037	0.1389	-0.0585	0.1133	0.0240
0.0351	0.0157	0.0789	-0.0437	-0.0330	0.4796	0.0545	-0.3792	0.0848	-0.1886	-0.1673	0.0598	0.5754	-0.0362	0.0665	-0.4042
-0.8767	0.0566	0.0030	0.2429	-0.0088	-0.5398	0.2262	-0.0193	0.1442	-0.0413	0.0237	0.4045	0.0407	-0.1070	-0.0205	0.3242
-0.1720	0.0583	-0.1129	0.2651	0.1280	0.1405	-0.0203	0.1071	-0.0068	-0.4172	-0.0464	-1.1336	-0.0675	-1.6553	-0.0347	-0.1227
0.0465	0.6635	0.7555	-0.0930	0.1794	-0.0917	-0.0546	0.0116	0.0459	0.0086	0.1143	-0.6001	0.0246	-0.0256	-0.0941	0.0010
-0.7524	-0.0210	-0.0046	-0.2206	0.0736	-0.0888	0.0606	0.9397	0.0037	-0.0384	-0.0434	0.1246	-0.2769	0.6536	-0.0011	0.0139
0.0580	-0.0473	-0.0118	-0.0244	0.1333	0.0478	0.0305	-0.0005	-0.2034	0.0751	0.2953	0.0204	-0.2948	-0.0095	0.0155	-0.0342
0.3148	0.0075	0.0117	0.0060	-0.0322	-0.5383	0.0193	0.0230	-0.0201	1.6931	-0.1722	0.1684	0.0097	-0.1096	0.0771	-0.4845
0.0094	0.0717	-0.0690	-0.0412	0.5868	0.2565	-0.1099	0.3369	-0.0680	0.0686	-0.1604	-0.0629	0.5607	-0.4311	0.0672	-0.0427
0.2085	0.0239	-0.2871	-0.0102	0.5172	-0.3197	0.3539	-0.0275	0.6461	-0.0197	0.0768	-0.0189	0.3854	0.1049	0.1070	-0.1202
-0.0685	-0.0670	-0.0327	-0.2703	0.0652	-0.4403	0.4043	-0.0060	-0.0040	0.6752	0.2074	-0.0147	-0.0115	0.0085	0.0148	-0.2445
-0.0484	0.0147	-0.5629	-0.0327	0.0376	0.0126	0.7214	-0.0205	0.1324	0.0335	-0.1122	-0.4799	-0.1467	0.0149	0.2067	-0.1919
-0.0343	0.0544	0.1831	-0.1099	-0.3959	0.6523	-0.0288	-0.0211	0.4878	0.0557	-1.0830	0.1011	-0.1320	0.0945	0.0144	-0.0230
0.0261	-0.4041	0.0249	-1.0970	0.1103	-0.0359	0.1598	-0.7793	-0.4200	-0.0978	-0.0226	-0.0061	0.0185	0.0918	-0.0380	-0.1047
-1.6861	0.0664	0.4049	-0.4023	-0.0879	-0.0497	-0.0784	0.1161	0.0393	0.5518	0.1536	-0.0175	1.0668	-0.0423	-0.0651	0.1103
-0.0762	0.0896	-0.0724	-0.6729	-0.0300	-0.1533	-0.0251	-0.0429	0.0633	0.0861	0.0669	0.0145	0.1511	-0.0125	1.2662	-0.0125
-0.0580	0.0364	-0.0278	-0.0543	0.0102	-0.2560	0.0698	0.5462	-0.0434	0.0262	-0.1280	0.0191	0.1619	-0.5393	0.6713	0.4849
0.0478	0.0311	-0.0329	-0.0424	0.2002	0.2268	-0.7396	-0.1454	0.0245	0.3388	0.0203	-0.5252	-0.0642	-0.0149	0.3162	-0.0231
0.3798	0.0613	-0.0045	-0.0209	0.0826	0.0337	-0.0555	0.1655	-0.0529	-0.0065	0.0479	0.0150	0.2211	0.0007	0.0545	-0.0754
-0.0986	0.0495	0.1558	-0.0351	0.0072	0.0538	0.0399	0.0905	-0.5413	0.0186	0.0220	-0.0103	0.0462	-0.0040	0.0150	-0.7428
-0.8399	-0.0383	-0.0769	-0.2666	0.0631	0.0529	0.1389	-0.0308	0.2715	0.0180	-1.0216	0.0030	-0.4339	0.0482	-0.5634	0.1053
-1.0312	-0.0809	-0.0029	0.1090	0.0392	-0.8609	0.2098	-0.0335	0.0460	-0.0439	-0.0449	-0.1237	-1.0100	-1.0862	-0.1393	0.0958
0.0187	0.0050	0.0700	-0.2522	0.1383	0.0915	0.0947	-0.0996	0.0416	0.0484	-0.4611	-0.1550	-0.1767	-0.8957	-0.0201	-1.0866
0.1484	-0.4249	-0.1497	0.0178	0.0423	0.1582	0.1121	-0.0178	0.1221	-0.0443	0.2711	0.0058	-0.0440	0.5469	-0.9932	-0.0100
0.0217	0.3310	0.0421	-0.0876	0.1112	-0.3899	0.0843	-0.0524	0.0222	-0.0427	-0.1174	-0.0124	-0.2075	0.1209	-0.0676	0.1159
0.1601	-0.0272	0.0316	0.0073	-0.3104	-1.0550	0.1560	-0.0018	0.1221	-0.6329	-0.1981	-0.1935	0.0519	0.1334	0.9914	0.0082
0.0559	-0.1069	-0.0247	-0.0041	0.1405	-0.0733	0.0765	-0.7285	0.0621	0.0541	-0.0823	0.1055	-0.1402	0.4534	0.0022	-0.0510
0.1765	0.0208	0.0053	0.1089	-0.1606	-0.0508	0.0243	-0.0051	0.0269	-0.0068	-0.0149	-0.0431	0.0390	-0.3181	-0.3353	-0.1024
-0.0273	-0.3963	0.4824	0.0486	-0.1899	0.3673	-0.8861	-0.0047	0.1993	-0.2970	-0.1468	0.0009	-0.3074	0.3884	0.0574	0.0008
0.0749	-0.0224	0.0620	-0.2615	0.0340	0.0083	0.0666	-0.4448	0.0255	0.0311	0.3625	0.1107	-0.0228	-0.0341	0.0374	0.0910
-0.0416	0.0353	0.0923	0.0387	0.0193	0.5656	0.9838	-0.1226	0.1965	-0.7815	0.5406	0.0487	-0.0281	0.0700	0.0868	0.7094
0.1046	0.3259	0.0283	-0.0323	0.0333	0.0497	0.0240	-0.0132	0.0565	-0.0152	-0.0650	-0.1858	-0.0935	0.1367	-0.0295	-0.0489
0.0216	-0.0104	-0.6030	-0.1384	0.1006	0.3445	0.0528	-0.0408	-0.2040	-1.4213	-0.0834	-0.0047	-0.0507	0.0211	-0.0278	0.0113
0.0306	-0.0993	0.0800	-0.0429	0.3498	-0.0375	0.0119	-0.1036	0.1567	0.7414	0.2027	0.1135	0.1055	1.0298	0.1140	0.0336
0.4083	-0.0689	0.1715	-0.1020	-0.4168	-0.2400	1.7702	-0.0986	-0.1381	-0.2821	-0.0251	0.0657	0.0117	0.0250	-0.1170	0.0146
0.0693	-0.1064	-0.1047	0.1026	-0.0036	0.1439	0.0938	0.0107	-0.9854	-0.0384	-0.1118	-0.0617	0.1744	0.0315	-0.0217	-0.4532
-0.0552	-0.8950	0.0819	-0.6083	-0.2676	-0.1188	0.1487	-0.0959	0.0065	-0.2308	-0.0894	-0.0298	-0.0373	0.1061	0.1151	0.0476
-0.1438	-0.0853	0.6688	-0.0295	-0.0128	-0.1052	0.1261	0.3993	-0.0996	-0.0882	-0.1003	0.0036	-0.4070	-0.0295	-0.1063	-0.3959
0.1827	-0.0373	0.0085	-0.1347	-0.0181	-0.0198	1.0834	-0.1046	0.0292	0.3116	-0.1161	0.0147	-0.1224	-0.0365	0.0870	0.0067
-0.0607	-0.1167	0.0247	0.0567	0.4201	0.0101	0.0762	-0.2173	0.0145	0.0132	-0.4254	0.0386	0.2150	0.0093	0.0906	0.2820
-0.7009	-0.0627	0.0305	-0.0839	-0.0669	-0.3466	0.0867	-0.0241	-0.0181	0.2197	-0.7216	0.0451	-0.1008	0.0947	-0.0762	0.2353
-0.5408	-0.0877	-0.2903	0.0567	0.0073	0.0147	0.0610	-0.0134	0.0763	0.0386	0.0019	-0.0178	0.3913	-0.0254	0.4414	0.4072
0.5498	-0.0098	0.0329	-0.0089	-0.0022	0.0487	0.0440	0.0244	-0.0429	-0.0666	-0.0935	0.0334	-0.1377	-0.0111	-0.0161	-0.0103
0.3602	-0.3543	0.3120	0.0265	0.1006	0.0344	0.1072	-0.0109	0.0694	-0.0216	0.0602	-0.4605	-0.0935	0.0359	0.3286	-0.3907
-0.0300	-0.0081	0.0272	0.0809	0.0305	0.1896	-0.0120	0.0314	0.0021	-0.4870	-0.3591	-0.0704	-0.1006	0.0352	0.2414	-0.0025
0.8063	0.0042	-0.0220	0.0674	-0.0261	-0.0750	0.0359	0.0535	-1.0153	0.0058	-0.6970	0.0977	-0.0831	0.0225	0.1406	0.0269
0.0015	0.1212	0.4963	0.0036	-0.0290	-0.0935	0.3888	-0.1348	0.2765	-0.0309	-0.0807	0.0166	0.3751	-0.5386	0.0896	0.4753
-0.0357	-0.0433	0.0455	0.0187	0.1989	0.3122	0.0202	-0.0390	0.0742	0.4072	0.1074	-0.7401	0.4186	-0.0338	-0.6194	-0.0051
0.2898	0.0883	-0.4705	-0.0170	0.1173	-0.0071	0.0791	-0.0721	0.1088	0.0297	-0.3344	-0.0373	-0.1193	-1.1156	0.0864	0.0304
-0.0224	0.4147	0.1294	0.0293	-0.1073	0.0285	0.2855	-0.0307	0.0108	0.3730	-0.0124	-0.1606	-0.1398	-0.0229	-0.0279	-0.2109
-0.0642	0.3650	0.0160	-0.0149	-0.7768	0.0780	-1.1752	-0.6941	0.2101	-0.1316	-0.0506	0.0875	-0.1388	0.0788	0.0212	-0.0096
0.1863	0.0254	0.4027	-0.0684	0.1388	-0.0183	0.0595	-0.7243	0.0538	-0.0388	-0.1057	0.0648	-0.3549	0.0232	-0.0009	0.0205
0.1746	0.1335	-0.3136	-0.1462	0.0013	-0.1271	-0.2558	-0.1631	0.7148	-0.0217	0.1276	-0.2018	-0.0245	0.5905	-0.4156	0.6969
-0.1203	-0.0298	0.1576	0.0651	0.3748	-0.0418	0.0318	1.8090	-0.0333	-0.0082	-0.2825	-0.0582	-0.0152	0.0374	-0.0595	0.2199
-0.0771	0.0526	0.4591	1.5312	0.1022	-0.0021	0.0971	-0.0483	-0.5017	0.0107	-0.1749	-0.0483	-0.8797	0.0208	0.0145	0.3761
-0.3775	0.6046	0.0189	-0.3195	0.0637	0.0459	0.0692	-0.4118	0.0335	0.1092	-0.4247	0.0542	-0.1916	-0.0407	0.0827	-0.1800
0.0544	0.0048	0.0342	-0.4615	0.0208	0.0050	0.0488	0.0641	-0.1197	0.1489	0.1514	-0.0482	-0.1163	0.0147	-0.0005	-0.1113
0.1044	0.0449	0.3166	-0.2157	0.0874	0.0222	0.0460	-0.0489	0.0133	-0.2893	-0.0346	0.0167	-0.1152	-0.0310	-0.0675	0.0014
0.0782	-0.0517	0.0903	-0.1704	-0.0466	-0.2648	-0.9015	-0.0203	0.0898	0.0894	-0.0395	0.9394	-0.1182	-0.4060	-0.1629	-0.0909
1.2330	-0.0563	0.0991	-0.0713	-0.0198	-0.0333	1.1060	0.1528	0.0029	1.0930	-0.1779	-0.3499	-1.2479	0.0442	0.0175	0.2985
-0.0096	-0.0249	0.0326	-0.2832	-0.2528	0.0008	0.1654	0.2122	-0.1230	0.0532	-0.0889	-0.2521	-0.8533	-0.0100	-0.0528	-0.3168
-0.0087	-0.0571	0.0217	0.1829	0.1344	-0.0004	0.0585	-0.0528	0.6827	-0.1505	-0.0570	-0.4296	-0.0610	-0.0082	0.0806	-0.0097
-0.0252	-0.0556	0.0378	0.0257	-0.0028	-0.0250	0.0925	-0.1165	-0.1518	-0.1252	-0.0692	0.0549	0.4222	-0.1562	0.0423	0.4091
0.0734	-0.1419	-0.1769	0.0703	0.1040	0.4903	-0.0780	-0.0532	0.1067	-1.3824	-0.1299	-0.0579	-0.2743	-0.0497	0.0117	-0.0327
0.8192	-0.5671	-0.0693	-0.0065	0.1185	0.2230	-0.0403	-0.0834	0.0388	0.0162	-0.1117	-0.3676	-0.1559	0.0977	0.0859	-0.0163
0.0298	-0.0783	1.1473	0.0995	0.0629	-0.0107	0.0585	-0.0573	0.1981	-0.0067	-0.0535	-0.2878	-0.0473	0.0988	0.7380	-0.0400
-0.1635	-0.0947	0.1266	-0.1547	0.7078	-0.1933	0.8594	0.1739	0.5401	-0.0465	0.7299	0.0145	-0.1435	0.5084	0.0384	-0.0327
0.4209	-1.0373	0.0970	0.8366	0.0002	0.0373	0.1025	-0.0876	-0.0390	-0.0332	-0.1115	1.0236	-0.0350	0.8425	-0.4788	-0.3703
0.0291	-0.0164	0.0723	0.8704	0.1131	0.2112	0.7309	-0.0664	0.0090	-0.0590	-0.2238	-0.0719	-0.1619	-0.0437	0.0405	0.0070
0.4168	0.0049	0.0470	-0.2876	-0.0278	-0.1467	0.4581	-0.0150	0.0340	-0.0137	-0.0895	-0.0097	-0.0205	0.6338	-0.0197	0.1912
0.0277	-0.2726	-0.0227	0.0355	0.1736	0.0230	0.0536	-0.1194	0.0573	0.5538	-0.0978	0.1213	-0.0554	0.0627	0.2136	0.0516
-0.1172	0.4602	-0.1010	-0.3697	0.0567	-0.1034	0.0368	0.2070	-0.2462	0.0232	0.7512	0.2931	-0.1572	-0.0192	0.0171	-0.0035
0.0504	-0.0251	0.1227	-0.2945	-0.0945	0.0042	-0.0810	0.0101	0.0349	0.0721	-0.0442	-1.0597	-0.0262	0.0091	1.0191	0.0672
0.0202	-0.0009	0.0852	0.2447	-0.0158	0.0313	0.0355	-0.0950	-0.4675	0.0050	-0.1025	0.5580	-0.1509	0.0207	0.0295	0.0874
-0.3386	-0.0525	0.0980	0.0296	-0.0532	0.0086	0.0412	0.0061	-0.7132	-0.1940	0.1484	-0.1444	-0.1033	-0.0650	-0.0336	0.0661
0.3932	-0.9629	0.0979	-0.0136	-0.2669	-1.2876	0.0706	-0.1618	1.0663	-0.1397	-0.0910	0.0371	0.0412	-0.2183	-0.0630	0.0640
0.0354	-0.1595	-0.4067	1.1342	0.4535	0.1676	0.5187	-0.0298	-0.0428	1.1548	-1.0718	-0.2319	-0.0004	0.0571	0.0436	-0.1368
0.0165	-0.1087	-0.1118	0.3476	0.3857	0.0269	0.1025	0.2808	0.1059	-0.0208	-0.1023	0.0451	-0.0812	0.1834	0.4871	0.0213
-0.0920	-0.7005	-0.1518	-0.0038	0.0014	0.1603	0.1151	-0.0859	-0.0938	0.0209	0.3711	-0.0245	-0.1619	0.0810	0.0482	0.5175
0.1112	0.0009	0.5588	0.1791	0.0995	-0.1726	0.0712	-0.0958	0.1228	-0.0763	-0.1363	-0.0235	0.0262	0.0422	-0.0225	-0.1486
0.0154	-0.0993	0.0322	0.5328	-0.0455	-0.0758	0.5269	0.8032	-0.2169	-0.0658	-0.1425	0.4286	-0.0720	0.0540	0.0242	0.0483
-0.0642	-0.3843	0.1357	-0.0373	0.1417	0.0003	0.0845	-0.0742	0.0495	-0.2191	-0.3594	0.3166	-0.1395	-0.8455	-0.0191	0.0888
0.0600	-0.0042	0.0605	-0.0642	0.0708	-0.0489	0.0546	-0.1212	0.1817	0.0019	-0.0278	0.6863	0.2974	-0.1184	0.0397	0.0972
-0.8083	-0.0483	0.0659	-0.0767	0.0650	-0.1644	-0.0554	-0.0174	0.0321	-0.0242	-0.1356	0.1008	-0.4790	0.1695	-0.0281	0.4208
0.0099	-0.1045	0.7892	-0.0500	-0.0245	0.7337	0.0329	0.1213	0.0378	0.0043	-0.1149	-0.0580	-0.0468	0.8474	0.0235	0.0153
0.0496	0.1040	0.0677	0.7440	-0.0518	-0.0171	0.0153	-0.0195	0.0344	-0.0212	-0.1015	-0.1766	-0.0695	0.1841	0.0587	0.0338
-0.4478	0.0284	-0.0177	0.1112	0.0657	0.1195	0.0398	-0.0944	0.0416	-0.0167	-0.7507	0.1338	-0.1833	-0.0114	-0.2431	0.2041
-0.3701	-0.0046	0.4514	-0.4233	-0.1740	-0.4183	-0.4409	0.0529	-0.2855	0.0941	0.5461	-0.2524	-0.1601	0.0991	1.2476	0.0937
0.0821	-0.0806	-0.1029	-0.0080	-0.0718	-0.1499	0.0606	0.0398	-1.7797	0.0479	-0.2454	0.0579	-0.0714	0.4546	0.1322	0.4994
0.0276	0.0923	-0.3686	-0.0034	-0.5888	-0.0827	0.1309	-1.2693	0.0928	-0.1102	-0.1905	-0.0271	0.5056	0.0069	-0.1253	0.0904
0.1903	-0.6917	0.1173	-0.1817	0.0486	-0.0463	0.0692	-0.1049	0.1694	-0.1261	-0.2238	-0.0010	0.0396	-0.5028	0.0634	0.0468
-0.0242	-0.1003	-0.0148	0.4550	0.8623	0.4947	-0.3119	-0.2963	0.0628	0.0392	-0.0989	-0.0404	-0.1682	-0.0407	0.2053	-0.0208
0.0254	-0.0143	1.0667	0.0103	-0.0736	0.0508	0.0912	0.5190	0.3362	-0.3056	-0.1019	0.6690	-0.0177	0.0857	-0.3642	0.0453
0.1480	-0.0008	0.1120	-0.0365	-0.3180	-0.0034	0.3006	-0.0152	0.0390	-0.1542	-1.5794	-0.0078	0.7065	0.1135	-0.0341	-0.1776
0.0035	0.3950	0.0158	0.3351	-0.0470	0.0506	0.1092	-0.0736	-0.0456	0.0074	-0.0547	-0.0591	-0.0473	-0.3978	0.2173	-0.2811
0.4024	0.0789	-0.9083	-0.4954	-0.0456	-0.1839	0.1915	-0.0737	-0.1052	0.1684	-0.0645	0.4021	-0.0364	-0.0698	0.0666	0.4677
0.0043	-0.1057	0.0009	-0.0788	0.1985	-0.1397	0.0960	-0.1504	0.0022	-0.0458	0.4095	-0.2966	-0.9755	0.5430	-0.0126	0.9664
-0.0369	0.9366	0.1499	0.0089	0.8772	-0.0516	-0.0308	-0.0479	0.0046	-0.1076	-0.0884	0.1547	-0.1063	-0.2871	-0.0084	0.0367
0.0850	1.5164	-0.0108	0.6679	-0.0905	-0.0231	1.1392	-0.1710	0.0482	0.2987	-0.1117	0.2069	-0.0546	-0.0305	0.0136	-0.1321
0.0412	-0.0003	-0.0190	-0.0210	0.0468	0.1851	-0.0152	0.0262	0.0733	0.0270	0.4148	-0.4577	-0.0457	-0.0199	0.0110	0.0960
-0.1105	-0.3122	0.0596	-0.0013	0.0324	-0.1944	-0.0470	0.5382	0.0116	-0.4845	0.2549	-0.3409	-0.0507	0.0300	-0.0387	0.0096
-1.0681	1.4185	-0.0215	-0.0885	0.6881	-0.0898	0.0739	0.0173	0.0599	0.0003	-0.2238	0.0940	0.1076	1.2621	-0.0348	0.1345
-0.0250	-0.2889	0.0126	-0.0453	0.0449	-0.0121	0.0234	-0.1962	0.0112	0.3491	-0.0735	0.0538	-0.1495	0.0393	0.1086	0.0865
0.0242	0.0489	0.0604	-0.9047	-0.2752	-0.1000	0.6837	-0.0161	0.1116	0.1498	-1.2411	0.0278	-0.3070	-0.1430	-0.1586	0.0514
0.1068	-0.0668	0.0899	-0.1130	-0.1428	-0.2321	1.4382	-0.0301	0.0387	-0.0776	-0.0948	-0.0282	0.1718	0.0390	-0.2984	0.0232
-0.0022	-0.1585	0.0162	-0.7434	0.1455	0.0078	0.1122	-0.0456	0.2244	0.0533	-0.0378	0.1016	-0.1390	0.1064	-0.0360	-0.1353
0.0442	0.0274	0.0335	0.0883	0.3520	-0.0779	0.0008	-0.0748	0.0879	0.0342	-0.1543	0.0145	-0.1227	0.0409	0.0061	0.0562
-0.1901	-0.8084	-0.7243	0.0003	0.0377	-0.1342	0.2171	-0.1256	0.1377	-0.7036	-0.1518	0.3744	-0.0931	-0.1292	0.0243	0.0400
-0.3755	-0.0739	0.5091	0.0174	-0.0954	-0.0416	0.1042	-0.1357	-0.0244	0.0747	-0.0461	-0.0944	-0.7434	0.0291	0.4602	0.0319
0.0269	-0.0485	0.0732	-0.4713	0.1049	1.2325	0.5879	-0.1288	0.0295	0.1738	-0.0636	-0.4145	-0.2473	-0.0837	0.1219	0.9923
-0.2172	-0.0861	-0.2523	0.6564	0.3730	-0.6113	-0.0820	-0.0057	-0.4717	0.4791	0.2389	-0.5764	1.0566	0.0500	-0.0518	0.1080
0.0902	0.0311	0.1168	0.0159	1.1793	-0.0630	0.0278	-0.2082	0.0554	-0.0881	-0.0753	0.4779	-0.0796	-0.0100	0.0951	0.0261
0.0285	0.1661	0.0821	0.9687	0.1220	-0.0732	0.1321	-0.2720	0.4568	-0.0730	-0.0485	0.3608	-0.1721	-0.0039	0.1099	-0.0668
0.9714	-0.0714	0.0618	-0.0344	0.2238	-0.8317	-0.7564	-0.0409	0.0141	-0.1208	-0.2505	-0.0495	-0.1682	0.1667	-1.4325	0.0464
-0.0446	0.7869	-1.1721	-0.5314	0.1067	-0.0390	0.1853	-0.0360	0.1066	0.4904	0.1942	-0.0139	-0.1961	-0.0758	0.0996	0.0740
0.0127	-0.0566	-0.0947	-0.0247	0.0483	0.0547	0.2620	0.0170	0.0648	0.8270	-0.6006	-0.0170	0.2040	0.0295	0.0289	0.0404
0.0349	0.1068	0.0079	-0.7489	-0.4416	0.4406	-0.5411	-0.0105	0.0099	0.0796	-0.1181	-0.0588	-0.2472	0.1885	-0.0202	-0.0080
0.1434	0.0115	0.0509	-0.8443	0.0716	0.3444	-0.0116	-0.4710	0.2170	-0.1977	-1.2327	-0.0220	-0.0826	0.0072	-0.0342	-0.5325
0.1461	0.7885	0.0091	-0.0019	0.1303	-0.0749	0.0417	-0.0429	0.8241	-0.9949	-0.1574	0.0298	-0.1747	-0.0353	-0.0778	0.0301
-0.0474	-0.1196	0.9990	0.5949	0.2046	-0.0780	0.1188	-0.1330	0.0524	-0.0218	-0.3786	0.1700	-0.1589	0.0920	0.0744	0.0268
