-0.3556	0.1687	0.0362	-0.0049	-0.5930	0.1475	-0.5622	-0.0489	-0.0595	0.0928	0.0526	-0.0587	-0.0371	-0.0750	-0.0167	-0.1264
-0.2128	-0.0570	-0.1421	-0.2259	-0.0918	0.1361	-0.3721	-0.0003	-0.0409	0.6704	0.3764	-0.1157	-0.0118	-0.1002	0.0660	-0.0158
-0.0263	-0.0320	-0.0552	0.0254	-1.4750	0.3105	-0.1696	-0.8566	-0.1369	0.1065	-0.1893	-0.1655	-0.2863	-0.0792	0.3170	0.0414
-0.4584	-0.0029	1.1145	0.0710	-0.2442	-0.1308	-0.1413	-0.0472	-0.0334	0.1274	0.7167	-0.1122	-0.6057	-0.1540	-0.0339	-0.0655
-0.5025	-0.1373	-0.0108	0.1304	0.0559	-0.9005	-0.1324	0.8595	-0.0156	0.3267	0.1059	-0.2026	-0.3071	-0.1971	0.0819	0.1124
-0.1674	-0.3501	-0.0772	-0.1970	0.0248	0.1493	-0.5036	0.0322	0.4652	0.2323	0.1649	-0.1973	0.0280	0.4575	0.0217	0.3259
-0.4600	0.3237	-0.0283	-0.5941	0.0773	0.1956	0.0832	0.0500	0.3598	0.2078	0.2329	0.4626	-0.1643	-0.0823	-0.4702	0.3911
-0.3185	-0.2063	-0.0024	0.2195	0.0702	0.1004	-0.4620	-0.2415	-0.0219	0.8531	0.2208	-0.0677	0.2802	-0.4265	-0.0456	0.0918
-0.2262	0.0095	-0.1421	-0.0406	-0.2680	0.1632	-0.1151	-0.0553	-0.0335	0.2187	0.1176	-0.0981	-0.1296	-0.0728	-0.2560	-0.0562
-0.4250	-0.1111	-0.6769	-0.0880	0.0599	0.2783	-0.1099	-0.1043	-0.0295	-0.8961	0.2545	0.6690	-0.0834	-0.0893	0.0078	0.1189
-0.3029	0.1265	1.0007	0.0532	0.0379	0.2769	1.2352	0.2427	-0.0128	0.2992	0.4291	0.0398	-0.2462	-0.0183	0.1498	0.0951
-0.6730	-0.0458	-0.0537	-0.0731	-0.0762	0.1654	-0.0876	-0.0157	-0.3678	0.3559	0.8179	-0.0405	-0.0993	-0.0318	0.5898	0.0104
-0.3022	-0.2849	0.1021	0.0234	-0.0133	0.2306	-0.2836	-0.1231	0.0757	0.3287	-0.4200	-0.0521	0.2746	0.1279	0.1213	0.1475
-0.1020	-0.0058	-0.0424	-0.3523	0.0456	0.8055	-0.0533	-0.2069	-0.1098	0.0780	0.1649	-0.0469	-0.1096	-0.0118	-0.0303	0.2419
-0.2263	0.2018	0.0548	0.0910	0.0376	0.6425	-0.0757	-0.6004	-0.0170	0.0226	0.1397	0.3968	0.2809	0.0946	0.0490	0.6439
-0.3468	0.1327	-0.7110	0.4447	-0.0103	-0.6093	-0.7950	-0.1713	-0.0248	0.2503	0.1516	0.4355	-0.0111	-0.1408	0.1099	0.0765
-0.1848	0.0455	-0.0714	0.0367	1.3072	0.3593	-0.0547	0.0477	-0.1267	0.2559	0.1020	-0.0891	-1.0406	0.3298	0.0575	0.0062
-0.2060	0.0346	0.5125	0.0137	0.0655	0.0503	0.1359	0.0027	-0.0438	0.1273	0.1860	-0.0950	-0.0506	0.1890	0.0167	0.2656
-0.4674	0.1701	-0.0597	0.1013	-0.7766	0.0498	-0.1738	-0.1305	0.4033	0.2400	0.2411	-0.1786	-0.1729	0.3019	-0.0129	-0.2662
-0.4255	0.0200	-0.8593	0.0684	-0.1137	0.7042	-0.0363	-0.0362	-0.0747	0.0381	0.2682	-0.1037	0.0769	-0.0289	0.0818	-0.0173
-0.2539	-0.5846	-0.1095	0.0231	0.0514	0.4682	-0.1006	0.1243	-0.1668	0.8360	0.0374	0.3911	-0.1559	0.5003	0.0133	-0.0896
-0.5465	-0.0324	0.4449	0.1055	-0.0856	0.1170	-0.1657	0.0646	0.5770	0.1434	0.1347	-0.0437	0.0264	-0.0941	0.8070	0.3406
-0.3879	-0.0317	-0.0038	-0.0781	-0.3706	0.2779	-0.1144	0.0994	-0.0260	0.2541	-0.3645	-0.1075	-0.1621	0.4481	-0.7998	0.1370
-0.2407	0.1592	-0.0107	-0.0495	0.0343	0.5966	-0.0471	-0.0273	0.0211	0.1597	0.0174	-0.1033	-0.0759	-0.0415	-0.8349	1.0419
-0.1929	-0.0002	-0.1172	0.0288	-0.1516	0.2182	-0.2665	-0.9355	0.0217	0.7097	0.3978	0.1053	0.1018	-0.7988	-0.0372	0.0040
-0.3384	-0.1204	0.1119	0.1339	-0.9434	0.2411	-0.1041	0.3795	-0.1207	0.1671	0.4548	-0.0816	0.0661	0.0088	0.0066	-0.0382
-0.4612	-0.0236	0.0011	0.0787	0.3292	-0.6025	-0.2819	0.2856	-0.0021	0.2899	-0.5741	-0.8664	-0.3590	-0.1171	0.5509	0.1831
-0.2947	-0.3430	-0.0669	0.0986	0.0479	0.1897	-0.1278	0.1400	-0.3783	0.1695	0.0984	-0.0813	-0.2550	-0.0342	0.1540	0.0519
-0.1246	-0.0703	-0.2230	0.0302	-0.0423	0.7321	-0.1380	-0.0222	0.5637	0.2115	0.3458	-0.2084	1.0683	-1.1929	0.1890	0.2047
-0.3307	0.0426	0.0219	0.0357	-0.0456	0.0605	-0.1376	-0.2382	0.0192	0.1586	0.1578	-0.1190	-0.0213	0.9709	0.1824	0.0424
-0.3719	-0.0430	-0.0201	0.1120	0.0681	0.2636	-0.0504	0.1201	-0.7999	0.1309	-0.2813	-0.8877	-0.1927	-0.0446	0.0570	0.2091
-0.2845	0.0342	-0.0675	0.0920	1.2139	-0.0309	-0.4628	-0.0267	-0.0753	0.1410	0.6509	-0.0416	-0.0838	-0.0909	0.0390	-0.1167
-0.4283	-0.1106	0.0116	0.0072	-0.0643	0.2834	-1.2230	-0.0321	-0.5602	-0.7694	0.1618	-0.5943	0.0831	-0.0961	-0.6417	0.2064
0.4794	0.0494	-0.1385	0.1205	0.0200	0.2298	-0.0130	-0.0685	0.0607	0.1893	0.7634	-0.3967	-0.1998	-0.0472	-0.5229	0.1541
-0.3639	0.6881	-0.0846	-0.8630	0.3644	0.1755	-0.0431	0.0557	-0.0922	0.1540	0.3407	-1.3211	-0.1199	0.0273	0.0255	-0.2157
-1.5683	-0.0998	-0.4953	0.0135	-0.4744	-0.0462	0.1018	-0.0768	0.1783	0.1191	-0.0114	0.4368	-0.0181	0.3669	-0.0274	1.4368
-0.1501	-0.0961	-0.0913	0.3512	0.6836	1.2748	0.0650	0.0019	-0.1225	0.9231	0.2279	-0.0861	-1.2000	-0.0137	-0.1588	-0.1409
0.2715	0.1223	-0.3916	0.1268	0.0003	0.0406	-0.0941	0.0824	-0.0747	2.0747	0.1910	0.1577	-0.0657	-0.4320	-0.0676	0.0401
-0.5240	-0.0137	0.0053	0.2713	-0.0298	0.0452	-0.1149	0.0423	0.0611	0.1621	0.1525	-0.1038	-0.0966	0.0500	-0.5423	0.0446
-0.3062	1.1456	-0.0115	0.0287	-0.0143	0.1805	-1.3022	-0.1867	-0.0382	0.1158	-0.0258	0.0962	-0.5741	-0.0475	0.0235	-0.0768
-0.2722	0.3727	0.2329	0.1104	0.2154	0.2159	-0.1320	0.1718	-0.0559	0.6095	0.1745	-0.0762	1.0504	-0.0149	0.0902	0.2885
-0.2312	-0.7331	-0.1597	0.1136	-0.0400	0.1790	-0.1388	0.0247	0.0189	0.1753	0.1707	0.1399	-0.0424	0.0770	-0.0542	0.6171
-0.4011	0.1487	0.2161	0.1398	-0.0691	-0.2599	-0.8739	-0.0628	0.0601	-0.2567	0.1158	-0.1359	0.0231	-0.0684	-0.0374	0.0778
0.3831	-0.2219	-0.0664	0.1183	-0.0491	0.1796	-0.1972	0.0158	0.4246	0.2021	0.2188	-0.1745	-0.0588	-0.2643	0.0630	0.0899
-0.3477	-0.6108	-0.0669	0.0453	0.0034	0.2074	0.0246	-0.6521	0.0160	0.0990	0.1815	-0.0079	-0.1372	0.0243	0.1137	0.1163
-0.3326	-0.0730	-0.8210	0.0670	-0.0368	0.0256	-0.0178	0.9233	-0.6396	0.0951	0.1893	0.8665	-0.0006	-0.1387	0.1390	0.0166
-0.1630	0.0733	-0.0620	0.2604	0.0134	0.2227	-0.1328	-1.0875	0.2865	0.1441	0.2081	-0.0447	-0.1332	-0.5520	0.6803	0.0897
-0.3565	0.0930	0.0090	0.0615	0.0980	0.2260	-0.3504	0.0941	-0.0567	0.3038	0.3447	-0.1078	1.2204	-0.0681	-0.0688	-0.3875
-0.2104	0.0393	-0.1186	0.0646	0.4687	0.6765	-0.1075	0.0355	-0.0693	0.1398	0.1376	-1.4175	0.1299	-0.0476	0.0983	0.1031
-0.3483	-0.1364	-0.0578	-0.0595	0.0447	0.1529	-0.2013	0.0645	-0.0266	0.1041	0.3118	-0.1453	0.6673	-1.0335	0.0224	0.1552
-0.2758	-0.0748	0.0134	0.0747	0.0288	0.1995	-1.0103	-0.0841	0.2050	0.0806	0.0963	-0.1735	-0.0472	-0.0694	-0.0214	0.0530
-0.2692	-0.0310	0.2814	0.3497	0.0258	0.3121	0.1269	0.0934	-0.0118	-0.2853	0.0893	-0.5525	0.2340	-0.0208	0.0561	0.1261
-0.3148	-0.0870	0.9716	0.0659	0.0546	0.8562	-0.2100	-0.3142	-0.2177	0.0945	0.1396	0.0565	-0.4364	-0.3667	0.1691	-0.2791
-0.7244	-0.0432	-0.0320	0.3059	-0.0134	0.1301	-0.4981	0.1317	0.0666	0.1549	0.0275	-0.0603	-0.0232	-0.6240	-0.1500	0.0156
-0.4793	0.0044	0.0176	-0.3874	0.8482	0.0360	-0.0207	-0.0379	-0.0452	0.1349	0.9356	-0.1160	0.1573	-0.1720	0.1017	0.0316
-0.3734	-0.0478	-0.1380	-0.5772	0.0459	0.1818	0.0147	0.0039	-0.1616	0.2047	0.1346	0.1926	-0.1299	-0.1132	-0.0071	-0.0111
-0.2824	-0.0662	-0.0637	0.1600	0.0034	1.2155	-0.1051	-0.0096	-0.1090	-0.0756	0.0579	0.3315	-0.0265	-0.0627	0.0929	-0.5868
-0.2699	-0.1089	-0.0556	0.0058	0.4429	0.1538	-0.1646	0.0055	0.0108	0.1828	0.2186	-0.0169	0.3317	0.0007	0.0143	-0.1813
-0.3131	0.0350	-0.0313	0.0563	0.4324	0.2317	0.0636	0.0975	-0.0218	0.1892	0.1130	-0.0833	0.3664	-0.3619	0.0607	0.1368
-0.3143	-0.4644	-0.1594	0.5713	-0.2691	0.1455	0.2283	0.0364	-0.0533	-0.0717	0.0843	-0.1254	-0.0527	-0.0616	0.9460	-0.0137
0.1027	-0.0584	-0.1211	0.0838	0.0452	0.2123	-0.0812	-0.1677	-0.0405	0.1808	0.1620	-0.0569	-0.1018	-0.0070	-0.0558	0.0740
-0.4026	-0.0502	-0.0222	0.0204	0.0387	0.2816	-0.4237	-0.0088	0.1290	0.1078	0.1270	-0.1322	-0.1716	-0.7495	0.0192	-0.3707
-0.3425	-0.0844	0.0039	0.0562	-0.2732	0.2132	-0.1025	0.0836	-0.0106	0.2428	0.0351	-0.1115	-0.1035	-1.0526	0.0128	-0.0199
-0.3181	-0.0076	-0.0862	0.1024	0.0465	0.2199	-0.1502	0.9070	-0.1306	0.1118	-0.0130	-0.1282	-0.5884	-0.1456	-0.0609	-0.0173
-0.1312	0.0278	-0.1436	0.6742	0.0252	0.6666	-0.1470	-0.1142	0.0386	0.1831	0.1704	-0.0960	-0.0701	-0.0083	-0.0360	0.0988
-0.3746	0.1021	-0.1325	0.6206	-0.3973	0.2804	-0.1913	-0.0642	-0.0184	-1.1684	0.2478	-0.1758	-0.1230	-0.0969	0.0646	0.4371
-0.4133	-0.0136	0.0074	-0.9992	-0.0404	0.2300	0.2709	0.0616	0.0943	0.2305	0.2050	-0.1438	-0.1388	-0.1270	-0.2422	-0.0161
-0.2736	-0.4694	-0.0019	0.5967	0.0338	0.2754	-0.1480	0.4136	-0.0998	0.1308	0.0710	0.5075	0.1355	-0.0480	0.0392	0.3297
-0.1669	-0.0683	0.0471	0.1182	-0.0118	1.0969	-0.0064	0.7103	-0.1017	0.2173	0.0432	-0.2222	0.0843	0.2718	0.0901	-0.0503
-0.4285	-0.0787	-0.0963	0.0614	-0.0103	0.1637	-0.1680	-0.0175	0.6156	0.1279	0.2593	0.1597	-0.0580	-0.0154	0.2386	-0.0397
-0.2608	0.3777	-0.0289	-0.6375	0.0888	-0.0866	-0.1565	-0.4520	0.1139	0.8493	0.2457	-0.3855	0.0292	-0.5255	-0.0786	0.1256
-0.3116	-0.4008	-0.3217	-0.1393	-0.0527	0.1247	-0.2401	-0.3642	0.0503	0.2437	0.1066	1.0715	-0.1707	-0.1573	0.0959	0.0711
-0.0647	-0.5251	-0.0562	0.8667	0.0199	1.0030	-0.6119	-0.2872	-0.1138	-0.0470	0.1415	-1.5525	-0.0700	-0.0321	0.2599	-0.2608
-0.1514	0.2493	-0.0528	-0.1488	0.6103	0.2730	-0.1045	-0.2292	-0.0446	0.1858	0.1482	0.1835	-0.0756	-0.0792	-0.0240	-0.0962
-0.2803	-1.0350	0.3612	0.0600	-0.0115	0.2659	0.4988	0.1757	-0.0725	0.1433	0.2799	-0.0398	-0.1256	-0.0295	-0.0037	0.0909
-0.2941	0.0013	0.0166	0.0577	0.0361	-0.3676	-0.2180	0.0407	-0.0254	0.2095	0.1473	-0.1013	-0.1194	0.0590	0.1346	0.1738
-0.2768	-0.0329	-0.0897	0.5103	0.0602	0.6572	-0.0885	0.0300	1.1862	0.1505	-0.0969	0.0896	-0.0862	0.0296	0.1188	0.0535
-0.3387	0.1065	-0.0262	0.1115	-0.0210	0.1732	0.2633	0.1381	0.0202	0.5226	0.0961	-0.0904	-0.1873	0.0144	0.0227	0.1297
-0.2528	-0.0683	-0.0425	0.1868	0.0582	-0.5202	-0.0448	0.1388	-0.0681	0.3323	0.1502	0.1124	-0.0853	-0.1593	-0.5276	0.0620
-0.2599	-0.5314	-0.1138	1.2218	-0.0092	0.2482	-0.1550	0.1358	-0.0422	0.2522	0.1411	-0.0310	-0.0720	-0.0722	-0.2626	-0.0791
-0.2576	-0.2712	-0.0780	-0.1078	0.0447	0.1832	-0.4152	0.0434	-0.1620	0.1232	0.3317	-0.1199	-0.0326	-0.0586	0.9250	0.0737
-0.1604	-0.0322	-0.2389	-0.0618	0.2185	1.0139	-0.0002	0.1112	-0.0501	0.1208	0.1627	-0.0443	0.3084	0.0061	0.1637	0.2259
-0.2459	-0.0473	-0.6464	0.0329	0.0412	-0.3828	-0.1619	-0.1660	-0.0558	0.2336	-0.2147	-0.0667	-0.1258	0.0673	1.2344	0.0707
-0.2969	0.6452	-0.0871	0.1933	0.0378	0.2488	-0.0999	-0.0259	-0.1017	0.1032	0.3353	-0.0605	0.1571	0.0267	0.5211	0.0405
-0.4200	-1.2052	-0.0815	0.0127	-0.0030	-0.0046	0.0683	0.0548	0.1770	0.1951	0.2222	-0.2751	-0.0839	0.3001	-0.9931	0.1230
-0.4068	0.9053	-0.1027	0.1570	0.0104	0.2590	-0.0299	0.1022	-0.1335	0.1605	0.3172	-0.1252	-0.3186	-0.0775	-0.7390	-0.0114
-0.1817	-0.0664	-0.0931	0.0389	0.2178	0.5806	-0.1980	0.1268	-0.0580	0.3094	-1.0488	-0.3280	-0.2933	-0.2153	0.0679	-0.3468
-0.3717	0.0538	0.0043	0.4877	-0.1441	-0.0201	0.1239	0.0292	-0.3014	0.2520	0.2096	-0.0427	-0.1102	0.2583	0.1190	-0.3606
-0.2731	-0.0567	-0.0402	0.1189	-0.4552	0.2177	0.1833	-0.0858	-0.0498	0.3409	0.2346	0.1052	0.0415	0.3303	0.0698	0.5286
-0.2209	-0.1207	-0.0171	0.0646	0.0592	0.3639	-0.0966	-0.6617	-0.0290	-0.1631	0.2335	0.1993	-0.1742	0.3975	-0.1667	0.0486
-0.3638	-0.0002	-0.0378	0.0663	0.0793	0.2431	-0.1207	0.1242	0.0747	0.2006	-0.5569	-0.0881	-0.1353	0.0333	-0.1191	0.1337
-0.2043	0.0033	-0.0772	0.2381	0.1591	0.2270	-0.1176	0.0683	0.4790	0.2357	0.1099	-0.1312	-0.1144	-0.1363	0.0272	0.3837
-0.3056	-0.1246	0.0730	0.0235	-0.0238	0.2739	-0.0887	-0.0468	-0.0760	0.1419	0.0596	-0.5929	-0.3533	-0.0013	-0.1272	0.0376
-0.4744	-0.0987	0.7507	0.1064	-0.2479	-1.1205	-0.2253	0.1850	0.0094	-0.3612	0.3989	-0.1609	-0.2137	-0.0060	-0.2016	0.2777
-0.2846	0.1088	-0.3593	0.0856	0.0090	0.1918	-0.1086	-0.0143	0.0530	0.3578	0.1158	-0.1268	-0.2047	-0.0842	-0.5175	0.0960
-0.3163	-0.0641	-0.5524	0.1151	0.1680	0.4428	0.5707	0.9908	-0.0297	-1.4125	0.3671	-0.2605	-0.1073	0.1273	0.3480	0.1281
-0.3062	-0.0290	-0.3277	0.0972	-0.0028	0.3678	-0.0347	0.5277	-0.2693	-0.2611	0.1811	-0.1498	-0.1022	-0.0853	0.0530	0.0839
-0.3247	0.1467	0.4301	0.1475	-0.7922	0.2271	0.9436	0.1814	-0.0665	0.8306	-0.4847	-0.3676	-0.2476	0.0087	1.0370	0.2657
-0.1924	-0.0452	-0.1196	0.0580	0.0146	0.1830	0.2387	-0.1349	0.2161	0.1801	0.4975	-0.1839	0.0128	0.0727	-0.0389	-0.0247
-0.0968	-0.0747	0.7212	0.8380	0.7852	0.2722	-0.1159	0.1578	-0.2321	0.1709	0.0770	-0.0807	0.0114	-0.1303	0.0153	1.2230
0.2027	0.0615	-0.0874	-0.0860	-0.0455	0.0627	0.6417	0.3102	0.1570	-0.0742	0.3180	-0.5092	-0.0527	0.0923	0.0907	0.4962
0.2783	0.0873	-0.1120	-0.1604	-0.4115	-0.0735	-0.1097	-0.8104	0.1079	-0.0674	1.4002	0.1728	-0.2602	0.1136	0.1488	-0.0106
0.2805	-0.1805	-0.4161	-0.0437	0.0514	0.0089	-0.1846	-0.1217	-0.5575	0.0035	0.1726	0.1061	-0.5582	0.2644	-0.9526	-0.0066
0.1315	-0.0096	-0.0123	-0.1652	-0.0851	0.0268	-0.2462	-0.1110	0.1829	0.0274	-0.8613	0.1725	-0.2601	0.0243	0.0719	0.2013
0.0697	0.1003	0.0361	0.9331	-0.1278	-0.2924	-0.2469	0.3146	0.1444	-0.0048	0.0617	0.5474	-0.4588	-0.1044	-0.0394	0.1948
0.2115	1.3957	-0.4628	-0.0791	-0.2145	0.0833	-0.0897	0.0992	0.3598	-0.0930	-0.5320	0.1786	-0.2696	0.1782	0.2191	0.0191
0.3256	-0.7878	-0.1199	-0.1071	0.6958	0.0271	-0.2176	-0.4556	0.0806	-0.0910	0.1602	0.1565	-0.0679	-0.0273	1.0117	0.3447
-1.6970	0.1266	0.0637	-0.1973	-0.2195	-0.1985	0.4986	-0.2485	0.0774	-0.0666	0.1755	0.3724	-0.4229	0.1670	0.2011	-0.4895
0.3159	-0.6173	-0.0945	-0.1992	0.0173	0.4706	-1.0399	0.1645	0.0238	-0.0581	-0.2666	0.2965	-0.1364	0.0336	0.1171	0.0627
-0.0268	-0.5373	0.0230	-0.1337	-0.0526	-0.1825	-0.1160	0.3364	0.5150	-0.0134	0.1721	0.2360	-0.1444	0.3580	0.0213	0.3736
0.1332	0.0285	-0.3033	-0.1481	-0.0617	-0.0031	-0.4281	0.1294	0.0739	-0.3988	-0.0158	0.1142	-0.6272	0.0149	0.0881	0.0866
0.3230	0.0319	-0.2198	-0.1312	-0.0413	0.5134	-0.1673	-0.1401	0.1214	-0.1130	0.1547	-0.1159	-0.1594	0.1121	0.0388	0.4416
-0.0970	-0.3592	-0.0727	-0.1498	-0.0349	0.0176	-0.2206	0.1938	0.0848	-0.6336	0.2158	-0.3327	0.0464	0.1464	0.1295	0.2570
0.2481	-0.1526	0.0146	-0.1839	0.2411	0.0575	-0.3024	0.2918	0.1393	-0.1345	0.1923	-0.1385	-0.1496	-0.3080	-1.1187	0.1970
0.1270	-0.5826	-0.0396	-0.0890	-1.1918	-0.0444	-0.1962	0.2710	-0.3042	0.0852	-0.0275	0.0867	-0.1286	0.0659	0.0740	0.2949
0.2499	-0.0488	-0.0170	0.8986	-0.1033	-0.0461	-0.1385	0.1803	0.1550	-0.1025	0.3241	0.1748	-0.0698	0.1118	0.0920	0.0682
0.1999	0.0164	1.0113	-1.5421	-0.0489	0.0420	-0.2287	0.2053	-0.0441	-0.0654	0.1142	0.1838	-0.1143	-0.0478	0.1929	-0.0466
0.2146	0.0625	-0.0486	-0.1476	0.2460	0.1764	-0.2037	0.2667	0.2566	0.0440	0.1590	0.1343	-0.1297	-0.1288	0.1117	0.0057
0.2076	-0.1701	0.1106	-0.2201	-0.1161	0.0391	-0.2736	0.1079	0.1508	-0.0523	0.1523	-0.3988	-0.1885	0.2767	0.0916	-0.0319
0.1514	-0.1870	0.0373	-0.1256	-0.1463	-0.1495	-0.6037	0.1118	0.0714	-0.1749	0.1147	0.0015	-0.1856	0.1483	0.0803	0.1114
0.1572	-0.0607	0.1611	-0.0967	-0.0308	-0.1098	-0.1283	0.7524	0.0250	-0.0681	0.0902	0.0329	-0.1359	0.0959	0.1225	0.0108
0.3422	0.1033	0.6189	0.0136	0.0005	0.1516	-0.1377	0.5614	0.1096	-0.0477	0.2133	0.0831	1.1201	0.1676	-0.0201	0.1620
0.1891	0.0501	-1.0092	-0.0904	0.0357	-0.5391	-0.1718	0.1759	0.9072	-0.1409	0.1253	-0.8985	0.0075	0.3964	0.4377	0.1609
0.2203	-0.0246	-0.0107	-0.1580	0.4771	-0.1065	-1.2067	0.6431	0.1080	0.0184	0.2618	0.0919	0.3686	0.3258	0.0156	-0.3702
0.4200	0.0246	0.0253	0.0541	0.2799	-0.0275	-0.0842	-0.1496	0.3767	0.5478	0.1192	0.1843	0.0099	0.1327	1.1060	0.0633
0.0086	-0.0385	-0.0509	0.4782	-0.1210	0.0225	-0.1332	0.2588	0.1287	-0.0784	0.1657	0.2308	-0.2889	0.1394	0.1165	-0.4577
0.0536	0.1525	2.3498	-0.1812	-0.1046	-0.0794	-0.2615	0.4055	-0.1363	0.1398	0.1846	0.3864	-0.2859	0.1378	0.4765	-0.1732
-0.0327	0.1193	0.0002	-0.1296	-0.1000	0.0429	-0.1768	0.2836	0.1416	-0.0645	0.2127	-0.3538	-0.0887	0.1073	1.0796	-0.0101
0.2037	-0.1314	-1.2603	-0.0765	-0.1130	-0.4050	-0.5208	0.4856	0.1492	-0.0626	0.2487	0.1011	-0.0516	0.2278	0.0757	0.1320
0.1984	0.0267	0.0517	0.3110	-0.1309	-0.0391	-0.1073	0.3093	-0.1440	-0.0044	0.1186	0.1709	-0.0462	0.1580	0.1802	0.0510
0.3453	0.0431	-0.0219	-0.1534	0.2214	0.2250	0.2548	0.3100	0.1953	0.0129	0.1691	-0.0527	-0.1781	0.0302	0.0897	-0.3884
0.1825	-0.0858	0.2257	-0.1191	-0.0899	0.0701	-0.2976	0.5204	0.5854	-0.0365	-0.5676	0.0156	0.3468	-0.0944	-0.6455	0.2316
0.2044	-0.0308	-0.0335	-0.1904	-0.1491	0.0763	-0.2179	0.2867	-0.3437	0.0414	0.0154	0.9030	0.0604	0.0515	0.1186	0.0718
0.3221	0.0246	-0.4755	0.5441	-0.0796	-0.0393	-0.0965	0.2698	0.1563	0.0300	0.2100	0.2616	0.2071	0.1073	-0.1773	0.1283
0.4895	0.0836	0.3821	-0.1842	-0.1445	-0.9945	-0.3031	0.3030	-0.4555	-0.0017	0.1937	-0.3275	-0.2459	0.5052	0.0600	0.1169
0.2946	-0.0273	-0.0469	-0.0999	-0.1063	-0.4048	0.0728	0.2750	0.1521	0.0036	0.1338	0.2583	-0.1533	0.1991	0.0967	0.1566
0.1690	-0.0012	0.0051	-0.1293	-0.0855	-0.0493	-0.2034	0.2040	0.1286	-0.0067	0.1155	0.4362	-0.2877	0.0304	0.0713	0.3098
0.1446	0.1347	-0.8279	-0.3176	-0.0757	-0.0017	-0.1577	0.3482	0.0898	0.0049	0.3302	-0.5829	-0.2786	0.2310	0.2167	-1.1159
0.0285	0.1207	-0.3132	-0.1746	0.7607	-0.4888	-0.3576	0.4534	-0.5834	0.0384	-1.1530	0.0920	-0.5543	0.0193	0.1966	0.2315
0.3095	0.6240	-0.2342	-0.7991	0.0008	-0.1119	-0.0944	0.2274	0.0974	0.2847	0.1032	0.0112	-0.0401	0.1228	-1.3088	0.1173
0.2432	0.0103	0.0825	-0.0836	-0.4172	-0.2979	-0.2485	0.3798	0.1172	-0.1091	-0.0194	-0.7199	0.2301	0.0554	0.0849	0.1107
0.0930	0.0642	-0.0675	-0.6293	-0.0634	-0.6006	-0.1164	0.2846	0.2114	0.0551	-0.0662	-0.2171	-0.1988	0.0595	-0.2623	0.0038
0.3594	-0.0214	0.0306	0.0660	0.0554	0.0629	0.1641	0.0929	0.0925	-0.1539	0.7008	0.0196	-0.0254	0.0762	0.0709	0.8914
0.0520	0.2511	0.0064	-0.1123	-0.0189	-0.1200	-0.4427	0.2791	0.7153	-0.0022	0.0777	0.1418	-0.2013	-1.1483	0.7631	-0.0651
0.2805	0.0755	-0.1065	-0.0722	0.0166	0.7547	-0.0921	0.0390	-0.4156	-0.1625	0.0342	0.2816	-0.1447	0.1341	0.0780	0.0199
0.1799	-0.1378	-0.6167	-0.1604	-0.1034	0.1375	0.0381	0.3389	0.2448	-0.3049	0.3790	0.0593	-0.2457	-0.0046	-1.2980	-0.0211
0.1866	-0.0708	0.0445	-0.0564	0.2773	-0.1079	-1.5575	0.2630	0.0860	-0.1150	0.1252	0.1238	0.5110	0.0964	0.2072	0.0522
0.2673	-0.1268	-0.3995	-0.1009	-0.0976	-0.0816	-0.3006	0.1548	0.3185	0.6827	0.1233	0.1762	-0.1910	0.0771	0.0189	0.0291
0.2169	-0.3535	0.3535	-0.1149	-0.0624	0.2220	0.2577	0.7208	0.1076	0.0009	0.1572	-0.4841	-0.1159	0.0768	0.0810	-0.1729
0.1160	1.0031	0.1033	-0.1421	-0.6350	0.5409	-0.1199	0.2607	0.1065	0.4949	0.2167	0.8033	-0.1448	0.0642	-1.4648	0.0529
0.2692	0.0868	-0.1399	-0.0078	-0.0222	0.0225	-0.4774	0.1877	-0.6085	0.9585	-0.0548	0.1673	0.3387	0.9377	0.0835	0.0071
0.1307	0.0296	-0.1431	-0.1140	-0.2862	-0.2348	-0.2592	0.3565	-0.2462	0.2340	0.1621	0.0735	0.3464	-0.0579	0.1286	0.1183
0.2606	0.0144	0.3807	-0.1842	-0.0406	0.3822	-0.2686	0.1749	0.0128	-1.0365	0.0868	-0.0059	-0.1166	-0.9470	0.0323	0.1186
0.2813	-0.5180	-0.1486	-0.7719	-0.0273	0.0467	0.8083	0.3331	0.2297	-0.0815	0.4277	0.1276	-0.1147	0.0789	0.2201	0.7410
0.1585	0.0618	-0.6803	-0.2329	-0.1194	0.2351	-0.5470	0.2254	0.1974	-0.0165	0.0204	0.1068	-0.0373	0.1020	0.3865	-0.1143
1.2234	0.0331	-0.0567	0.8974	-0.0453	0.0225	0.0662	-0.2608	0.1170	-0.0314	0.1624	0.2695	-0.2467	-0.7481	0.3342	0.1330
0.1258	0.0494	-0.0100	-0.1458	-0.7042	-0.0103	-0.5427	0.4492	0.0450	-0.4733	0.0739	0.0859	-0.2137	0.1732	0.1243	-0.3879
0.2312	0.0821	1.1381	-0.1036	-0.7408	-0.2089	0.3465	0.2075	0.1542	-0.1263	0.3185	0.1173	-0.2151	0.1251	0.0939	0.0781
1.0032	1.4929	-0.0299	-0.1139	-0.0389	0.0119	-0.1358	0.0252	0.1049	-0.1525	0.1905	-0.0303	-0.7016	0.1119	0.2929	1.1779
-0.5693	-0.0084	0.1658	0.4853	-0.0640	-0.1813	-0.2522	0.1664	1.0709	-0.1781	0.0493	-0.1279	-0.1026	0.1484	0.0296	0.2198
0.1835	0.0455	0.0593	-0.0666	-0.9777	-0.0886	-0.1367	0.1816	0.0544	-0.0915	0.1053	0.1404	-0.1122	0.1524	0.1303	0.0692
-0.0219	-0.0167	0.3017	0.1605	0.3100	-0.1641	-0.1172	0.3108	0.1311	0.0130	0.0653	0.1836	-0.2524	0.0647	0.0710	0.1351
0.1436	-0.0316	-0.1791	-0.1210	-0.1579	0.0057	-0.2615	-0.3677	0.3643	-0.1512	0.2346	0.2026	0.0574	0.0369	0.0740	0.2291
-0.2967	-0.0774	0.0850	-0.1931	0.0309	0.2450	-1.0653	-0.0146	0.2932	-0.0652	0.1389	0.1092	0.0539	0.0449	-0.2029	0.0523
0.2322	-0.0491	0.0279	0.0091	-0.0719	0.0788	-0.1625	0.2618	0.1788	-0.1578	-0.5730	0.1167	-0.3032	0.1113	0.1671	0.1425
0.2092	-0.1588	0.5029	-1.2794	-0.0508	-0.0834	-0.2183	0.2120	-0.0096	-0.1149	0.1238	0.0843	-0.1205	0.1565	0.8980	0.0000
0.2523	0.0431	0.0158	-0.2222	-0.1866	-0.0192	-0.0862	0.6078	0.0938	-0.0641	0.1445	0.0963	-0.0933	1.0006	-0.3431	0.0844
0.8603	-0.0014	0.0174	0.5602	-0.0640	-0.1729	-0.3021	0.3258	0.2126	0.0116	0.1873	0.0982	-0.0908	0.1916	0.0941	0.1616
0.2021	-0.0235	-0.0025	-0.6228	-0.0315	0.1035	-0.1169	0.2744	0.0726	-0.0817	-0.1774	0.1552	-0.1715	0.0134	0.2529	0.0427
0.2200	-0.0380	0.0037	-0.2026	-0.3825	0.8976	-0.0955	0.1947	0.5628	-0.2535	0.1422	0.3817	-0.0349	0.4301	-0.0497	0.0802
0.2760	-0.0304	0.0037	-0.1080	-0.1377	-0.0182	-0.3121	0.3815	-1.3370	-0.0222	0.2156	0.0378	1.0158	0.2074	0.1487	0.2422
0.2544	-0.3664	-0.0106	-0.1216	-0.0531	0.0364	-0.1470	0.1067	0.1069	-0.0761	0.5061	0.0849	-0.0849	0.7680	0.0337	0.0739
0.0804	0.4816	-0.2052	-0.7969	-1.1717	0.0166	-0.0853	0.2268	0.0447	-0.0508	0.1969	0.1330	-0.1116	-0.9775	0.1045	0.2689
0.1628	-0.0010	0.0318	-0.1989	-0.1029	-0.0791	-0.4471	0.2209	0.0958	0.1223	0.1457	0.0663	-0.0676	0.0995	0.0268	0.2875
-0.1490	0.1924	0.7140	-0.2148	-0.0483	-0.0060	0.1630	0.0064	0.0371	-0.1131	0.2516	0.1511	-0.1175	0.2497	0.5092	0.0225
0.3627	0.1398	0.0536	0.5063	-0.0211	-0.0134	-0.0965	0.3370	0.3924	-0.0151	0.1257	0.0510	0.0467	0.1431	0.1099	0.2206
0.3255	0.0272	0.0100	-0.1254	0.3098	0.3174	-0.1742	0.2213	0.1310	-0.0587	-0.0045	0.0589	-0.4895	0.1907	-0.5940	-0.4292
0.2458	0.0633	1.1318	0.1589	0.3751	-0.0171	-0.1291	0.1590	0.1272	-0.1008	-0.0452	0.1701	-0.1469	0.0183	0.0951	0.4508
0.2027	0.0146	-0.0288	-0.3894	-0.1193	0.2790	-0.1489	0.1258	-0.0848	-0.0942	-0.0002	-0.0665	-0.5857	0.0830	0.1229	-0.0440
0.2454	0.0556	-0.0707	-0.0540	-0.0767	-0.0779	-0.0908	0.7712	-0.1871	-0.0358	0.0540	1.2173	-0.0925	0.1230	0.2457	0.0032
-0.0190	-0.0997	-0.2454	1.1862	0.0243	0.3410	-0.3209	0.3312	0.0433	-0.0617	0.7580	0.0445	-0.3276	0.1250	0.0033	-0.0619
0.2402	-0.0403	0.0944	-0.1059	-0.2043	-0.0453	-0.1860	0.3640	1.2743	-0.0259	0.1216	0.5305	-0.1636	-0.3136	0.1939	0.0934
0.2434	0.0925	-0.0048	-0.1326	-0.0670	-0.0548	-0.1836	0.4615	0.1037	-0.6049	0.0982	0.0692	-0.1826	-0.4407	0.1028	0.1184
0.1914	-0.3003	0.0423	-0.5145	-0.1042	-0.1185	-0.1352	-0.0346	0.2252	0.0040	0.5873	-0.3714	-0.2728	0.1516	0.0627	0.0440
0.2268	0.0495	0.1896	-0.2311	1.0213	-0.0840	-0.1824	0.0197	0.1109	-0.1104	0.5747	1.6467	-0.0498	0.1333	-0.5954	0.1407
0.1958	-0.0199	-0.1600	-0.0936	-0.1301	-0.0353	-0.0788	-0.3583	0.3056	0.3136	-0.2898	0.2063	-0.1420	0.1920	0.0838	0.1179
0.7148	0.0336	-0.0575	-0.1409	-0.7543	0.0526	-0.0749	-0.6268	0.0999	0.0440	0.1770	0.2266	-0.2614	0.1800	0.2725	-0.3381
0.2146	-0.0907	-0.2715	0.1206	-0.4573	-0.2058	-0.1721	0.1745	0.1459	0.7039	0.1530	0.1193	0.0246	0.3579	0.2806	0.4314
0.0904	0.0811	-0.0041	-0.1628	-0.0334	0.0705	-0.1627	0.2846	1.0579	0.2131	-0.8009	0.0369	-0.2184	0.4917	0.0749	0.1682
0.2182	0.0565	-0.0012	-0.8655	0.5636	-0.0122	-0.3750	0.2189	0.0855	-0.0755	0.1616	0.3186	0.0246	0.0667	0.1721	0.0433
0.2146	0.0261	0.0502	-0.5858	-0.0876	-0.0761	-0.2295	0.2411	0.1588	-0.1486	0.1716	0.0910	0.2077	0.3275	-0.0649	0.0380
-0.4440	0.7468	-1.1493	-0.0947	-0.0927	-0.3598	-0.0970	0.5494	0.0619	-0.0267	0.2202	0.5373	0.1838	0.0554	0.3153	-0.1356
0.0325	-0.4757	-0.0388	-0.2851	-0.0407	-0.1224	-0.1303	0.6349	0.1926	-0.0775	0.1198	0.1322	-0.1503	0.0800	0.0670	0.0785
0.2592	1.0626	-0.0175	-0.1133	0.0178	-0.0192	-0.2345	0.1620	0.2061	-0.0498	0.1416	0.0484	-0.0864	-0.7197	0.0462	0.6262
-0.2079	0.0412	0.2369	-0.1662	0.0338	0.3731	-0.1977	0.4037	0.0913	0.0043	0.1116	0.1275	-0.0876	0.1360	0.0549	0.1961
0.3487	0.2266	-0.0007	-0.1513	-0.0578	0.1186	-0.1709	0.2440	-0.8663	-0.2919	0.0415	0.0415	-0.2209	0.2822	0.3794	1.6345
-1.6444	0.1090	0.0336	0.0154	-0.1208	-0.2255	0.4003	0.4224	0.1549	-0.1514	0.1232	0.1340	-0.2148	0.1351	-0.0115	0.2329
0.0793	-0.0315	0.3492	-0.0454	-0.0665	0.0047	-0.8626	0.1152	0.1234	-0.0578	0.0528	0.0916	-0.1137	0.1146	-0.0886	0.1435
0.1201	0.0692	0.4896	-0.1444	-0.0804	0.0788	-0.1212	0.3019	0.0933	0.0306	-0.4726	0.1097	-0.1689	-0.1693	0.5428	0.1417
0.1406	-0.2341	-0.1067	-0.1861	-0.0631	0.0424	0.2512	0.4840	0.1396	0.0193	0.3426	0.0207	-0.2487	-0.8937	0.1238	0.0135
0.1571	-0.0330	0.0484	0.4479	0.0224	0.4194	0.0603	-0.3447	-0.1350	-0.1651	-0.3042	0.1940	0.1267	-0.1244	-0.2214	-0.6268
0.1310	0.0461	0.0510	0.0321	-0.5407	1.0520	0.9610	-0.2158	-0.0765	-0.1557	-0.3020	-0.0625	0.1666	0.5995	-0.4680	-0.1666
0.0817	0.1319	0.0398	0.2288	-0.0898	-0.1143	0.2460	-0.2840	-0.0312	-0.1523	-0.5121	0.0811	0.5478	-0.0070	1.1505	-0.1453
0.1627	-0.2259	-0.3288	-0.1476	0.1051	-0.1360	0.7764	-0.1204	-0.0188	0.3362	-0.2026	0.1432	0.2055	-0.0445	-0.1830	-0.0701
0.1525	-0.0968	-1.3415	-0.4637	-0.0664	-0.2414	0.3823	-0.2831	-0.1108	-0.2224	-0.3185	0.0185	0.7336	-0.0271	-0.1147	0.8062
0.0417	-0.0662	0.0859	0.0111	-0.0038	-0.1528	0.1920	-0.2813	-0.0456	-0.1342	-0.2949	0.8820	0.1699	-0.0774	-0.2284	-0.2927
-0.2306	-0.0357	0.0338	0.0105	0.2103	0.1165	0.3155	-0.5175	-0.0872	-0.4624	-0.2159	0.6478	0.1669	0.5446	-0.0661	-0.3793
0.1479	-0.0862	-0.2987	-0.2320	0.2773	-0.6027	0.2438	-0.1997	-0.7986	-0.1592	-0.2161	-0.0385	0.1466	0.1732	-0.0984	-0.2158
0.1267	-0.0214	0.0543	-0.2686	0.5943	-0.0150	0.2411	-0.1983	-0.0466	-0.1771	0.0855	-0.0113	0.2674	-0.6561	0.0158	-0.0784
0.0739	-0.1081	-0.0125	-0.0015	0.0553	-0.1734	0.1443	-0.3469	-0.1648	-0.0757	0.0121	0.4622	0.2484	0.0117	-0.1720	-0.0349
-0.2489	-0.1003	0.0619	0.1438	0.0983	-0.1733	-0.3341	-0.1836	-0.1161	-0.0202	-0.3763	0.3490	0.2681	-0.1541	-0.2285	-0.1991
0.2026	-0.0256	-0.0490	0.5517	0.0977	-0.1914	0.0573	-0.2364	-0.3017	-0.1784	-0.0985	-0.0512	0.1879	-0.0491	-0.1881	0.2715
0.1115	0.0889	0.1155	-0.0545	0.0309	-0.1235	-0.1890	-1.2802	-0.3183	-0.2276	-0.2687	0.0201	0.1393	1.1625	-0.0844	-0.1208
0.1439	0.0629	1.2025	1.2196	0.1689	-0.2288	0.3300	0.3804	-0.1871	-0.1617	0.0938	0.1231	0.3392	-0.7113	-0.1091	-0.1244
-0.4408	-0.0069	-0.0057	0.0596	0.1199	0.5859	0.1432	-0.4380	0.1206	-0.1997	-0.4632	0.4216	0.2298	-0.1519	0.4519	-0.0401
0.0185	0.0830	-0.2371	0.1079	-0.0665	-0.2320	0.0783	-0.1979	-0.1185	0.0435	-0.2070	-0.0053	0.6229	-0.0826	0.0238	-1.4868
0.1504	0.0378	0.0309	0.0049	0.0358	-0.1855	0.2143	-0.5483	0.0265	-0.1391	-0.2885	-0.2059	0.1579	-0.1831	-0.1302	0.0340
0.0435	-0.0704	0.0110	-0.1655	-0.0472	-0.1449	0.1610	0.3059	-0.2440	-0.1468	-0.4838	0.0966	-0.4235	-1.3423	-0.0542	-0.2009
-0.8037	-0.0110	0.0284	0.5058	0.0731	-0.1291	0.2994	-0.0690	-0.0089	-0.1850	-0.4341	0.0606	0.2660	-0.2592	-0.0840	-0.0701
-0.1675	-0.0704	0.0090	0.0669	0.1248	-0.2985	0.2740	-0.0960	-0.4130	1.0881	-0.3690	-1.0778	0.2560	-0.1875	-0.2066	0.1992
0.1235	0.0444	-0.6549	0.0556	0.0264	-0.6353	0.2387	-0.6565	0.2390	-0.1376	-0.2526	-0.0832	0.2007	0.0374	-0.1030	0.0001
-0.1384	-0.0676	0.0523	-1.1129	-0.0569	-0.1079	0.1415	0.1333	-0.1109	-0.1916	-0.4335	-0.0533	0.3163	-0.0622	-0.1621	-0.1523
0.1089	-0.0130	0.0406	0.2570	-0.4120	0.7290	0.0150	-0.2664	-0.1059	-0.4404	-0.5149	0.2190	0.4411	-0.0423	0.0053	-0.9731
-0.1432	-0.0015	0.7674	-0.0031	0.0449	-0.2010	0.6840	-0.1702	-0.1291	0.0117	-0.2394	-0.1831	0.2408	0.0049	-0.0800	-0.1061
0.0103	0.0027	-0.0061	0.0852	-0.1136	-0.3001	0.2156	-0.1971	-0.5363	-0.1258	-0.3153	0.3351	0.2367	-0.0077	-0.0742	-0.2098
-0.1043	0.0187	0.1054	-0.3406	-0.0653	-0.1716	0.1232	-0.2068	-0.0359	0.1675	-0.7004	-0.0637	0.0839	-0.9367	-0.1325	0.1300
0.1087	-0.0204	-0.0133	0.0680	0.1358	-0.1927	0.4036	-0.1483	0.2518	0.2499	-0.4056	-0.0462	-0.3572	0.6969	0.1631	0.3339
0.1059	0.1112	-0.0146	0.0688	0.1553	0.7686	0.4662	-0.2797	-0.0622	-0.1367	-0.3528	0.0309	0.1684	-0.5337	-0.2000	-0.1562
0.0417	-0.0969	-0.4134	-0.0814	0.1366	-0.1639	0.1941	-0.0914	-0.0630	-0.1121	-1.4847	-0.1032	0.0433	0.0941	-0.2154	0.0155
0.0537	-0.3415	0.0071	0.1082	0.0775	-0.2347	0.2707	-0.2699	0.7168	-0.0657	0.0675	-0.0457	0.7805	-0.0848	-0.1818	-0.2599
-0.0323	-0.0113	0.0047	0.0354	-0.1824	-0.2070	0.2156	-0.3177	-0.0593	-0.7834	-0.3496	0.5749	0.2505	-0.0928	-0.0232	0.1723
0.0908	-0.0534	0.0271	-0.1294	0.1013	-0.1924	0.2101	-0.1270	0.5900	-0.1751	-0.3232	-0.1214	0.2111	0.0225	-0.0437	-0.1935
-0.0965	-0.1835	0.0770	-0.1867	-0.7178	-0.3632	0.3633	-0.2669	0.0202	-0.3039	-0.1640	-0.0549	0.1662	-0.0874	-0.1397	0.8149
0.1094	-0.2477	0.1075	0.0512	-0.3373	-0.2801	0.0048	-0.2917	-0.1155	0.6335	-0.3328	0.0028	0.1401	-0.0626	-0.1318	-0.2327
0.0416	-0.0296	0.0256	0.1291	-0.0141	-0.2284	0.1243	-0.1323	-0.0674	0.0546	-0.2218	0.0669	0.2336	-0.1484	-0.1137	-0.0829
0.1197	-0.0972	0.1250	0.0945	0.0406	-0.2130	0.3258	-0.7770	-0.1396	0.9235	-0.4882	0.0515	-0.3285	-0.0414	0.0557	0.9127
0.2515	0.0386	0.0518	0.0302	0.3956	-0.1018	0.0915	-0.2093	-1.2177	-0.1091	-0.2569	0.0306	0.2094	-0.2059	-0.2753	-0.0445
0.0478	1.2315	0.0786	0.0755	-0.0971	-0.1483	0.1860	-0.2648	0.1354	-0.1882	-0.2751	-0.0327	0.1557	0.3984	-0.0460	-0.2022
0.0151	0.0105	-0.0147	0.0757	0.0069	-0.1343	0.2944	-0.2504	-0.0874	-0.1627	-0.3508	-0.0150	0.2116	-0.4251	0.0784	0.1437
0.1469	-0.1399	-0.0070	-0.0569	-0.0019	-0.2214	-0.0676	-1.5511	-0.1017	-0.1642	-0.0585	-1.0378	0.0764	-0.0306	-0.1042	-0.1863
0.0704	-0.0904	0.0740	-0.0862	0.1489	-0.2677	0.4795	0.3944	-0.1713	-0.1194	-0.0029	0.0997	0.2903	-0.0552	-0.0564	-0.1666
0.2479	0.4628	-0.0904	1.6772	0.0287	-0.3231	0.3402	-0.4001	-0.0105	-0.2398	0.3946	0.0608	-0.0074	-0.1442	-0.0969	-0.1291
0.2000	0.0081	0.4052	0.4259	0.0739	0.1234	0.2042	-0.3839	0.3032	-0.1428	-0.4368	-0.7779	0.2591	0.8803	-0.1397	-0.1140
-0.0938	0.1831	0.1079	-0.5752	-0.4623	-0.1260	0.2240	-0.2276	0.4078	-0.1562	-1.0616	-0.1878	0.0071	-0.0401	-0.1573	-0.1809
-0.4449	0.5574	-0.8038	0.0441	0.0311	-0.2666	0.0640	-0.1159	-1.3251	-0.2099	-0.3851	-0.0372	0.9402	0.0707	0.0396	-0.1800
0.0791	0.0373	0.5635	0.0273	-0.0112	-0.1858	0.1482	-0.8260	0.9383	0.1408	0.3606	-0.2255	0.5446	0.5876	-0.1866	0.0530
0.0788	-0.0785	0.0215	0.0148	0.0972	-0.0355	0.2473	-0.2636	0.6149	-0.2051	-0.2378	0.0406	0.0359	-0.0814	0.0464	-0.2002
0.0394	-0.0913	0.1328	0.1119	0.8266	0.0305	0.2280	-0.3518	0.3600	-0.0961	-0.4327	0.6320	-0.2818	-0.1059	-0.0281	0.0387
0.0342	0.7057	0.0358	0.0140	-0.0030	0.1085	-0.9729	-0.5919	-0.1467	-0.4313	-0.4035	-0.0582	-0.1200	-0.1814	-0.2436	0.3925
0.0470	-0.1804	0.2672	0.4301	0.0546	-0.2196	0.2423	-0.1676	0.0338	-0.0774	-0.2124	-0.1651	0.2506	-0.0938	-0.2202	-0.0862
0.1169	-0.4198	-0.3331	-0.4551	0.0656	-0.0014	0.4777	-0.3177	-0.0735	-0.1873	0.6569	0.0008	0.1397	-1.3931	-0.2854	-0.1878
0.0394	-0.1376	0.0835	-0.0503	0.3465	-0.3134	0.2393	-0.2884	-0.1097	-0.2545	-0.1733	-0.1823	0.1223	-0.1057	0.1501	-0.3798
0.1695	0.0606	0.3187	-0.1980	0.0914	-0.1163	0.2724	-0.1269	-0.0967	0.0076	-0.2219	-0.3281	0.2377	-0.2688	0.4318	-0.1681
-0.3765	-0.3954	-0.3259	0.0280	0.3138	-0.2334	0.1876	-0.1387	0.2046	-0.2649	-0.2226	-0.1057	0.1500	-0.0821	-1.2889	-0.0762
0.5537	0.1186	-0.0690	0.6104	0.0862	-0.2354	0.3285	0.1020	1.1955	0.6589	-0.4008	0.0718	0.2039	-0.0034	-0.1455	-1.2689
0.7054	-0.6105	0.0331	0.0987	-0.7157	0.0589	0.1887	-0.3947	0.0280	-0.1601	-0.4203	0.0258	-0.1319	-0.1463	-0.1068	-0.0912
0.1369	0.0140	0.1569	0.0184	1.3747	-0.2101	0.2705	-0.2240	0.0169	0.0519	-0.1650	0.0100	0.2664	-0.0431	0.3188	-0.0072
-1.0217	-0.8035	0.0610	0.0318	-0.0498	-0.2228	0.2972	-0.3787	-0.0683	0.1519	-0.3248	0.1305	0.2143	0.3550	0.1784	-0.2517
0.0016	0.6143	0.7127	0.6843	-0.0364	-0.2333	0.2596	0.2687	-0.2170	-0.0955	-0.6642	0.0374	0.2259	0.4129	-0.8639	-0.1696
0.0936	-0.2228	-0.0120	0.0547	0.1389	-0.1643	0.3713	-0.5020	-0.0759	-0.3821	-0.2119	-0.1676	0.1319	-0.0426	-0.1157	-0.2045
-0.0036	0.2769	-0.3367	0.0967	-0.2226	-0.0418	1.4874	-0.2778	-0.2322	-0.0360	-0.0618	-0.0344	0.1227	-1.0708	-0.0782	-0.0277
0.0237	-0.0390	0.3275	0.2568	0.2092	-0.0934	0.2586	0.4564	-0.0395	-0.8792	-0.4137	-0.3748	0.1740	0.1150	0.0467	-0.0587
0.8506	-0.2566	0.0890	0.1100	0.0849	-1.1256	0.8195	-0.2514	-0.8033	0.0822	-0.1942	-0.0274	-0.4330	-0.0515	-0.1522	-0.0302
0.0980	-0.2344	-0.0870	0.5520	0.1146	-0.2635	0.2934	-0.2784	-0.0296	-0.0981	-0.3519	0.2189	-0.5672	-0.2318	-0.1654	-0.2266
1.6991	0.4548	0.0223	-0.1022	0.2526	-0.5604	0.3182	0.9334	0.3143	-0.3076	-0.2640	-0.0922	0.4135	-0.0947	-0.2702	-0.3552
0.2107	-0.3127	-0.0110	0.0793	-0.4450	0.2597	0.3198	-0.2271	-1.1399	-0.1743	-0.3068	-0.0215	0.1938	0.0299	-0.0858	-0.2473
0.0386	-0.0529	0.9711	0.0575	0.0573	-0.1224	0.1782	-0.2635	-0.0751	-0.1850	-0.3009	-0.4114	0.2585	-0.1227	-0.1290	0.0256
-0.0266	0.2170	-0.0391	0.0139	-0.0106	-0.2733	0.2601	-0.1885	-0.1738	-0.0045	-0.1904	0.0326	0.0430	-0.0633	-0.0453	-1.2604
0.0068	-0.0119	0.7746	-0.2518	0.1653	-0.2481	-0.3851	-0.0908	-0.1153	-0.1644	-0.3557	0.0475	0.9384	0.0486	-0.0486	-0.1261
-0.0721	-0.0374	0.1196	0.0958	0.1381	0.4615	0.3645	-0.2942	-0.0610	-0.2697	-0.2506	0.0273	0.3236	-0.0190	-0.0967	0.6806
0.0991	-0.5622	0.0748	-0.1343	0.3687	-0.4241	-0.5687	-0.2757	-0.0082	-0.1875	-0.3967	-0.0260	0.0445	-0.1037	-0.1371	-0.1544
0.0416	0.0103	-0.0411	0.0917	0.4151	-0.2241	0.1294	-0.2559	0.0265	-0.1615	-0.0199	0.0449	0.2006	-0.0489	-0.1260	-0.1501
-1.2990	0.0397	0.1437	-0.0418	1.3019	-0.2854	0.2327	-1.0608	-0.0177	-0.0686	-0.4248	0.1036	0.1453	-0.1278	-0.0802	-0.2269
0.0259	0.0350	0.0842	0.1189	0.0506	-0.3560	0.0030	-0.2093	-0.0110	-0.0021	-0.2168	-0.0496	0.6377	-0.0373	-0.0170	-0.2890
-0.0834	0.6327	-0.0483	0.0884	-0.1090	-0.2631	0.5416	1.0219	1.6419	-0.2532	-0.5659	-0.1362	0.2556	-0.0829	-0.1944	-0.2320
0.1147	-0.6549	-0.0626	0.1135	0.0615	-0.5434	0.1833	-0.0621	-0.8654	-0.0836	-0.2114	-0.0519	0.1185	-0.1758	-0.0435	-0.6883
1.1167	-0.8168	0.3836	-0.4883	0.0582	0.1049	0.0226	-0.1743	0.0257	0.0611	-0.8868	0.2364	1.8018	-0.0664	-0.0755	0.1047
-1.1784	-0.0994	0.0149	0.0526	0.0545	-0.3852	0.6118	0.0803	-0.0168	-0.1546	0.5355	0.0334	1.3343	0.4608	-0.0966	-0.1508
0.0747	0.1339	0.1900	0.1333	-0.9066	-0.1490	0.1627	-0.1244	-0.1719	0.3079	-0.2360	0.0112	0.5177	-0.3768	-0.0426	-0.1289
0.3689	-0.2896	0.0095	0.1842	0.0873	-0.1292	0.2135	-0.2007	0.1449	-0.2639	-0.3900	-0.0839	0.1925	-0.0054	-0.1044	0.0138
0.1956	-0.5526	-0.0692	0.3853	0.0266	-1.2342	0.1637	-0.4307	0.0950	-0.5500	0.4563	0.2328	-0.4291	-0.0503	-0.1385	-0.1917
-0.2481	-0.5638	0.4868	-0.0017	0.1163	-0.2418	0.0747	-0.2295	0.4031	-0.1783	-0.4053	0.0019	0.1774	-0.1145	-0.1682	-0.2163
0.0239	-0.7293	0.0949	0.1061	-1.2219	-0.2960	0.1812	-0.2445	-0.0277	-0.1222	-0.7905	-0.0093	0.0681	-0.5774	-0.0902	-0.1868
-0.1463	0.3680	0.0952	0.0644	-0.3854	-0.1842	0.1543	-0.2307	-0.0310	-0.6766	-0.3023	-0.0652	0.4889	-0.3279	-0.1013	0.0406
0.3586	-0.3212	0.0451	-0.7428	0.1283	-0.1454	0.3060	-0.2592	-0.0229	-0.1667	-0.2447	-0.0208	0.2499	-0.0599	-0.1844	-0.1033
0.1868	-0.1489	0.0099	0.0387	0.8320	-0.0781	0.2898	-0.2682	0.3637	-0.0276	-0.3916	-0.0274	0.0678	-0.2813	-0.0889	-0.1398
0.0731	-0.0067	0.1583	-1.9290	0.0938	-0.2232	0.3453	-0.2562	0.2635	-0.1086	0.0004	-0.0183	0.0287	-0.0910	-0.1915	-0.3826
0.0317	0.0726	0.0866	-0.2049	-0.0464	-0.0605	0.1898	-0.7933	-0.0924	-0.2688	-0.2436	0.1217	-0.0132	-0.0751	-0.0920	-0.0871
0.2072	-0.0428	-2.6802	0.0170	0.1941	-0.4683	0.2621	-0.1988	0.0392	-0.1859	-0.6641	-0.1358	0.6629	0.0326	-0.0510	-0.0686
0.0901	-0.0033	0.1119	0.0718	-0.0003	-0.6798	-0.3077	-0.2984	-0.1499	-0.1174	-0.2373	0.0670	0.2676	-0.1153	-0.0395	-0.1937
0.0060	-0.0344	0.0116	0.1474	-0.1037	-0.6364	0.4409	-0.1851	-0.0395	-0.0972	-0.1409	-0.1615	0.1328	-0.0386	0.0075	-0.1463
0.4037	-0.0556	0.0083	0.1148	0.0424	-0.1215	0.3415	-0.2678	-0.0050	-0.1921	-0.1921	-0.0420	0.0141	-0.0102	-0.0271	-0.1808
0.1690	-0.1539	0.0627	0.1837	0.0753	-0.3224	-0.1348	-0.1627	-0.1133	-0.1584	-0.2814	-0.0247	0.0275	-0.3057	0.1144	-0.1868
0.1242	0.3194	0.0419	-0.2429	0.4866	-0.7110	1.3064	-0.9623	-0.2998	-0.1728	-0.1258	0.3609	0.0243	-0.0497	0.1082	-0.1893
0.0504	-0.0121	0.6014	0.2006	0.0908	-0.2523	0.0866	-0.2699	0.2242	-0.1174	-0.3314	0.0093	0.3133	0.0092	-0.1661	-0.0483
-0.0064	0.0049	0.0007	-0.0184	0.0499	-0.1336	0.9123	0.0412	-0.1323	-0.1221	-0.1278	-0.0850	0.1260	-0.0920	-0.3057	-0.4443
0.1857	0.4619	0.0169	0.3828	0.1057	-0.1679	0.2438	-0.2986	0.5045	-0.1218	-0.0705	0.0477	0.3084	-0.5690	-0.0368	-0.0745
-0.0253	0.0051	0.0215	0.0197	0.3024	0.0002	0.1880	-0.2875	0.0463	-1.0956	-0.0231	-0.0496	0.2745	0.0513	-0.1180	-0.1117
0.0385	0.0016	0.0762	0.1797	-0.1051	0.3315	0.1936	-0.0431	0.1106	0.1762	-0.2777	-0.8812	0.4379	-0.1990	-0.0428	-0.0947
-0.6746	0.8471	0.0551	1.2066	0.0554	-0.4558	-0.1791	-0.1394	-0.0984	-0.1596	-0.3463	-0.0674	0.2576	-0.2059	-0.6305	-0.1713
