-0.2699	-0.0285	0.0476	-0.0280	0.0023	0.1700	-0.0937	0.8838	-0.0227	-0.1312	-0.0716	0.3753	-0.0336	-0.1143	1.0077	0.6290	-0.2116	-0.0530	0.0549	0.0932	0.5953	0.2958	0.7137	0.0429	0.1179	0.0633	0.1850	0.1339	0.2146	-0.0592	-0.0948	-0.1079
-0.0601	-0.1029	-0.5051	0.2717	0.1878	0.0190	-0.0026	-0.0151	-0.0057	0.0866	0.7628	0.0648	-0.0287	-0.0312	0.0532	0.0035	-0.1395	-0.0086	-0.0538	0.1887	0.0050	0.0919	-0.0550	-0.2409	0.0535	0.0037	0.0827	0.0523	-0.0963	0.2049	0.0801	-0.0836
-0.5586	0.0732	0.7188	-1.3581	0.4317	-0.0897	-0.0705	0.0181	1.1345	-0.8064	0.3396	-0.0730	-1.0685	0.1646	-0.2249	0.1726	-0.2534	-0.0010	0.2296	-0.0391	1.0187	-0.4790	-0.0130	1.1199	0.3802	0.1179	-0.1049	-0.0391	0.7451	0.0404	1.3769	-0.1754
-0.1287	-0.0884	-0.0064	-0.2409	0.1033	0.1102	-0.0790	-0.0461	0.1012	-0.2021	0.0071	-0.0308	0.0225	-0.0811	-0.0356	0.1607	-0.0683	0.0186	-0.0198	0.1423	0.0710	0.7373	-0.5584	-0.0529	0.8309	0.1296	-0.1386	-0.0433	-0.1309	-0.0941	-0.7055	-0.0456
-0.0699	-0.0121	-0.7386	-0.1964	-0.5104	-0.0422	0.0072	0.4981	0.1361	0.0081	0.0938	0.0124	-0.0226	-0.0808	0.1040	0.6903	-0.0139	-0.0533	0.5234	0.4847	-0.0418	0.1318	0.0044	0.0656	-0.0410	-0.0411	0.1775	-0.1022	-0.7048	0.6351	0.1102	-0.1540
-0.0104	0.3231	-0.2514	-0.3421	-0.1722	0.0245	-0.0287	0.0121	-0.7793	0.9255	0.1905	0.0376	-0.2243	-0.0180	-0.0711	-0.0362	-0.1347	-0.2723	-0.0284	0.2155	0.5342	0.1779	0.0002	-0.0500	0.0344	0.0287	-0.1569	0.0394	-0.0235	0.8157	0.1081	-0.0702
-0.0140	-0.2126	-0.0228	-0.0298	0.0205	-0.7245	-0.0122	0.4593	0.1986	0.0486	0.1614	0.0427	-0.0726	-0.0479	0.5186	0.1008	-0.0803	0.1816	0.0240	0.5488	0.0321	0.1260	-0.0625	-0.0071	-0.8412	-0.0544	0.0883	0.0386	-0.1838	0.1156	0.4703	-0.0428
0.2752	-0.1571	0.1601	-0.2495	0.1159	0.3732	-0.0361	0.7303	0.0683	0.0813	0.1369	0.0230	0.0394	0.6991	0.0123	0.0466	-0.1977	-0.1038	-0.0461	0.2673	-0.0619	0.0511	0.1712	-0.7727	0.0486	-0.3584	0.0217	0.1662	0.2252	-0.1383	0.0838	-0.0599
-0.1054	1.1409	-0.0364	-0.2509	0.1392	0.1092	0.0129	0.0779	0.0712	-0.0891	-0.0014	0.2096	0.1164	-0.1843	-0.0725	0.1232	-0.0774	0.0004	-0.0298	0.1123	-0.0761	0.0105	-0.3338	0.4142	0.0872	-0.0398	0.4264	-0.0075	-0.2614	0.0266	-0.4402	-0.8135
-0.0253	-0.1742	-0.2785	0.1948	-0.5989	0.0330	-0.1975	-2.0098	0.1714	-0.0281	0.2193	0.2877	0.0630	0.0580	0.1777	-0.1907	-1.8870	-0.1019	0.0569	0.2124	0.0855	0.0686	-0.1839	0.1568	-0.0827	0.1157	0.6737	1.0996	0.0285	0.2356	0.3616	0.0993
0.0782	-0.0559	-0.1476	-0.2109	0.1398	-0.1063	0.0583	0.1542	0.3162	-0.0004	-0.8585	0.0432	-0.1123	-0.0870	-0.1973	0.0401	-0.0070	0.1971	-1.4712	0.2480	0.2149	0.1252	-0.1986	0.0259	-0.1761	0.0692	0.2657	0.1824	-0.1752	-0.1552	0.0456	-0.1389
-0.0526	-0.1500	-0.3920	0.4991	0.2382	0.0054	0.7200	0.0711	-0.2165	0.0397	0.0874	0.0461	-0.0091	-0.0427	0.1349	-0.0939	-0.0278	-0.0055	0.0059	0.4954	-0.0490	0.1355	0.2119	0.5941	0.1255	-0.4826	0.0390	0.1105	-0.1351	-0.0177	0.1334	-0.0848
-0.0824	-0.0822	0.0545	-0.0086	0.0374	-0.0247	0.0097	0.0133	-0.0049	-0.0672	0.1387	-0.0134	0.0957	0.5443	0.8362	0.0852	-0.1057	-0.0613	0.0015	0.6083	-0.0788	-0.3178	-0.0520	0.3053	-0.0566	-0.0595	0.0300	-0.0894	0.0057	0.2911	0.0522	-0.2573
-0.0798	-0.1284	-0.2598	-0.2090	-0.6482	0.1380	-0.0922	0.2785	0.2186	0.0875	0.6746	0.1166	0.0630	-0.0374	0.0944	0.1103	-0.8416	0.0173	-0.0127	0.0709	0.0490	0.0480	-0.2419	0.0135	0.0203	0.2156	0.5442	-0.0558	-0.1106	0.0045	0.0206	0.3496
-0.0019	0.0277	-0.1146	-0.3723	-0.1761	-0.0261	-0.4053	-0.2759	0.1709	0.0741	0.2154	0.0638	-0.1471	0.6522	-0.0428	0.1154	-0.5859	-0.1840	-0.0115	0.0938	-0.1252	-0.0515	-0.0455	-0.0291	0.0179	0.0191	-0.5396	0.0754	-0.0583	-0.1721	0.0031	-1.0078
-0.4867	-0.1248	-0.1172	-0.3235	0.4044	-0.0483	-0.0890	0.0565	-0.2929	-0.0018	-0.0337	0.1345	-0.9217	-0.0274	-1.8635	1.1802	-0.3178	-0.0293	0.2353	0.3095	0.0284	-0.5116	0.0229	-0.1082	-0.0905	-0.6564	0.0521	-0.0273	-0.1042	-0.2185	0.6574	0.7297
-0.0883	-0.1077	0.0480	-0.1822	0.0093	-0.0399	-0.0121	-0.5212	0.1984	-0.0443	-0.0745	0.1802	0.0541	0.0053	0.0872	0.2663	-0.1672	0.9999	0.3264	0.0830	-0.1156	-0.1365	0.0357	0.0076	0.0268	0.0791	-0.0132	0.6021	-0.1775	-0.0020	0.0159	-0.0471
-0.1328	-0.0850	0.1616	-0.1991	0.0743	-0.0730	0.2828	-0.1666	-0.0193	0.0202	0.0482	-0.0696	1.0402	-0.0512	0.0649	0.2817	-0.0314	0.4033	0.0258	0.0330	-0.0951	0.3159	0.3805	0.1347	0.1699	-0.0892	0.0411	-0.2275	-0.1297	0.0564	0.2615	-0.2049
-0.0506	-0.0659	0.1376	0.6367	0.6305	0.0262	-0.6037	0.0973	-0.2198	-0.0526	0.1429	0.2151	0.0152	-0.0613	-0.5019	0.7807	-0.1893	0.0746	-0.0054	0.2589	-0.4414	-0.1915	0.1787	0.3602	0.0459	0.1417	-0.0949	0.2966	-1.1191	0.1741	0.1392	0.6500
-0.1104	-0.1772	-0.2369	-0.2521	0.2395	0.1364	0.2397	-0.1092	-0.0487	-0.0591	0.0394	-0.7994	-0.6438	-0.0787	0.1311	0.0410	-0.0724	-0.3837	-0.1404	0.0313	-0.0413	0.1838	0.0586	0.0336	-0.1892	-0.3423	1.6494	-0.0433	-0.1526	-0.0365	0.0256	-0.1363
-0.4015	0.0160	0.0698	-0.2170	0.0892	-0.0263	-1.7815	0.0494	-0.0333	0.0549	0.3016	0.0175	-0.0792	0.0152	0.0191	-0.0074	0.0474	0.0604	0.0123	0.0760	-0.1615	-0.1788	0.2415	0.0724	-0.0922	-0.0281	-0.0138	-0.1067	-0.0767	-0.0653	-0.0812	0.0505
-0.6088	-0.1446	-0.0210	-0.0328	0.1588	0.0581	0.3460	0.0553	0.0545	-0.1104	0.0416	0.1893	0.0279	-0.0070	0.0830	-0.0252	-0.4254	0.0682	-0.3122	1.1517	0.0491	-0.0329	-0.3531	0.0857	-0.0605	-0.3327	0.0972	0.0433	0.0424	0.0634	-0.5550	0.0806
0.1488	-0.0456	-0.1328	0.0883	0.8150	0.0191	0.0677	0.1496	0.0511	-0.0669	0.0288	-0.0846	-0.0886	0.0493	0.2979	0.1502	-0.1005	-0.0146	1.4427	0.0724	-0.1136	-0.0840	0.1867	-0.0774	0.2992	0.6933	0.4951	1.1246	0.0879	-0.3936	-0.0101	-0.5790
-0.0207	0.0450	-0.3523	-0.2130	0.1170	0.1142	-0.0483	0.2592	0.0769	0.0302	-0.0065	0.1412	0.0494	-0.0745	-0.3263	0.0215	0.0135	-0.0013	0.0371	0.1530	-0.4015	0.0371	0.1167	0.2590	0.0986	0.0165	0.0503	0.0118	-0.1661	-0.2371	-0.0240	-0.0076
-0.3574	-0.0466	0.1909	-0.1237	0.0541	0.0163	-0.0133	-0.0071	-0.1480	-0.0449	-0.0372	-0.0053	0.3743	-0.3249	0.0435	0.0287	-0.1058	-0.0651	-0.0365	0.0802	-0.0184	0.0162	-0.1810	0.0656	0.0049	-0.0454	-0.0170	-0.0112	-0.0525	-0.0412	0.2749	-0.0841
0.1014	-0.1860	-0.0667	-0.3363	0.1706	-0.3944	1.2230	-0.0475	-0.0017	-0.0567	0.7940	-0.2809	-0.0016	0.0147	-1.1578	0.0623	-0.0413	-1.2795	-0.0453	0.3087	-0.0740	0.4820	0.0784	1.1213	0.4557	1.2479	-0.1309	-0.0058	0.0074	-0.9164	-0.1583	-0.0718
-0.0655	-0.1609	0.0774	-0.1678	0.0194	-1.1955	-0.0745	0.0849	-0.2178	-0.0212	0.0886	-0.1037	0.5901	0.2563	0.0081	0.0278	-0.1117	-0.8530	-0.3414	0.1642	0.0190	-0.0455	-0.0265	0.1786	0.0405	-0.1336	-0.5331	0.0815	-0.0100	-0.4821	-0.0962	-0.4992
-0.0383	-0.1807	0.0203	-0.1766	0.0673	0.0263	-0.1616	0.1089	-0.0520	0.0685	-0.0952	0.0153	0.0268	-0.0334	0.1274	-0.4942	-0.0720	-0.0447	-0.3153	0.3826	-0.0829	0.0543	-0.1154	0.1342	1.5459	0.0573	0.3722	0.0781	-0.2456	-0.1857	0.1364	0.0428
-1.0330	-0.1061	0.0924	0.0695	0.0269	0.0814	0.1615	-0.0408	0.0398	0.0436	-0.2144	0.0972	-0.4894	-0.6257	0.8179	0.2228	-0.1876	0.0197	0.0992	1.3564	-0.1985	0.0078	0.0285	0.0693	-0.0696	0.2104	-0.0183	-0.6811	0.2842	-0.1967	-0.0886	-0.0799
-0.1221	-0.1620	0.0770	-0.0686	0.4178	-0.0231	-0.0664	0.0934	0.0647	-0.9587	-0.0463	0.0939	0.0765	-0.0222	-0.0219	-0.0017	-0.0629	-0.0311	-0.3255	0.1300	0.1640	-0.1679	-0.1613	-0.0049	-0.0029	-0.5196	0.0679	0.0997	-0.1769	-0.0535	-0.1683	-0.7900
-0.0551	-0.2079	-0.8818	-0.1039	0.1763	0.2135	-0.0053	-0.0530	-0.0328	-0.0129	-0.0755	0.0805	-0.1488	0.0976	0.4868	-0.0235	-0.1739	-0.1305	-0.0721	0.0458	-0.0531	0.1191	0.0096	0.1130	0.0911	-0.0016	-1.2841	0.0712	-0.1180	0.0459	0.1680	-0.8196
-0.0691	-0.1944	0.1059	-0.1700	0.0690	0.0456	-0.9428	0.1375	0.0273	0.5831	0.1336	-0.3991	0.1908	-0.0533	-0.5300	0.0593	-0.0039	-0.0196	0.0025	0.2749	0.2514	-0.0087	0.0104	0.0901	-0.1720	-0.0156	0.8248	-0.0059	0.0460	-0.0744	-0.0848	-0.4978
-0.0114	-0.1253	0.0232	-0.2544	0.1272	0.0495	-0.0145	0.0340	0.0749	0.0052	0.0377	0.1008	-0.0557	-0.2307	-0.0370	0.0665	0.5223	-0.0971	0.2137	0.4535	-0.2464	0.1361	0.1056	-0.0077	0.0354	-0.9075	0.0244	0.5830	-0.0729	-0.0546	0.1624	0.0070
-0.2743	-0.0057	-0.0654	-0.1971	0.0986	0.0444	-0.4051	0.0182	0.0693	-0.1756	0.0429	0.0026	0.0051	0.0695	0.0094	0.0417	-0.1439	0.0268	-0.0348	0.1308	0.0359	0.6881	0.0366	-0.0084	0.0782	-0.0510	0.0076	0.4006	-0.0875	0.2082	-0.3088	-0.0345
-0.3493	-0.0145	-0.2781	-0.4158	0.3275	0.1110	0.1632	0.0709	0.3029	-0.0153	0.4617	-0.5538	1.4288	-0.0223	-0.2481	0.2941	-0.1415	0.0052	0.7357	0.3175	0.3720	0.7654	0.4876	-0.0628	-3.7150	0.4978	-0.5137	0.0222	-0.2705	0.0325	0.0391	0.1062
0.0268	-0.0579	0.0429	-0.0654	0.1073	-0.1385	0.0244	0.0462	-0.3326	0.0084	0.0571	0.0549	0.0152	0.0752	0.4362	0.0724	-0.1275	0.2222	-0.1080	0.4249	-0.0447	0.0997	0.0268	0.2459	0.0324	0.3222	-0.0331	0.2647	-0.1317	-0.0102	0.0494	-0.0153
-0.1145	-0.7311	0.1386	-0.5330	0.1757	0.1375	-0.0143	0.0477	0.0544	0.0440	-0.5134	0.1070	0.1294	0.1064	-0.5757	0.0549	-0.2569	-0.4337	-0.5695	-0.5120	-1.3408	-0.2102	0.1179	0.0893	-0.1109	0.1307	0.4148	-0.0013	0.6947	0.0002	-0.1503	-0.4290
-0.1603	-0.2935	0.1427	-0.3352	-0.3361	0.0430	-0.0202	0.1187	-1.0652	0.0843	0.0557	0.3104	-0.2631	0.0081	-0.2767	-0.0633	-0.2500	-0.0477	0.1135	0.1230	-0.0574	-0.1856	1.0039	0.0797	-0.0159	-0.0480	-0.0593	0.3724	-0.2090	-0.0574	0.0045	-0.0961
-0.3287	-0.2727	0.2220	-0.2792	0.3285	0.0619	-0.0654	1.3009	-0.6756	0.0124	0.1129	0.1913	0.0441	0.2069	0.1034	0.0857	-0.2173	0.2933	0.9105	-0.4730	-0.0668	-0.3064	-1.9299	0.1012	-0.0743	0.0129	-0.3639	-0.0864	0.0538	-0.0040	-0.5930	-0.2222
-0.0482	-0.2575	-0.0892	-0.1302	0.4602	0.0853	-0.0122	0.0649	0.1911	0.0476	-0.0154	0.0375	-0.0192	-0.0501	0.0840	0.0813	-0.1186	0.0040	0.0269	-0.4699	-0.0123	0.1835	0.0679	0.0094	0.1269	-0.0283	0.0188	-0.1744	-0.1202	-0.4558	0.0998	-0.0158
0.0684	0.5170	0.0224	-0.2214	0.3093	0.0326	0.8657	0.0812	0.0371	0.2397	0.0358	0.1662	-0.0211	-0.1051	0.0274	0.0024	-0.2176	-0.1925	0.0458	0.0734	-0.1528	-0.4703	0.0915	0.1139	0.0167	-1.3508	0.0734	0.0755	-0.2042	-0.0188	0.0934	-0.2563
-0.0337	0.0857	0.5159	-0.0891	0.1068	0.6015	0.0039	0.1014	0.0638	-0.0082	0.2973	0.0056	0.1050	-0.0402	0.0555	-0.1872	-0.1412	0.0444	0.0340	0.1393	-0.1026	0.3433	0.1364	0.0549	0.4127	-0.0594	-0.0179	0.0429	-0.1309	0.0247	0.1534	-0.0259
-0.0298	-0.1738	1.1067	-0.1972	0.2414	-0.1481	-0.0418	-0.4626	0.3331	-0.0043	0.0712	0.0826	0.1949	-0.1670	-0.0246	-0.3469	-0.0253	0.0118	-0.0161	0.2043	0.1317	-0.0939	-0.5421	0.0769	-0.3520	-0.1016	-0.0246	-0.0200	-0.3636	0.0964	-0.0671	-0.0886
-0.4725	-0.2220	-0.3700	-0.4241	0.1738	-0.0662	0.0500	0.1405	0.1467	0.0414	0.3123	0.0214	0.1171	0.0344	-0.0982	-0.0230	-0.2212	0.1419	0.1468	0.0915	0.9373	-0.6366	0.6669	-0.9498	0.6957	0.0109	-0.0230	-0.0460	-0.2414	-0.0536	-0.3443	-0.0071
0.3265	-0.1924	-0.0058	-0.1795	0.1333	0.0672	-0.0331	0.0803	0.1119	0.1163	-0.0023	0.2902	-0.0330	-0.0531	0.0547	-0.0132	-0.1956	-0.0127	0.0382	0.0575	0.3027	-0.0555	1.1376	0.0567	0.0141	0.0236	0.0994	0.0893	-0.2270	-0.0712	-0.0313	0.1050
-0.2198	0.0240	-0.0207	-0.0024	0.1669	0.0395	-0.0241	-0.5547	0.0332	0.0036	0.4095	0.1061	0.2762	0.0127	0.0321	0.0851	-0.0705	-0.0942	0.1524	0.1907	-0.0310	0.0213	-0.1550	0.1106	0.0183	-0.0351	0.0350	-0.0046	0.0806	0.0348	0.0216	-0.0837
0.0498	-0.4739	-0.0338	-0.1655	0.0400	1.3846	0.0174	-0.2992	0.0461	-0.0753	-0.0467	0.0303	-0.1249	-0.0893	-0.0572	-0.2530	-0.0169	-0.0615	0.3330	0.1266	0.0811	0.0416	-0.1982	0.0448	-0.0509	0.0856	0.0300	0.0488	0.0051	-0.0318	-0.0847	-0.8327
0.3195	-0.0263	0.0592	-0.4665	0.0853	0.0574	-0.0130	0.2544	-0.4450	0.0809	-0.1394	0.1671	0.3670	-0.0852	-0.1991	0.9272	-0.2218	-0.1004	-0.1411	-0.0470	-0.1808	-0.0149	-0.1368	0.0816	-0.3442	0.0823	0.1122	0.0660	0.0686	0.6624	0.1215	-0.3162
-0.0028	-0.3565	0.0483	-0.2888	-0.1309	0.2213	-0.1467	-0.7455	0.0304	0.3447	-0.2084	0.1314	1.2275	-0.0083	0.0058	0.0824	-0.1351	-0.0592	0.4154	-0.0770	0.8451	-0.0248	-0.1486	0.1448	0.0722	-0.1128	0.0124	-0.0663	0.0778	-0.5684	0.0773	0.0014
-0.0216	-0.0664	-0.0581	-0.1876	-0.4367	-0.2213	-0.0594	0.2890	0.1578	0.0661	0.0152	0.0829	-0.5873	0.1064	-0.2010	-0.0889	-0.2572	-0.0685	-0.3146	-0.0179	0.0177	0.1082	0.5054	0.8395	-0.1389	-0.4120	0.0222	0.0053	-0.2685	-0.0595	0.0152	-0.2269
-0.1289	-0.2654	0.1747	-0.1958	0.0296	0.3842	-0.0722	0.0454	0.0124	0.0531	0.1087	-0.4990	0.7796	-0.0566	0.0219	0.0937	-0.0707	0.0457	-0.0360	0.6006	-0.0871	0.4371	0.5633	0.0539	0.0946	0.0563	0.0287	-0.8146	-0.0898	-0.0022	0.0470	0.0469
-0.0661	-0.1631	-0.0932	-0.1649	0.1109	0.0281	-0.0478	-0.1665	0.0013	0.0083	0.0369	-0.0025	-0.1560	0.0010	0.1337	0.0993	-0.4251	0.0863	-0.0106	0.1428	0.0499	0.0341	-0.8821	-0.0388	-0.0654	0.0623	-0.0069	0.0910	-0.0102	-0.0642	0.0081	-0.0803
0.0070	-0.1712	-0.1975	-0.0796	0.1511	0.0760	-0.5336	0.0691	0.4639	0.0246	0.0395	0.0511	-0.7041	-0.0692	-0.0142	-0.2400	0.1323	-0.0505	0.1072	0.1564	0.3797	0.2412	0.0149	0.4654	0.0324	-0.0373	0.0929	-0.1554	0.0401	-0.0045	-0.0065	-0.1275
-0.2463	-0.8533	-0.0303	-0.2542	0.1564	-0.0054	0.0232	0.5764	0.0098	-0.7011	0.0714	0.0287	-0.0118	-0.0310	0.0358	-0.2195	-0.1646	-0.0976	0.0249	-0.5420	-0.2089	-0.0015	0.1438	0.0202	0.0657	0.2801	0.1508	0.0902	-0.1568	0.6483	-0.0572	-0.0499
0.0242	-0.8039	0.3597	-0.2777	0.0450	-0.0687	0.1928	-0.3713	-1.0753	-0.1396	0.6614	0.8111	-0.0215	-0.0747	0.1417	0.3887	-0.0267	-0.1924	-0.0142	0.0212	-0.0161	0.5380	-0.0323	0.0775	0.7881	-0.0302	0.4896	0.0854	-0.1178	0.1601	-0.0558	-0.1308
-0.0465	0.1720	-0.0537	-0.1310	0.2240	0.0159	-0.2638	-0.2383	0.0999	-0.0004	-0.0002	0.0866	0.0125	-0.0509	0.3063	0.0559	-0.0283	-0.0079	0.0020	0.1225	0.0673	0.3192	0.4016	-0.1305	0.0373	-0.2444	0.0390	0.0523	-0.1665	-0.0513	-0.0092	-0.1241
-0.1166	-0.1906	0.0032	-0.2515	0.1403	-0.0871	-0.3633	-0.0170	0.0264	0.1209	0.1341	-0.0015	0.1439	1.0134	-0.1884	0.0243	0.5103	0.3137	0.1263	0.2332	0.0895	0.0314	0.0521	0.1549	0.0191	-0.0323	0.0151	0.0140	-0.2353	-0.0388	0.0635	-0.1600
-0.5059	-0.4244	-0.6185	-0.2594	-0.4808	-0.0504	0.0817	0.1553	0.1434	0.0126	-0.0780	-0.0245	0.0922	-0.0420	0.0300	-0.1220	-0.3269	-0.1044	0.0397	0.0822	0.0069	-0.5158	0.5612	-0.1650	0.1015	-0.8760	0.0068	-0.6006	-0.1829	-0.4743	0.0876	-0.0099
1.2357	-0.1660	0.0480	0.0263	0.2285	0.0162	0.0042	-0.0205	0.1249	0.1114	0.0778	-1.3386	-0.0028	-0.1476	0.1654	0.0437	-0.3801	-0.1303	1.4466	-0.0220	-0.6684	0.0687	0.2271	0.1062	0.2778	-0.1600	-0.2981	-0.0315	-0.3049	-0.1857	0.3017	-0.1473
0.2290	0.0387	-0.0382	-0.2628	0.1310	-0.0099	-0.1208	0.0246	0.0744	-0.1665	0.3189	0.7842	0.6860	-0.0174	-0.3711	-0.3618	-0.1013	-0.3545	0.4575	0.1966	0.0601	0.0492	-0.3166	0.0382	0.0949	-0.1396	-0.0696	0.0448	0.0700	0.5122	0.1322	-0.0660
-0.1026	-0.1684	-0.0312	-0.2243	0.1434	0.0342	0.0015	-0.0411	0.0323	-0.0132	-0.8975	-0.0260	0.0609	-0.0505	-0.0092	-0.0213	-0.1919	-0.0617	0.0551	0.1818	-0.0170	-0.1104	0.0858	0.1004	-0.0112	0.0804	-0.0198	0.0319	-0.0252	0.5543	0.0385	0.0776
-0.4527	-0.6388	0.0231	0.0540	0.0916	0.0750	1.7376	-0.1930	0.1564	-0.0190	-0.1064	0.1853	-0.1111	-0.0046	-0.6237	0.1062	-0.2275	0.9765	0.6084	0.2595	-0.0326	0.1106	-0.4333	-0.0980	0.0493	0.0936	0.1633	-0.0338	-0.3246	0.0923	-0.0536	-0.1908
0.0352	-0.0673	0.0360	-0.3876	0.1700	-0.1684	-0.0615	-0.0599	0.8845	0.0408	0.0790	0.1722	-0.0457	-0.0586	-0.3028	0.0816	-0.0857	-0.0044	-0.2338	0.0883	-0.0558	-0.1411	0.0483	0.4570	-0.0213	0.0063	0.0299	0.0147	-0.1062	0.0646	-0.0964	-0.4212
0.1941	-0.4844	-0.8683	-0.4007	-0.5947	0.0719	0.3831	0.0943	0.1664	-0.2383	0.0460	0.5828	0.0428	-0.2242	0.1530	0.0436	0.5232	-0.2826	0.0644	0.1717	-0.1944	-0.0917	-0.0072	0.0937	-0.0268	-0.1485	0.1320	0.2548	-0.2876	-0.0578	0.1550	-0.1118
0.3972	-0.1405	0.0232	-0.1680	0.1338	0.0942	0.1571	0.0848	0.0132	-0.2781	-0.0015	-0.4953	0.3654	-0.0011	0.4708	0.0963	-0.8577	-0.0003	-0.5904	-0.2873	-0.0634	0.3453	0.0351	0.1094	0.0606	-0.0576	0.0297	0.1029	-0.1121	-0.1020	0.1707	-0.1529
0.0679	-0.1249	0.1028	-0.0582	0.1237	-0.2180	0.3222	0.2937	0.5090	-0.0129	0.2459	0.5292	0.0087	0.4374	-0.0081	0.0964	0.3166	-0.0436	0.3860	0.3715	0.2806	-0.1598	0.0015	0.1297	0.0468	0.4300	0.1168	0.0489	0.1203	-0.9534	0.4624	-0.1691
0.5002	-0.1604	-0.0545	-0.2903	-1.0769	0.0975	-0.0564	0.1253	-0.0410	0.2581	0.0725	0.0126	-0.0136	-0.1003	0.0451	0.1223	-0.2304	1.1122	-0.0306	0.3488	-0.0564	0.1927	0.1753	0.1291	0.0374	0.0306	0.0701	0.0031	0.1505	-0.2354	0.0987	-0.2131
-0.0445	-0.1755	-0.0088	-0.2341	0.0717	0.0370	0.1751	0.7130	0.2035	0.1625	0.0204	-0.0063	0.2766	0.0169	-0.3477	0.0107	-0.1354	-0.0508	-0.0332	0.2253	-0.0392	0.0821	-0.4547	1.2565	0.0704	-0.0503	-0.1647	0.0304	-0.0663	-0.0076	0.1184	0.8495
-1.1868	0.8225	-0.0553	-0.1105	-0.0212	0.0463	-0.0160	-0.2524	-0.0090	0.9700	0.0384	0.0234	0.0120	-0.0680	-0.0071	0.1806	-0.2854	0.0463	-0.0473	-0.0451	-0.0915	-0.0094	0.0586	0.1453	0.1889	0.0099	0.1606	0.0097	-0.1492	-0.1328	-0.0707	-1.1827
-0.0685	0.1568	-0.1220	-1.8625	0.2499	0.0084	-0.3311	-0.2940	-0.3460	0.0010	0.6342	-0.2171	-0.1381	0.1277	0.4808	-0.0467	0.0516	0.7063	0.0702	-0.0146	-0.1256	-0.0036	-0.0091	-0.0764	0.0330	0.7894	-0.0173	-0.3177	0.0376	-0.3360	0.5606	0.4066
0.1034	-0.2098	-0.0851	-0.1266	0.0115	-0.0547	-0.0681	0.0372	0.2058	0.4095	0.0777	-0.0450	-0.1781	-0.0142	-0.1048	-0.1280	-0.5000	-0.7763	0.1564	0.7048	0.0266	-0.1287	-0.0317	-0.6932	-0.0473	0.0600	0.0328	-1.2894	0.0819	-0.1299	0.0189	-0.8196
-0.6082	-0.1044	0.1545	0.0356	0.0048	-0.0528	0.2031	0.1669	-0.0186	0.6629	0.0699	0.3858	0.0904	-0.2639	-0.0605	-1.1322	0.0967	-0.1841	0.0307	0.1956	-0.0472	-0.2542	0.1080	0.0731	-0.0189	0.6026	0.8309	0.0407	-0.5498	-0.0519	1.3197	-0.0531
-0.1288	-0.3553	-0.2061	-0.1813	0.0818	-0.8901	0.0008	0.0496	0.0570	-0.0213	0.1098	-0.6445	0.0717	-0.5868	-0.0158	-0.0635	-0.0971	0.8964	-0.1551	0.3009	0.0627	-0.4734	-0.0780	0.0607	0.0724	0.0023	-0.1998	0.6130	-0.2571	-0.0806	-0.2252	-0.1380
-0.0440	-0.2396	-0.1540	0.0130	0.1309	0.0758	-0.1165	-0.0979	0.4097	0.5322	0.1537	0.4847	-0.0948	-0.1243	0.0268	-1.2628	0.0550	0.0015	0.0101	-0.1257	-0.5820	0.7308	-0.5460	0.1609	-1.1220	-0.1608	0.0291	-0.0148	-0.2664	-0.4717	0.0108	0.0081
-0.0496	-0.0715	-0.1790	-0.1559	0.1416	0.0429	-0.1654	0.1372	-0.1944	0.0999	0.0681	1.0090	0.0234	-0.0241	0.0855	0.3125	0.0931	-0.0400	-0.3536	-0.1290	0.0848	0.0708	0.3010	0.0117	-0.0534	0.0435	0.1052	-0.3096	0.2901	-0.0549	0.4308	-0.0264
-0.0645	-0.4567	-0.0264	-0.0410	0.0408	0.0645	-0.0784	0.0437	0.0146	-0.3697	0.0712	0.1591	0.0031	0.1722	0.0457	0.0329	-0.4607	-0.0475	-0.0194	-0.0112	0.1449	0.2251	0.0591	-0.1135	-0.9198	-0.0527	0.0426	0.8228	-0.0798	-0.8786	0.0908	-0.1246
-0.0505	-0.1836	-0.3858	-0.3046	0.0286	0.0481	0.1539	0.1157	0.0702	0.2366	0.0273	0.0567	0.5089	-0.0744	0.4336	-0.1173	0.0078	-1.2569	0.0191	-0.0174	-0.0528	-0.0250	0.0167	-0.2053	0.0895	-0.0618	-0.1180	0.0839	-0.0481	0.0309	-0.0118	0.0199
-0.0887	-0.1016	-0.0405	-0.2638	0.4097	0.0449	-0.0097	-0.0168	-0.0176	-0.0013	-0.0129	-0.3131	0.2794	-0.0583	0.0418	0.0572	0.0282	0.1484	-0.0176	0.0112	-0.0349	-0.0025	-0.0275	0.0383	0.0805	0.0304	0.0548	0.0009	0.3773	-0.0036	0.1019	-0.0340
-0.0958	-0.1209	-0.2049	-0.2322	-0.0932	0.1237	0.2649	1.0829	-0.0244	0.1453	0.2029	0.0740	0.0812	0.0276	0.1882	-0.0251	-0.1858	-0.0684	-0.0319	0.0958	-0.0537	0.0154	-0.3306	0.0562	0.1540	-0.0921	-0.7559	0.0793	-0.0864	-0.0780	0.0540	-0.1189
-0.0873	-0.1493	0.1698	-0.1044	-0.0036	-0.8182	-0.0348	0.5106	0.0715	0.0569	-0.2413	0.2404	0.0065	-0.1497	0.4440	0.2082	-0.1660	-0.0505	0.0305	0.0666	0.0304	0.9302	0.0584	0.0583	0.0334	0.0626	0.0455	0.0245	-0.1130	-0.0091	0.1238	-0.1288
-0.6082	-0.0205	-0.0260	-0.1738	-0.0269	0.0363	0.0135	0.0777	-0.0394	1.2770	0.1026	0.0211	0.0313	-0.0200	-0.0893	0.0613	-0.1186	-0.0014	-0.0317	-0.5196	-0.0164	0.0675	0.0844	0.0954	0.0573	0.0122	0.0744	0.0334	-0.4690	-0.1887	0.1740	-0.1738
-0.5954	-0.1760	-0.0248	-0.1899	0.0753	0.4798	0.0169	-0.1409	-0.0072	-0.1710	-0.0476	-0.1147	0.0871	-0.3298	0.0203	-0.0373	-0.0900	-0.0208	0.2544	-0.5171	-0.0236	0.1353	0.1112	0.9281	0.0899	-0.0253	0.0783	0.0819	-0.0919	0.0732	-0.0011	-0.0661
-0.1178	-0.9016	0.1888	0.0255	-0.2028	-0.0075	-0.0571	0.0038	0.0554	0.0924	0.0345	0.0053	0.4267	-0.0076	0.0466	0.0691	-0.4627	-0.0724	0.0372	0.1386	0.0171	-0.1926	0.0038	0.0813	0.0541	0.0857	-0.0176	-0.3121	-0.0441	0.1055	0.0597	-0.0352
-0.0796	-0.6164	-0.1434	-0.1510	0.1536	0.0847	-0.0140	0.0513	0.7293	0.0868	0.1500	-0.3359	0.1006	0.1731	0.0451	0.1162	-0.0827	0.0281	-1.0333	0.2691	0.0109	0.0722	-0.0161	0.0227	-0.0055	0.1943	-0.1058	0.1108	-0.0029	0.0286	0.0072	-0.0385
0.0639	-0.3605	-0.4363	-0.2803	0.3386	-0.1653	-0.0492	-0.1115	0.2080	0.4109	0.1629	0.2686	-0.0139	-0.0082	0.8077	0.0716	0.2768	-0.0923	0.0732	0.1872	0.2360	-0.5499	0.0504	0.1415	-0.0324	0.1638	0.1500	-0.0010	-0.1741	-0.0136	-1.0941	0.5732
0.0221	-0.1527	0.0020	-0.1013	0.7183	0.3216	-0.2623	-0.0467	0.0693	0.1016	0.0553	0.0229	0.0413	0.0561	-0.0055	0.0097	0.0954	-0.0851	-0.1021	0.2162	-0.0038	0.0818	0.0040	0.0485	0.1157	-0.0390	-0.9530	0.1199	-0.0883	0.3445	0.2320	-0.5406
-0.1154	-0.1143	-0.0121	0.0939	-0.0672	0.1018	-0.0354	0.0618	0.0728	0.0345	0.0764	0.0445	0.0928	-0.0988	0.0819	0.0850	0.0058	-0.0590	-0.0074	0.2045	-0.0695	0.2773	0.1841	0.2475	0.9627	0.4270	-0.0400	0.0456	0.1276	-0.2588	0.0406	-0.0210
-0.5078	-0.1103	0.6527	-0.0895	-0.0583	0.1769	0.0436	0.0869	0.0416	-0.0748	-0.0671	-0.0276	0.0901	-0.0630	0.0701	0.0782	-0.1800	-0.6374	-0.0884	0.0997	0.0336	-0.1540	-0.4129	0.0267	-0.4693	0.0032	-0.0700	0.0803	-1.3962	-0.0359	-0.0434	-0.1001
-0.0195	-0.1229	0.5468	-0.1923	0.0726	0.0633	-0.0921	0.0717	0.0399	-0.0017	-0.0325	-0.2939	-0.0200	-0.0492	0.1577	0.1346	-0.1990	-0.0148	-0.1720	0.1031	-0.0568	0.0958	0.0271	0.0339	0.0402	-0.4047	-0.0516	-0.0022	-0.2582	-0.0663	0.0325	-0.0283
0.0762	0.2143	0.3294	-1.0334	0.0641	-0.1658	0.1991	0.1213	-0.2335	-0.0955	0.1565	-0.1771	0.1295	0.3675	0.9293	-1.7838	-0.2333	0.1065	-0.1287	0.6219	0.2005	-0.2404	0.1272	0.0690	-0.0954	-0.0523	0.5800	0.2871	-0.0796	0.0662	-0.2617	-0.1830
0.0279	-0.0726	0.0287	-0.2619	0.5425	0.0935	0.0322	0.2389	0.0717	0.0067	-0.0220	0.1380	0.1373	-0.8814	0.0117	0.2589	-0.0150	0.1143	-0.3550	0.3065	-0.2967	-0.2017	0.0406	0.0373	0.0106	0.1079	0.0890	0.0396	0.3478	-0.0286	0.0091	-0.1484
-0.3190	-0.1427	-0.0842	-0.2364	0.1391	0.4286	-0.2292	0.1177	0.0541	0.0457	-0.0717	0.0204	-0.0541	-0.3347	-0.0138	-0.0769	-0.1650	-0.0091	0.0561	0.1160	-0.0348	0.1683	0.0686	0.0207	0.0304	-0.3634	-0.0342	0.0375	0.0313	-0.0479	0.0422	0.7616
0.0363	-0.0808	-0.3829	-0.2505	-0.1258	0.0570	-0.0553	0.0544	-0.2438	-0.1283	0.2001	-0.4478	-0.1986	-1.4826	0.1122	-0.0538	-0.1348	-0.0438	-0.0966	0.1680	-0.0419	-0.3461	0.0067	-0.0156	0.0256	0.0367	-0.6912	0.1113	-0.2058	-0.1715	-0.1617	-0.1950
0.2299	-0.1398	-0.0071	-0.0358	1.3437	-0.0031	0.0782	0.0169	0.0686	1.2454	0.2090	-0.0159	-0.0357	-0.1077	0.3907	0.1474	0.3565	-0.0159	0.2611	-0.0215	-0.0658	0.0347	0.0578	0.1254	0.0646	-0.0710	0.0798	-0.0478	-0.2392	0.0143	0.3493	-0.2192
-0.0765	-0.1508	-0.0497	-0.2664	0.0778	0.0514	-0.1416	-0.2053	0.1870	0.0305	0.0535	-0.1662	0.1012	-0.0214	0.0526	0.3782	0.1572	0.0105	-0.0475	0.0474	-0.1271	-0.0266	0.0583	-0.0495	0.0245	-0.0262	0.0134	1.8511	-0.0562	-0.1273	0.0690	-0.0362
-0.0688	-0.1538	-0.1161	-0.4529	0.0738	0.1556	0.0402	-0.0422	-0.1078	0.3124	-0.9043	0.0157	-0.0518	2.5183	0.0786	0.3060	-0.1627	-0.6960	0.0514	0.5216	-0.8051	0.8462	0.0233	0.0676	-0.0226	-0.0619	0.9614	-0.1316	0.0269	0.0050	0.1665	0.0962
-0.0080	-0.1709	-0.0483	-0.0677	1.0659	-0.0487	-0.1401	0.1058	-0.2786	-0.0945	0.0134	0.0715	0.2635	-0.0656	0.1470	0.0284	-0.0403	-1.0166	-0.0646	0.1093	0.5571	-0.1482	-0.0600	0.0951	-0.8525	0.2222	0.0683	0.0525	-0.2965	-0.1105	0.0967	-0.1945
0.0170	0.0620	-0.0684	-0.6612	0.0933	0.0415	0.0006	-0.0315	0.0874	0.3196	0.0598	0.1754	-0.0434	-0.1219	0.6903	0.1629	0.3675	0.1680	0.9628	0.0407	-0.0680	0.0146	0.0487	0.0184	0.0551	0.1463	0.4882	-0.0206	-0.0055	0.0034	-0.0788	0.0415
-0.0257	-0.0844	0.0573	-0.0575	0.1250	0.0278	-0.0248	0.1283	0.0666	0.0331	0.3947	0.0664	0.0433	0.4328	0.4078	0.2434	-0.1087	0.0367	-0.0456	0.1541	-0.0240	0.0095	0.0440	0.0799	-0.0618	-0.0488	0.4292	-0.0249	0.0038	-0.1419	0.0145	-0.0611
-0.0678	-0.1610	-0.0739	-0.2488	-0.0853	-0.0081	-0.3446	-0.0745	0.0394	0.0690	-0.0252	-0.1175	0.0923	0.0064	0.0967	0.0301	-0.0962	-0.0210	0.4763	0.1079	-0.3595	0.1502	-0.4238	0.0127	0.0488	-0.6553	-0.2106	-0.0181	-0.0622	-0.0969	0.3879	0.2131
0.8359	0.0356	-0.6484	0.2723	-0.2076	-0.0308	0.0834	0.0016	0.0198	0.0873	-0.4911	-0.0607	0.9871	-0.1703	0.2070	-0.0873	-0.4667	-0.2781	-0.1092	-0.1199	-0.0225	-0.0084	0.2424	0.0888	-0.0313	-0.1170	0.6944	0.0415	0.1362	-0.0100	0.0746	0.0610
0.0945	0.0550	-0.0886	0.1703	-0.0823	-0.0764	-0.4567	-0.0487	-0.0146	-0.0404	-0.0034	-0.1010	0.0373	0.0256	0.6355	-0.0323	0.0344	0.0525	-0.0521	-0.0630	0.0818	0.0461	-0.0360	-0.0452	0.1682	-0.0205	-0.0231	0.3380	0.9692	0.1489	0.0766	0.1714
0.0785	0.2253	0.0349	0.1910	-0.1268	-0.1173	0.0088	-0.0758	0.1821	0.0512	-0.0049	0.1844	-0.0209	0.2051	0.1222	-0.0357	0.1639	-0.0384	0.0255	-0.1338	0.0152	0.3777	-0.0022	-0.0058	-0.0562	-0.0036	-0.0271	-0.4781	-0.1531	-0.0022	0.0064	0.0887
0.0148	0.0639	-0.0483	0.1649	-0.0706	-0.0579	-0.0097	0.3527	-0.0235	0.0142	0.0157	-0.0189	-0.2246	0.0359	-0.1813	-0.1410	0.1761	0.0695	-0.0025	-0.0798	0.0245	-0.4186	0.0023	-0.0824	-0.0128	0.2913	0.0096	0.0610	0.0640	-0.0412	-0.0083	0.4650
0.0700	-0.1026	-0.0216	0.1927	-0.0836	-0.4769	0.0116	-0.0400	0.2553	0.1771	0.0117	-0.2975	0.0813	0.0112	0.0170	-0.0225	0.1383	0.0434	-0.0256	-0.0106	-0.1544	-0.0176	-1.0185	0.0187	-0.1268	-0.0176	-0.0288	-0.0517	0.4297	-0.0305	0.0983	0.0241
0.4569	0.1645	-0.0116	-0.2176	-0.0511	-0.0110	0.3073	-0.1124	-0.1064	0.0357	-0.0885	0.1291	-0.0438	-0.3169	-0.0916	-0.0771	0.1575	-0.0209	0.0708	-0.0583	0.0994	-0.2115	-0.4578	-0.3585	-0.0045	0.0263	-0.2556	0.0066	0.1169	0.0255	0.0114	0.0775
-0.0745	-0.0308	0.4892	0.1606	-0.2727	-0.0610	0.0323	-0.2891	0.0233	-0.0432	0.0296	-0.3330	0.0457	-0.0007	0.0028	-0.0428	0.4938	0.0212	0.6926	-0.0369	-0.0475	-0.1137	0.0162	-0.0215	0.0040	-0.1853	-0.0382	-0.1116	0.0657	-0.0151	0.0082	0.0177
-0.0345	1.1336	0.0440	0.2388	-0.3264	-0.4928	0.0507	-0.0565	-0.0564	-0.0648	-0.1097	0.0354	-0.0030	-0.0089	0.3970	-0.0280	-0.0423	0.1517	0.0064	-0.0374	-0.4052	-0.2395	0.0945	-0.1525	-0.0147	0.0455	-0.0164	-0.0977	-0.2137	-0.0986	-0.3756	0.0753
-0.1143	-0.0492	0.0250	0.3234	-0.1071	0.1413	0.5599	-0.0709	1.2496	-0.0709	-0.2999	-0.1373	0.4357	0.6805	0.7812	0.0504	0.0710	0.6474	-0.1237	-1.1612	-0.0753	-0.1109	-0.0135	-0.0051	0.1931	0.4671	-0.0715	-0.0587	-0.0777	-0.2821	-0.1953	0.2410
-0.1213	-0.1438	0.0440	0.1002	0.0099	-0.1272	0.4841	-0.7272	0.0013	-0.0323	0.0154	0.0978	-0.1176	0.0048	-0.0096	0.6700	0.1225	0.1955	0.1857	-0.7371	0.0120	-0.0491	-0.0324	-0.0378	-0.6093	-0.2709	0.5851	-0.1133	0.4216	0.1032	-0.6358	0.0530
0.1244	-0.0923	0.5534	0.3290	-0.1896	-0.1557	0.0002	0.0040	-0.2634	-0.0147	0.8476	-0.0615	-1.0485	0.1879	0.5922	-0.1256	-0.0172	0.0487	-0.0218	-0.0700	0.0474	-0.0167	-0.1315	0.0261	-0.0073	-0.5938	-0.3150	0.1990	0.0810	0.1013	-0.3954	-0.0713
0.0633	0.0503	0.1491	0.2244	-0.2693	0.0131	0.4561	0.0011	-0.0764	0.8261	-0.0296	-0.2481	-0.3962	-0.1962	-0.0900	-0.1727	0.0552	-0.0389	0.0289	-0.0699	0.3029	-0.4321	0.0796	-0.0946	-0.0550	0.0503	-0.0348	0.6362	0.0736	0.0351	-0.0460	-0.0358
0.0545	0.1683	-0.0421	0.1317	-0.0938	0.6970	0.0256	-0.0530	-0.0131	-0.3732	-0.0800	-0.1279	0.3053	0.0406	0.0047	-0.0174	0.5652	-0.1811	-0.0798	-0.0855	0.0019	0.1681	-0.4156	-0.1110	-0.0171	-0.0544	0.0563	-0.0109	0.2264	0.4505	0.7104	0.0595
0.1469	0.0755	-0.0481	-0.1887	-0.2912	-0.0802	-0.4713	-0.0934	-0.0455	0.1175	-0.2074	-0.0619	0.0423	0.0244	-0.0889	-0.0710	0.1908	0.0242	0.7555	0.2069	0.0716	-0.0640	-0.0741	0.7437	-0.0396	-0.0453	-0.0782	0.2606	0.1454	-0.1919	-0.0642	0.1889
-0.0925	-0.2367	0.1321	0.2154	-0.2300	-0.0301	-0.8958	-0.0572	-0.0687	0.0014	0.0075	0.1452	-0.1449	-0.1071	-0.1017	-1.0204	0.1749	-0.2320	-0.0524	-0.3011	-2.3799	-0.3667	0.2559	0.1695	-0.6533	0.3660	0.2259	-0.0808	0.2527	0.0485	-0.1656	-0.0022
-0.5282	0.2315	0.0721	0.5430	-0.0291	0.1425	-0.0316	-0.1285	-0.2046	-0.5618	-0.1885	-0.1201	0.3324	0.3586	-0.3155	-0.2312	0.1397	0.0881	-0.1258	-0.0553	0.0987	-0.0327	0.0749	-0.0588	-0.0699	-0.0692	0.3528	0.0275	0.1625	-0.8138	0.5991	0.1313
-0.0056	0.1416	0.0301	-0.7001	-1.6834	-0.2654	0.7945	-0.4568	0.0986	0.0499	-0.2759	-0.1247	0.0262	-0.0096	-0.1114	-0.0169	0.1925	-0.0333	-0.0356	0.0466	0.0580	0.0182	-0.0799	-0.2620	0.0208	0.0895	-0.4341	-0.0519	0.1867	0.0033	-0.0101	-0.0523
0.1834	0.0589	-0.0840	0.2534	-0.2465	-0.0982	0.0881	0.2482	-0.1516	-0.0019	0.0278	-0.0473	-0.6480	0.4222	-0.0503	-0.1344	-0.0317	-0.0071	0.2109	-0.1112	0.0467	-0.0030	0.0019	1.6793	-0.2680	0.0333	-0.1301	0.3734	0.3522	-0.0245	-0.0095	0.0078
0.0391	-0.0097	0.1900	0.2334	0.0745	-0.5590	0.1769	-0.0232	-0.0682	-0.0862	-0.0737	-0.4416	0.8394	-0.2723	-0.0763	-0.1648	0.1644	-0.0329	0.0014	-0.0312	0.0040	-0.1670	-0.0465	0.0233	0.0976	-0.1033	-0.0425	0.0101	0.1214	0.0722	-0.0894	-0.2348
0.6583	-0.0385	1.5783	0.1534	-0.8276	0.0605	0.3210	-0.0079	0.1267	0.0387	0.0153	-0.1186	-0.8613	-0.0843	0.1008	0.1143	0.1293	-0.3958	-0.1474	-0.0422	0.6379	0.0941	-0.2413	-0.0748	-0.3038	0.0556	0.0272	0.2088	0.0158	0.4122	0.6376	0.2951
-0.1131	0.1768	-0.0305	-0.0155	-0.2410	-0.0640	0.0117	-0.0055	0.7720	-0.3209	1.6008	-0.1772	0.2106	0.1100	-0.0310	-0.0959	0.2039	-0.1570	-0.6434	-0.8332	-0.0016	0.0468	-0.0293	-0.1311	0.0220	-0.9118	0.3808	0.0442	0.1419	0.2882	0.1417	0.0238
0.0509	-0.0202	0.0074	0.3018	-0.0965	-0.0501	0.0062	0.0388	-0.0293	0.5066	-0.0365	-0.1121	-0.2344	0.0395	0.0010	-0.1021	0.0653	-0.0810	-0.0552	-0.0938	-0.0036	0.0184	-0.0074	0.0766	-0.0279	0.0215	-0.0155	-0.0920	0.1097	0.6869	0.2148	0.0950
-1.0306	0.0505	0.1745	0.2569	-0.0180	-0.0057	0.1202	0.0881	-0.1917	1.7647	0.0331	-1.2021	0.0094	-0.0041	-0.2092	-0.1199	0.3680	0.1115	-0.0903	-0.2067	0.0758	-0.0911	0.1209	-0.0103	0.0423	-0.0463	0.6129	1.5380	0.2601	-0.0505	-0.0489	-0.2032
-0.1134	-0.0159	0.0189	0.1553	-0.0782	-0.0235	0.0649	-0.0381	-0.1316	0.1775	-0.1123	-0.0185	-0.2108	0.1095	0.1518	-0.1726	0.0075	-0.0287	-0.3947	-0.0842	-0.0190	-0.0801	-0.0153	-0.0516	-0.3316	-0.0192	-0.7813	-0.0294	0.1295	-0.0522	-0.2636	0.0820
-0.6489	0.0404	-0.0634	0.4799	0.0244	-0.0434	0.5403	-0.0714	-0.1213	-0.0804	0.0274	0.0645	0.0553	0.0785	-0.0887	-0.1300	0.1243	0.0545	-0.0901	-0.0304	0.1024	-0.0854	-0.0576	-0.0273	0.0187	0.1022	0.0234	-0.0336	0.7696	0.0789	-0.0172	0.3073
0.0485	0.6696	0.2354	0.3597	-0.1149	-0.2049	0.1310	-0.0699	-0.0375	-0.0394	-0.1650	-0.1039	-0.0596	0.7240	-0.0075	0.0037	-0.1634	-0.2674	-0.0428	-0.0695	0.0077	0.3188	0.0226	-0.0871	0.0946	0.1792	-0.0425	-0.0475	0.1429	-0.6037	-0.3106	0.0669
0.0461	0.4004	-0.1647	0.1567	0.2745	0.1220	0.8304	0.4957	0.1393	-0.0299	0.3047	-0.3095	0.0797	-0.0105	-0.1487	0.0117	-0.1863	0.3540	0.2996	-0.4042	0.2999	0.0970	1.4917	-0.1678	-2.5951	0.1808	-1.1644	0.0164	1.0172	0.1911	-0.1210	0.1033
0.0468	0.0544	0.0027	0.0280	-0.4793	-0.0644	-0.0910	-0.2009	-0.0407	0.0501	-0.1216	0.5221	-0.0051	0.0246	-0.0788	-0.0421	0.1157	-0.0172	0.0354	-0.6735	0.4462	-0.0349	-0.0383	-0.0205	-0.0575	-0.2485	-0.0331	0.0377	0.0518	0.0163	-0.0267	-0.1425
-0.0635	-0.2231	-0.0649	0.1175	-0.1960	-0.0763	-0.0218	0.0843	-1.3684	-0.3955	-0.1610	-0.1526	-0.0806	-0.2646	-0.0303	-0.1526	0.1211	-0.2514	-0.0378	-0.0861	0.5073	0.1982	-0.0036	-0.1073	-0.0957	-0.0446	0.0144	0.1229	0.0830	-0.1716	0.0515	0.0621
-0.3941	-0.2765	0.0353	0.0844	-0.1421	-0.0344	-0.0412	-0.0834	-0.1496	-0.0838	-0.1498	-0.2722	-0.4174	-0.0065	-0.0020	-0.1571	0.1541	0.1045	-0.0364	-0.6232	-0.0287	-0.0148	0.0052	0.4601	-0.0080	-0.0210	-0.5075	-0.0900	0.0663	-0.0699	-0.0536	-0.1230
0.5886	-0.1230	0.0252	0.1770	-0.0261	0.0920	-0.2768	0.2061	0.1610	-0.2772	0.0182	-0.1657	-0.0389	0.0058	-0.1724	-0.0806	0.0582	0.0483	0.0009	-0.4810	0.1105	-0.0493	0.0330	-0.0188	-0.0011	-0.0481	0.0447	0.0728	0.0698	-0.1061	-0.4420	0.0105
0.2266	0.0199	-0.1086	0.2169	-0.0679	0.0040	0.0453	0.0527	-0.0312	0.5036	0.0598	-0.1854	0.1119	-0.5277	0.0209	-0.0110	0.1645	0.0006	-0.1436	-0.0138	-0.0708	-0.0073	-1.0170	0.0386	-0.0816	-0.0913	0.2226	0.8026	0.6987	-0.0793	0.0689	0.1121
0.0509	-1.0299	0.0049	0.3139	-0.0060	-0.0569	-0.1028	-0.0454	0.0022	-0.0520	-0.0516	-0.1080	-0.5296	0.1052	0.1376	-0.1059	1.2542	-0.0498	0.0123	-0.0237	0.0796	-0.1799	-0.0036	-0.0421	-0.0851	0.0763	-0.2836	-0.0926	0.0082	-0.1596	0.0504	0.1577
0.0480	0.1870	-0.5557	0.1770	-0.0490	-0.0595	0.0416	-0.0933	0.0200	-0.0754	0.1247	-0.0207	-0.0838	0.4317	-0.2439	-0.1449	0.2333	0.0517	0.0290	0.0502	0.1271	-0.0487	-0.1157	-0.0633	0.2642	0.0693	-0.0579	-0.0252	0.0187	-0.1821	-0.7512	0.0989
0.0705	-0.3998	-0.9917	0.2743	-0.0950	-0.0542	-0.2525	-0.3196	-0.7263	0.0325	-0.0805	-0.1527	-0.2496	0.1299	-0.0733	-0.0972	0.1738	0.4604	-0.0760	-0.0896	0.1761	-0.0213	-0.1690	-0.0166	-0.2584	0.0145	0.0413	-0.3743	0.2067	-0.0960	-0.0423	-0.9890
0.0687	0.0512	-0.3201	0.1468	-0.1665	-0.0953	-0.0616	0.4000	-0.0221	0.4642	-0.1184	0.0084	0.4276	0.6777	-0.0794	-0.1009	-0.0798	0.5568	-0.1052	-0.1424	-0.0264	-0.0736	0.5092	-0.0013	0.1280	-0.0906	-0.3045	-0.0028	0.0405	-0.0405	-0.3256	0.2155
0.0175	0.0365	-0.2460	0.2927	-0.0655	-0.3197	0.1074	0.0178	0.0147	0.0252	0.1322	-0.0703	0.0030	-1.0741	0.0898	-0.1099	-0.2323	0.0348	-0.5298	-0.1053	0.0192	0.0312	0.0541	0.0999	-0.0618	0.0251	0.0457	0.0357	0.1206	-0.2026	0.0354	0.0685
-0.0927	-0.1105	-0.5123	0.2496	-0.0651	-1.2804	-0.2564	-0.0697	0.0346	-0.1025	-0.2681	-0.0935	-0.0966	0.0280	0.0479	0.0597	0.2222	0.1462	-0.0900	-0.1748	0.0802	0.7564	-0.0285	-0.1371	-0.0255	-0.0532	-0.0565	-0.0438	0.0769	0.4370	0.0957	-0.1392
-0.0106	0.5833	-0.1117	0.1658	-0.0588	0.1540	0.1466	0.0635	-0.1069	-0.0371	0.0535	-0.4825	0.0472	0.2266	0.2298	-0.0903	0.1070	0.0649	-0.0646	-0.3537	0.7009	-0.5282	-0.1980	0.6012	0.0062	-0.0097	-0.0542	-0.0565	-0.1045	0.0033	0.1268	0.5026
-0.1142	0.4101	0.0037	0.3322	-0.1425	-0.0017	-0.0156	-0.0807	0.5514	0.1758	-0.2289	0.0961	0.0187	-0.3647	0.0390	1.0045	0.2889	-0.6536	0.1181	-0.4800	-0.2065	-0.0047	0.0639	-0.1417	0.0409	0.0816	-0.0717	-0.1299	-0.1333	-0.0212	0.5770	0.0654
0.1166	-0.0059	-0.0767	0.2340	-0.1531	0.0438	0.0283	-0.1082	0.1293	-0.0502	-0.1497	-0.7602	-0.4151	0.0613	-0.0072	-0.1364	0.1545	-0.3558	-0.0010	-0.1222	0.1650	0.0066	-0.0992	-0.1393	-0.0717	0.0208	-0.0148	-0.0933	-0.2328	-0.0521	0.0220	0.0996
-0.0233	0.0804	0.1959	0.8027	-1.0053	0.2233	-0.2699	0.8162	0.4005	-0.0110	0.0269	0.0837	0.8109	-0.1143	-0.0648	0.0506	0.0746	-0.0227	0.1159	0.0498	0.2868	-0.5962	-0.0151	0.0518	0.0126	0.0000	0.3093	0.0576	0.0041	-0.0713	-0.1395	-0.4456
0.1125	-0.5523	-0.0932	0.2076	-0.4393	-0.0523	-0.0066	0.0123	0.0201	-0.0686	0.2878	-0.0263	-0.1260	-0.0409	-0.0802	-0.5822	0.0734	-0.4843	0.0067	-0.1578	0.0518	-0.1394	0.0352	-0.2515	-0.0478	0.1155	-0.0333	-0.0400	0.1268	0.0777	-0.1250	-0.3904
0.0811	-0.0354	-0.0193	0.3109	-0.1206	-0.0515	-0.0410	-0.0585	0.0065	-0.3640	-0.0360	-0.4156	-0.1213	-0.3964	-0.0261	-0.1509	-0.9508	-0.3417	0.0893	-0.0573	0.1094	-0.0612	-0.5289	0.0414	-0.1026	0.0293	0.4653	-1.4849	0.0953	-0.0393	0.0278	0.0363
0.1944	-0.0860	-0.0474	0.6945	-0.0911	-0.0425	-0.0380	-0.0565	0.0258	0.9219	0.0611	0.1257	-0.2013	0.0520	-0.5838	-0.0924	0.0632	-0.0380	-0.1098	-0.0248	0.1113	0.0991	-0.1343	0.2875	-0.1556	0.0361	-0.0503	-0.1225	0.0264	1.0370	-0.0680	0.1455
-0.0828	0.0598	0.1648	0.4046	-0.1619	0.7092	0.0196	-0.7804	-0.0164	-0.2229	0.0273	-0.1194	0.3347	0.0344	0.0829	-0.1012	0.2982	-0.0227	0.0153	-0.1186	-0.0557	0.0949	0.8329	0.0609	0.1649	-0.0056	-0.4758	0.0398	0.1510	0.0674	-0.0315	-0.2124
0.0908	0.0421	-0.0564	0.1845	-0.1131	-0.0130	-0.0356	-0.0293	-0.0425	-0.0149	-0.1181	-0.0677	-0.2304	0.0091	-0.0297	-0.0706	0.1248	-0.0041	-0.0317	-0.3589	-0.0163	-0.0499	-0.1939	-0.3404	0.0421	0.0104	-0.0651	-0.0973	0.0868	-0.6527	0.0844	0.0971
0.4578	0.0888	-0.0120	0.1972	-0.0809	-0.1084	-0.0027	0.0480	-0.1360	0.1165	0.0110	-0.0427	0.0168	-0.0179	-0.1031	-0.3481	0.5626	0.0263	0.0233	0.6018	0.0990	-0.0793	-0.0769	0.0463	0.0670	-0.0183	0.0217	-0.5212	0.0921	-0.0402	0.0684	-0.1374
-0.0285	0.3480	-0.0401	0.2346	-0.0796	-0.1501	-0.0739	-0.0566	0.0061	-0.2653	-0.0524	-0.1396	-0.1541	0.0022	-0.0910	-0.1947	0.1664	0.0164	0.1282	-0.1649	1.1126	0.2662	1.5525	0.4046	-0.0023	-0.0990	0.1050	-0.6098	0.3611	0.1178	-0.0408	-0.0422
-0.0540	0.0267	-0.6627	0.1521	-0.1887	-0.0930	0.0045	-0.0036	-0.0176	-0.1378	-0.1248	-1.1564	0.0869	0.6061	0.2805	0.3699	0.1539	-0.0104	0.0149	0.0115	0.0156	-1.4954	-0.2090	0.0788	0.0648	0.0677	0.1245	-0.1589	-0.0766	1.0817	0.0753	0.0328
0.0102	0.0360	0.0605	0.0790	-0.1528	-0.0114	0.0318	-0.0548	-0.3948	-0.0161	0.0012	0.0665	0.2902	-0.0027	0.0394	0.2730	0.0440	-0.0045	-0.0436	-0.0989	-0.0907	-0.0949	-0.0508	-0.0525	-0.4573	0.2373	0.0989	0.2037	0.0289	0.2507	0.0283	0.4994
0.2158	0.0560	0.0059	0.6118	-0.0407	-0.0213	0.0518	0.2646	-0.0059	-0.0391	-0.1589	0.0142	0.0306	0.0028	-0.0501	-0.2427	-0.0121	0.0727	-0.0842	0.0117	0.0708	-0.1619	0.0152	-0.5212	0.0023	1.3013	0.0853	-0.0220	-0.1054	0.0095	-0.0601	0.0776
0.7175	0.1262	0.1879	0.0695	-0.0017	0.0106	0.0387	-0.0725	-0.8654	-0.2518	-0.0089	0.0225	0.2106	0.0444	-0.1354	-0.1058	0.0585	0.1314	-0.0559	-0.9906	0.0353	-0.5797	0.0589	-0.0559	0.0101	0.0469	-0.0164	-0.1059	-0.2359	-0.0456	0.0438	-0.0798
0.0213	-0.2571	-0.0773	0.2226	-0.2104	-0.1117	-0.2558	-0.2187	0.0938	-0.0814	0.4272	-0.2469	0.2858	-0.2540	-1.4188	-0.0857	0.3246	0.1601	0.0671	-0.1442	0.1054	0.7182	-0.0313	0.0359	0.6571	0.5708	-0.2257	-0.0195	-0.3391	0.0423	-0.1096	-0.0791
-0.1236	0.0484	0.3070	0.1422	-0.0388	-0.6043	0.0230	0.0370	-0.0954	-0.0932	-0.5610	-0.2978	0.2408	0.3185	-0.0683	0.1768	0.5651	-0.6502	-0.1071	-0.0529	0.0705	-0.1187	0.0203	-0.0753	-0.0161	0.0076	-0.1073	1.0046	0.1482	0.0381	0.0355	-0.0947
-0.2244	-0.0359	0.0582	0.1781	-0.2726	0.0335	-0.0832	1.3558	-0.0367	-0.1339	0.0201	-0.0641	0.3007	0.2109	-0.0094	-0.2305	-0.1639	-0.0301	1.3394	-0.6582	0.1948	0.7273	-1.0369	-0.2019	-0.0571	0.1611	0.0525	-0.0912	0.2101	0.1081	-0.0607	-0.0106
0.2045	0.0034	-0.0110	0.3486	-0.1538	-0.1107	0.0970	0.0445	0.0374	-0.0284	0.2085	0.0045	-0.1251	0.2577	-0.0740	-0.1266	-0.6072	0.1082	0.3207	-0.1793	0.0155	-0.1454	0.1210	-0.0356	-0.0474	-0.0487	0.0003	0.2115	-0.8318	0.0353	-0.0491	0.1074
0.1641	-0.0023	0.0345	0.2959	-0.1932	0.8091	0.0584	0.1268	0.0447	0.0044	0.0186	-0.2314	0.0781	0.4208	-0.1279	-0.1385	0.5629	0.0567	0.0267	1.1449	0.0748	-0.0091	0.1028	-0.0374	-0.0135	-0.5325	-0.0301	0.0466	0.2231	-0.0911	-0.0258	0.1361
-0.8464	0.1428	-0.1788	-0.2012	-0.0224	-0.0511	0.1141	0.1857	-0.0704	-0.2313	-0.1721	-0.1320	-0.4373	-0.0320	-0.0387	-0.6774	0.2397	0.2295	-0.0789	-0.2671	-0.1854	0.2948	0.0021	-1.2611	0.0090	-0.0882	-0.0440	-0.0131	-0.0651	0.6196	0.7280	0.1600
-0.0178	0.3383	0.0177	0.9348	-0.0236	-0.0480	0.0362	0.1296	0.0221	-0.4391	-0.0819	-0.2050	-0.1334	0.0638	-0.6509	0.0062	-0.0819	0.6801	-0.0537	0.0073	-0.6468	0.8532	-0.0045	0.0185	-0.1371	-0.1178	0.0090	0.0356	-0.0638	0.0522	0.0853	-0.5176
0.2180	0.0104	-0.1803	0.3155	-0.0171	-0.0212	-0.0794	-0.1204	0.9494	0.1684	-0.0456	0.2488	-0.8326	0.2433	-0.0424	-0.1530	0.0630	-0.2327	0.0396	-0.1236	0.1069	-0.4668	0.0376	-0.2327	-0.0157	-0.1467	-0.0325	0.5786	0.0413	-0.0245	-0.0532	0.4213
0.0258	-0.0430	0.2162	0.1225	-0.0578	-0.0080	-0.0277	0.2692	-0.0711	0.0040	-0.0763	-0.0053	-0.2241	0.1122	0.0071	0.6053	0.7239	0.0914	-0.3407	-0.0608	0.0078	0.0601	0.0324	-0.0800	-0.0317	-0.1514	0.0605	-0.1338	0.0292	0.1232	-1.3002	0.3895
0.0568	0.0662	0.0533	0.1209	-0.0826	0.0691	-0.0552	0.2313	0.0405	-0.1051	0.0257	0.0188	0.3306	0.0111	-0.8045	-0.0949	0.1734	0.0115	-0.0710	0.0730	0.4143	-0.1635	0.0144	-0.2041	-0.0314	-0.1672	0.6999	0.7361	0.5699	-0.0272	-0.3274	-0.0613
0.1415	0.2256	0.1444	0.1612	-0.1529	-0.0692	0.0406	-0.2533	-0.6254	0.1270	0.8094	-0.1072	0.1641	-0.0103	0.0312	0.9250	0.1502	0.0829	-0.0958	-0.0990	-0.5309	-0.3268	0.0098	-0.0048	-0.0926	-0.8160	0.1379	-0.2576	0.2312	-0.6755	-0.1237	0.2830
0.0647	0.8504	-0.2072	0.1649	0.0277	0.0702	-0.0407	-0.1442	-0.0237	-0.1021	-0.1317	0.0988	-0.3373	0.0123	-0.0187	-0.0819	0.1597	0.0712	-0.1133	-0.0237	0.1218	0.0567	-1.7680	-0.0251	-0.3963	0.1162	-0.0096	0.2924	0.1157	-0.1462	-0.3300	0.1989
-0.4319	-1.0251	0.0760	0.3082	-0.2355	-0.1262	-0.0144	-0.0980	0.1102	0.0120	-0.0741	-0.0552	-0.1992	-0.1045	-0.0566	0.7479	0.1989	0.0142	0.1714	-0.1947	-0.0180	-0.0256	-0.0327	-0.1983	-0.0999	-0.8987	-0.0309	-0.1206	0.1615	-0.4590	0.0321	0.5551
0.0367	0.0692	0.0228	0.1450	0.0120	-0.2911	0.3412	-0.0852	-0.0122	0.0062	-0.1373	-0.1633	0.0177	0.0009	-0.8518	-0.1504	0.0268	0.0042	0.0911	-0.0578	-0.1665	-0.1546	-0.1336	-0.0327	-0.0301	-0.8531	-0.0385	-0.4439	-0.0300	0.0322	-0.0724	0.0559
0.0067	0.1680	-0.0579	0.1659	-0.0384	-1.5897	0.0518	-0.0493	0.0113	-0.1080	0.1322	-0.0514	-0.1895	0.0612	0.0078	-0.2413	-0.0196	0.0780	0.5827	0.0415	-0.4577	-0.0401	0.1361	-0.5095	0.3033	-0.0304	-0.0649	0.1009	0.7396	0.2423	0.0530	0.1340
-0.0921	0.0826	-0.3506	0.2719	-0.0242	-0.1415	0.2700	-0.0665	0.0099	-0.0010	-0.0430	0.6752	1.0338	0.1810	-0.1300	-0.7923	0.0262	0.2786	0.1143	-0.0551	0.1105	-0.1759	-0.0758	0.0375	0.0740	-0.0906	0.0411	0.0227	0.1372	-0.0855	0.2655	0.1960
0.2709	0.0413	0.0892	0.2455	0.5910	-0.1677	0.2501	-0.3745	-0.0847	0.9123	-0.1185	0.1844	0.0017	0.0611	0.2611	0.4343	0.1649	0.1128	-0.5134	-0.4362	0.4858	-0.2298	-0.1164	0.0668	0.0153	-0.2954	-0.0748	-0.9792	0.1442	-0.1058	-0.0181	0.1746
0.0650	0.1036	-0.0487	0.7342	0.0132	0.1268	0.0395	-0.0148	-0.1178	-0.0294	-0.1028	0.0057	-0.2022	0.0096	0.0211	0.5747	0.0416	-0.5163	0.0299	-0.1167	-0.0620	-0.0442	0.0001	0.0084	0.1589	0.1082	-0.2686	0.4446	0.1618	-0.0154	0.0924	0.1519
0.0522	0.0526	-0.0519	0.2135	0.1058	-0.0965	-0.4847	0.0411	-0.0903	-0.0210	0.1539	-0.1204	-0.0121	0.0084	-0.0569	-0.0598	0.1606	0.0733	-0.0518	-0.0242	0.0817	0.0936	-0.0609	-0.0349	-0.0151	0.3484	-0.0349	-0.0304	0.1224	-0.0244	0.5445	0.1190
0.0090	0.1021	-0.1162	0.1226	-0.0574	0.0401	0.0106	-0.0663	-0.0346	-0.0241	0.0355	0.0373	0.0054	-0.0147	-0.5039	-0.1483	0.0802	-0.0059	-0.1545	0.0407	-0.2927	-0.0975	-0.0238	0.0105	-0.0224	0.0256	0.0292	-0.1765	0.5469	0.0690	-0.0418	0.0302
0.2527	-0.8386	0.0531	0.5658	-0.1117	-0.3362	0.0670	0.0471	-0.2514	0.1425	0.1528	0.3537	-0.0488	0.5586	-0.0211	-0.0555	0.2622	1.2435	-0.2500	-0.0911	0.2187	-0.0837	-0.0158	-0.0428	-0.1844	0.0624	0.2801	-0.3064	0.2602	-0.0984	1.2092	-0.9704
0.0475	0.1179	0.0205	0.0776	-0.5412	-0.1247	-0.1147	-0.1867	0.0225	-0.0119	-0.1430	-0.1539	-0.0291	0.0962	-0.0565	-0.0245	-0.1906	0.1029	-0.0324	-0.1123	0.0614	-0.0062	-0.1891	-0.0707	-0.0935	0.1089	-0.1072	-0.0895	-0.4852	-0.0069	0.0035	0.1822
-0.0791	0.0886	0.1492	0.0224	-1.1690	-0.0865	-0.0014	-0.1177	-0.1418	-1.0067	-0.2197	0.1105	-0.1930	0.1721	0.1528	-0.1240	0.9982	-0.1571	-0.1037	0.0129	-0.1970	-0.8962	-0.0804	0.6569	-0.7269	0.1692	0.0569	-0.0639	-0.1424	-0.0377	0.1654	-0.0058
0.5866	-0.0957	0.0321	0.0956	0.0195	-0.0827	0.2513	-0.0229	-0.0337	-1.1367	-0.0933	0.0194	0.0353	0.0236	-0.3740	-0.1859	0.0827	-0.0423	0.0386	-0.1027	0.0088	-0.0783	0.5141	-0.0962	0.0529	-0.1024	-0.0063	0.0397	0.0141	0.4237	-0.0818	0.1580
1.1987	0.0349	-0.0652	0.1653	0.0838	-0.0372	0.0426	-0.1516	0.0610	-0.3369	0.0061	-0.2099	-0.1109	-0.0087	-0.4062	-0.3944	0.0466	0.0716	-0.0034	-0.0205	0.0039	0.0652	-0.0202	-0.5158	-0.0417	-0.0484	0.2854	-0.2982	0.1312	0.0546	-0.3554	0.0440
0.1257	0.0612	0.0128	0.1404	-0.2715	-0.3566	-0.0740	-0.1020	0.4083	0.7252	-0.0336	0.0344	-0.0029	0.0968	-0.9020	-0.0396	0.1078	0.0307	-0.0055	-0.0015	0.0309	-0.1460	-0.0399	-0.0889	-0.0212	0.4231	-0.5866	-0.0999	0.0362	0.0552	-0.0768	0.1328
0.1557	0.0787	-0.0244	0.3044	-0.1152	-0.0559	-0.3968	-0.0922	0.0178	-0.0419	-0.0712	-0.0320	-0.0041	-0.7969	-0.0168	-0.1092	-0.0701	0.0209	0.0162	-0.0178	0.2974	-0.0368	-0.0386	-0.0164	-0.0557	-0.0467	0.2861	-0.0160	0.3549	0.0460	0.2377	0.1056
-0.9537	0.0587	-0.3257	1.2512	0.0200	-0.0377	0.0220	-0.1013	-0.0579	-0.1107	0.4411	-0.0798	0.0555	0.1081	0.0895	-0.4114	0.1266	-1.1043	0.0716	-0.1595	0.0769	-0.0577	0.0357	-0.0164	0.3199	0.0330	-0.1938	-0.1956	0.3340	-0.0990	0.0542	0.5647
0.0941	0.1561	0.1207	0.0721	-0.1917	0.0367	0.1016	-0.0936	0.0722	0.0161	0.1530	0.4248	0.0345	-0.0486	-0.0598	0.0149	0.1698	0.4885	0.3008	0.9342	-0.7406	-0.0754	0.2183	-0.0970	0.1033	-0.1072	-0.6015	-0.0273	0.7307	0.1195	-0.0185	0.0689
0.0854	0.0401	0.0662	0.2140	-0.1243	-0.0360	0.7439	0.0141	-0.0631	0.0059	0.0276	-0.0970	0.1252	0.3628	-0.0232	-0.0268	0.0957	0.0531	-0.5348	-0.0668	-0.1037	-0.0653	0.0106	-0.1604	0.0349	0.4006	-0.1282	-0.0082	0.1414	0.2129	0.2024	0.1529
-0.1720	0.1657	-0.0036	0.2342	-0.1148	-0.0284	0.0243	-0.3958	-0.0287	-0.0733	0.0906	-0.1075	-0.0363	-0.0669	0.2257	0.0343	0.7351	0.0032	0.0264	-0.1908	-0.0346	0.2079	0.2847	-0.0156	0.0238	0.0316	0.0376	-0.0477	0.0596	0.2418	-0.0567	-0.6832
0.0706	0.1148	-0.8980	-0.3580	-0.1339	-0.0349	0.0108	-0.0467	0.4469	0.0180	-0.0164	-0.0383	0.0239	-0.0269	-0.0259	-0.2178	0.2672	0.1012	-0.0510	-0.1756	-0.0106	0.1388	0.0199	0.9222	0.0412	-0.4769	0.0291	-0.0299	0.1162	0.1458	0.0136	0.2121
0.0405	0.4674	0.0366	0.1710	-0.0988	-0.1002	0.1074	-0.0810	0.0061	-0.0261	-0.0635	-0.0674	0.0031	-0.0076	0.1480	-0.1988	0.0995	-0.1972	0.7645	-0.1399	-0.1340	-0.2014	-0.0471	0.0053	0.1073	-0.0875	-0.5634	-0.0786	0.0688	-0.0455	0.0912	0.0943
0.0773	0.1162	-0.5326	0.4377	-0.0966	0.8032	-0.0281	0.0399	0.0105	0.0419	-0.0070	-0.0859	-0.0286	0.0116	-0.0685	-0.1790	0.0303	0.7820	0.0017	-0.0692	-0.2103	-1.1367	-0.0399	-0.0683	-0.0469	-0.1241	-0.0771	-0.0128	0.0170	-0.0588	0.5795	-0.2001
0.0507	0.3387	0.0296	0.1408	-0.0848	-0.4494	0.1708	0.1871	0.0138	-0.0734	0.0494	-0.2055	-0.0677	-0.1391	-0.3226	-0.0329	0.3016	0.0642	0.1393	-0.0980	-0.1990	-0.1137	0.1109	0.0038	-0.2230	0.0800	1.8603	-0.5054	0.1255	-0.0029	-0.1029	0.1116
0.0152	0.1065	-0.3571	-0.0028	-0.7190	0.0244	-0.0360	0.0279	0.0628	0.0069	-0.0074	0.0288	0.0165	0.0444	-1.0146	-0.0586	0.0840	0.0223	0.0622	-0.0527	0.0850	0.0093	-0.0018	-0.1502	-0.0268	-0.1956	0.1558	0.0437	-0.0447	0.1347	-0.1065	-0.0150
0.0919	0.0087	-0.0070	0.2455	-0.1222	-0.0232	0.0002	0.6811	-0.0843	0.0142	-0.1519	-0.1270	-0.1107	0.0788	-0.1922	-0.1182	-0.6120	0.1381	-0.2340	0.1222	0.0200	-0.1022	0.0598	-0.0605	0.1889	-0.1211	-0.1364	0.0111	0.3171	-0.0245	0.0616	0.8329
0.2792	0.3566	-1.0537	0.1830	-0.3846	0.0135	0.3564	-0.0319	-0.6189	-0.4159	0.7332	-0.0031	-0.0987	0.0650	0.1430	0.3663	0.3768	0.0537	-0.1269	-0.0433	0.0437	0.2211	-0.4704	-0.1898	-0.1117	-0.0762	-0.0102	0.0436	-0.4147	-0.4679	0.1496	0.3130
0.0316	-0.3253	0.1205	0.2792	-0.0339	-0.0945	0.0210	-0.0840	-0.5172	-0.1412	-0.0465	-0.0787	0.0917	-0.2246	0.0340	-0.1327	0.0718	0.9029	-0.0692	-0.0365	0.0045	-0.0101	-0.0017	1.0940	-0.0175	0.0041	0.0528	-0.0358	0.0289	0.0216	-0.2477	0.0840
0.1730	0.1309	0.0066	-0.0319	-0.0909	0.2884	0.0143	0.9136	-0.1358	0.2219	-0.1006	-0.0657	-0.2108	-0.0007	-0.2167	-0.1664	0.1003	0.3086	-0.0290	-0.8336	-0.0222	-0.0092	-0.0099	0.2832	0.0241	-0.0267	-0.0111	-0.1189	0.5840	0.0089	-0.0088	0.0115
0.1394	0.2728	1.1763	-0.2298	-0.0417	-0.0078	0.4246	-0.0230	0.1478	0.5747	0.0965	-0.0257	-0.0533	-0.0916	0.1685	-1.6936	0.1874	0.0920	-0.0612	-0.1215	0.0372	0.8592	0.0475	-0.2591	-0.0659	-0.2770	0.0033	-0.0465	0.0187	-0.3242	-0.3797	0.1751
0.2559	0.0981	-0.0328	0.0260	-0.1623	-0.0944	-0.3481	0.0336	-0.1628	-0.0074	-0.0979	-0.0041	0.1217	-0.5347	-0.0419	-0.0952	0.1370	0.0460	-0.0237	0.0219	0.1001	-0.0528	0.0317	0.0060	-0.0395	-0.0220	-0.0155	0.2535	0.1023	-0.0283	0.0664	0.0864
0.0816	-0.0625	0.0649	0.5438	-1.2030	0.0272	-0.0266	0.0312	0.1808	0.1311	0.0679	-0.0385	-0.3516	-0.3665	0.0881	0.5073	0.0526	-0.0168	0.0735	-0.0425	0.0294	0.0679	-0.0139	-0.0680	-0.0288	0.1471	0.0950	-0.0304	0.5513	-0.1203	0.0233	-0.0564
0.0170	0.0365	0.0345	0.9107	0.0131	0.2908	-0.0602	-0.1973	-0.4816	-0.0545	-0.2423	-0.0161	-0.0344	0.3460	-0.0331	-0.1235	0.0283	0.0202	0.5982	0.3235	0.4632	-0.0616	-0.0651	0.0183	-0.0208	-0.0374	-0.0508	-0.0182	0.1257	0.4152	-0.0725	0.1220
0.0291	-0.2522	0.0741	0.3057	-0.0002	-0.0831	0.0720	-0.0893	0.0988	-0.0231	-0.2925	0.1122	0.1066	-0.0188	0.3281	-0.2360	0.1217	-0.0689	0.3540	-0.1642	0.0444	-0.0839	-0.0017	0.2437	0.0061	-0.0829	0.0104	-0.0084	0.1482	0.1326	-0.0100	-0.0691
0.0775	-0.0105	-0.0763	-0.1533	0.0665	-0.3632	-0.0356	-0.1608	-0.0349	0.2837	-1.0530	0.0405	-0.0864	-0.3084	-0.0805	-0.3770	0.0587	0.0009	0.8637	-0.1365	0.3386	-0.0804	0.1318	-0.0113	0.0001	-0.1007	-0.0375	0.1391	0.1646	-0.0322	-0.0909	0.1697
0.0964	0.0980	0.0149	0.2407	-0.0966	-0.1053	0.0422	-0.0660	-0.0782	-0.0352	-0.0844	-0.0312	0.1715	0.2850	0.4193	-0.2014	0.1407	0.0843	-0.0305	-0.2118	0.0354	-0.0723	-0.0025	0.0048	-0.0212	-0.0080	0.0518	-0.1040	-0.2155	0.0048	0.0316	0.0579
