0.6200	-0.1964	0.1350	0.6538	-0.9109	0.3752	-0.1700	-0.0394	-0.0508	0.7444	0.0031	0.1036	-0.2030	-0.0354	0.1124	0.0526	-0.1911	0.0271	-0.2127	0.0665	0.0505	0.1909	0.6509	-0.2876	0.0728	-0.1472	-0.7255	0.8441	0.0288	0.0583	0.2078	-0.1547
0.6397	0.0298	0.0731	-0.1380	0.2381	-0.1549	-0.0618	-0.1872	-0.0687	0.0222	0.0095	0.4302	-0.2955	-0.0370	-0.4019	0.1970	0.1167	0.1564	-0.0286	0.0267	-0.0551	0.0463	0.1671	-0.4047	-0.0184	-0.1358	-0.2572	0.2496	-0.3548	0.0066	0.1599	0.0819
0.0217	0.1998	0.7019	-0.1742	0.0383	-0.1692	1.5385	-0.3687	0.2454	0.1037	-0.0263	0.0395	-0.0003	-0.0380	-0.5887	-1.1250	0.0360	0.0721	0.0846	0.3435	0.4619	-0.2032	0.0343	-0.3399	0.2072	-0.3161	-0.3984	0.3673	0.0927	0.2316	0.2768	0.1948
-0.0074	0.1791	0.2336	-0.4035	-0.0262	0.2371	0.0073	-0.3269	-0.4617	-0.0146	-0.0548	-0.0384	-0.7526	0.1487	-0.8884	0.1821	0.5830	0.0155	0.0356	-0.0108	0.1747	0.2546	-0.1632	-0.0616	-0.1849	-0.1377	0.2098	0.9694	-0.0834	0.3320	0.1310	0.1765
-0.2875	0.2395	-0.2547	-0.2026	-0.0894	-0.0543	0.0060	0.1484	-0.1309	0.1018	1.8908	0.0576	0.1090	-0.3498	-0.0103	0.6557	-0.1682	0.3550	-0.0550	-0.0021	0.9771	-0.0133	-0.1686	0.7512	0.0201	0.1322	-0.4189	0.4357	-0.1553	-0.0474	0.0069	0.1649
-0.1543	0.1933	-0.0554	-0.1643	-0.5010	0.4262	0.1392	-0.0717	-0.3739	0.1094	-0.0343	0.2640	-0.1301	-0.1122	1.0912	-0.5404	-0.0044	0.3686	-0.0450	-0.1285	0.7248	-0.0624	0.2883	-0.2634	-0.3337	-0.1229	-0.1413	0.2017	-0.1679	-0.4464	0.0793	0.6908
-0.0646	0.3022	0.1562	-0.2031	-0.2433	-0.1309	-2.1802	-0.9249	-0.1528	-0.8550	0.0946	0.0677	0.7538	0.1224	0.1520	0.2434	-0.0314	0.2511	0.3005	0.0288	0.0053	-0.0985	0.3725	-0.3787	-0.1237	-0.1645	-0.2579	0.0321	-0.5472	0.2278	0.3220	0.1006
-0.4004	0.0902	0.0267	-0.2200	1.0756	-0.1997	0.1657	-0.0814	-0.0355	0.0989	-0.1414	-1.0740	-0.2724	-0.1010	0.1595	0.2040	0.0221	0.2887	0.1691	0.1785	0.1950	-0.2407	0.2348	-0.2503	-0.1692	-0.1235	-0.2995	0.1568	-0.1820	0.6617	0.1990	-0.5239
-0.1436	0.0492	0.1700	0.0990	0.0522	-0.2516	-0.0897	-0.0061	0.2059	0.2000	-0.0434	-0.0309	-0.2042	0.3776	0.1537	0.1656	-0.3960	1.2297	-0.0336	0.5447	0.2105	0.2830	0.2543	-0.3822	0.2012	0.0451	0.2882	0.5641	-0.2845	-0.2869	0.1743	0.0270
-0.1884	0.1166	0.1711	-0.0499	-0.0495	-0.3477	-0.0864	0.2279	-0.0924	0.2892	-0.0239	0.2390	-0.2683	-0.3472	0.0721	-0.0338	-0.1442	0.4333	0.0132	0.1200	0.2272	0.0691	0.1608	-0.0681	0.8254	-0.1824	-0.3033	0.4098	-0.2323	0.1216	0.2858	-0.7807
0.3318	0.0164	-0.1658	-0.0487	-0.0532	-0.0681	0.1511	-0.0182	-0.0694	-0.3806	-0.0165	0.0651	0.0003	-0.6772	-0.0339	-0.1257	-0.0222	0.0197	-0.1181	0.1452	0.5437	-0.0937	0.0321	-0.4552	0.1258	0.0694	-0.0875	0.0263	-0.0691	0.1892	0.2214	0.0132
0.1942	0.1020	-0.0835	-0.2571	-1.2697	0.0377	-0.0189	-0.0951	0.0046	0.0280	0.0084	-0.0935	-0.0310	0.0101	0.0530	0.1805	-0.0578	0.1158	-0.1051	0.1265	0.2037	-0.0489	0.0046	-0.2182	0.0616	0.1185	-0.8598	0.2135	0.0093	0.0102	0.0934	-0.0404
0.1395	0.1384	-0.0037	0.3676	0.2238	1.5613	-0.0746	-0.3338	-0.4194	0.0970	0.0603	0.1379	-0.2503	-0.1228	0.0631	0.5286	-0.1008	-0.7000	0.0640	-0.1326	0.1545	-0.0620	0.2253	-0.3680	-0.0866	-0.3557	-0.7842	0.3817	-0.1350	0.7007	0.2991	0.0259
-0.0811	0.1366	0.0075	-0.2042	-0.2345	-0.0490	0.0729	-0.1758	-0.0450	0.0519	-0.0797	0.1867	-0.5473	-0.0924	0.2461	0.1665	-0.0708	0.2349	0.0027	-0.0293	-0.0406	-0.0403	0.0923	-0.1296	0.0940	-0.2171	-0.2986	0.1840	-0.1716	0.1764	0.1539	0.4286
0.1324	0.1476	0.1671	-0.8123	-0.0187	-0.1619	-0.4421	-0.7820	-0.0132	-0.5558	-0.0126	0.2938	-0.0159	-1.4163	0.1046	-0.1615	-0.1199	0.0235	0.2580	-0.2087	0.2502	0.4926	-0.0062	-0.1362	-0.0168	0.1244	-0.1432	0.4427	0.8910	0.2412	0.1113	0.1905
-0.1421	0.0036	0.0746	-0.2053	-0.0387	-0.1124	0.0005	-0.0836	-0.0316	0.0552	-0.0715	0.0459	-0.0812	-0.2097	0.3535	0.2625	-0.0507	0.2672	0.0169	-0.1491	-0.0201	-1.0510	0.0728	0.0086	-0.0299	-0.0028	-1.0061	0.0861	-0.1824	-0.0333	0.0247	0.0729
0.0553	-0.0355	1.1142	-0.0193	-0.0335	-0.1229	0.1074	-0.0009	-0.1153	0.0741	0.0391	-0.1637	-0.1769	-0.2355	0.0712	0.2028	0.0038	0.2258	0.0784	-0.1859	0.0609	0.1061	-0.2505	-0.2524	0.0140	-0.1133	-0.2115	0.0868	-0.2696	0.4790	0.1650	0.1734
0.0564	0.0401	0.4004	-0.2772	0.0745	-0.7354	0.0152	-0.2415	-0.8383	0.0903	-0.0360	-0.3362	-0.0486	-0.0372	0.0372	0.0002	0.5346	0.2019	0.0223	0.0673	0.2217	0.3498	0.0634	-0.1796	0.0067	-0.0456	-0.3152	0.0224	0.0315	0.0320	0.1110	-0.4234
-0.0842	0.2164	-0.0384	-0.4259	-0.0248	-0.1385	0.1848	-0.3753	-0.3285	0.0333	0.1183	-0.4642	-0.3013	-0.1111	-0.2502	-0.6634	-1.1175	0.2567	-0.9245	-0.1223	-1.3609	-0.1423	0.3389	-0.1242	-0.0846	-0.3609	-0.5653	0.4160	-0.0469	0.1437	-0.2119	0.2804
-0.0115	0.0075	0.1381	-0.6504	-0.1503	0.1662	-0.0107	-0.0533	0.3028	0.1569	0.0581	-0.4734	-0.1918	-0.2069	0.0499	-0.3737	0.4990	0.3720	-0.0433	0.5472	0.2665	0.4137	0.4407	-0.3999	0.2615	-0.1192	-0.4712	0.0346	-0.2309	-0.5304	0.2520	0.0618
-0.3638	0.4577	0.2044	0.5686	-0.2483	-0.2130	0.0435	-0.4859	-0.3512	0.2643	-0.3422	-0.1401	-0.5033	-0.4896	-0.2631	0.5876	-0.0496	0.2501	0.0569	0.1591	-1.2415	-0.3227	-0.2556	-0.8261	-0.1778	0.5735	0.3919	0.6031	-0.5698	-0.6475	0.2098	0.1974
0.4347	0.0857	-1.0583	-0.1650	0.2499	-0.9090	-0.0319	-0.2211	-0.2410	0.2971	0.4137	0.1031	-0.1736	-0.1201	0.0417	0.2614	-0.1229	0.1080	0.0688	0.0416	0.2414	-0.1384	0.2248	-0.3735	-0.1007	-0.0977	-0.0263	0.2286	-0.1227	0.2583	0.1127	0.0826
0.0051	0.1781	0.1000	-1.0944	-0.1124	0.0964	-0.4941	-0.1695	-0.0635	0.0554	0.0061	0.0147	-0.0683	-0.1323	-0.0751	0.1490	-0.1274	0.0959	-0.3603	0.2005	0.0841	-0.4603	0.2111	-0.2572	0.0071	-0.1802	0.0165	0.3068	0.2072	-0.0234	-0.4632	0.0451
0.0032	0.0914	-0.4508	0.0406	-0.2430	-0.0594	-0.1865	-0.3644	-0.3496	0.0223	0.0194	-0.0581	-0.2571	-0.2638	-0.8235	-0.2914	-0.1293	0.6553	-0.0526	0.2253	0.4773	0.0390	-0.1568	-0.1381	-0.8937	-0.0677	-0.2340	0.2541	-0.0295	0.0914	0.2655	-0.0420
0.1249	0.2128	0.1545	-0.2952	-0.0440	-0.1192	0.1292	-0.6567	-0.1103	0.1275	0.1005	0.0779	-0.0925	0.4509	0.2159	0.2999	-0.0210	-1.2751	0.0858	0.1610	0.0031	0.1598	0.1693	0.1077	0.2881	-0.1517	-0.6038	0.0712	-0.3989	0.2356	1.6394	0.1434
-0.0644	0.2064	-0.4687	-0.3483	-0.1125	-0.1335	0.1370	-0.3725	0.2756	0.1369	0.0198	-0.1387	-0.2878	-0.2273	0.1627	0.2644	0.0404	0.2663	0.0376	0.2354	-0.1961	0.0379	-0.4335	-0.2603	-0.0668	-0.1356	-0.3315	0.3531	-0.2414	0.0794	0.2277	0.0805
-0.0853	0.2980	0.1119	-0.0338	0.0132	-0.2141	0.2452	-0.1337	0.9784	0.0293	-0.0109	-0.0167	-0.0608	-0.7513	0.1585	0.1476	0.6398	0.1400	-0.1638	0.2036	-0.0233	0.1667	0.3636	-0.0622	0.0623	-0.8033	-0.0064	0.2617	-0.0389	0.1125	0.1394	0.0639
0.0251	0.1795	0.2717	-0.1523	-0.0570	0.0553	0.0708	-0.2639	-0.2273	0.9670	0.0821	-0.0215	-0.0852	-0.4254	0.0836	0.2742	-0.0217	0.0717	0.0072	0.2127	-0.3141	-0.1121	0.4387	-0.1768	0.0209	0.4854	-0.3519	0.2130	-0.3281	0.0139	0.1113	-0.0078
0.1150	0.3692	0.0762	-0.3322	-0.0265	-0.1334	-0.0072	-0.2535	-0.0435	-0.0536	0.0356	-0.1422	-0.3203	0.6288	0.2113	0.2562	-0.0231	0.2901	-0.9152	-0.5436	0.5138	-0.2457	0.1588	-0.1137	-0.4432	0.5366	-0.4024	0.3722	-0.1980	0.0466	0.2815	-0.5184
-0.0559	-0.4085	0.0169	0.2648	0.0189	-0.1169	0.0645	0.3340	-0.2041	-0.0182	0.1404	-0.9440	0.5359	-0.2533	0.1666	0.5589	-0.1941	0.3576	0.0784	0.0542	0.1270	0.1157	0.2689	-0.1722	-0.1046	-0.2796	-0.1922	0.8565	-0.2168	0.1748	0.0198	0.2271
-0.1366	0.2529	0.0718	-0.2298	-0.1644	-0.0661	0.0701	-0.2417	-0.1628	0.1581	0.3685	-0.1083	-0.2392	-0.2016	1.2444	-0.7884	-0.1840	0.1914	-0.0286	-0.1467	-0.1532	-0.2020	0.2834	-0.1131	-0.1046	-0.1702	-0.3277	0.2925	-0.2346	-0.6556	0.2075	0.5357
-0.0249	0.2368	0.0533	-0.5018	-0.2326	-0.0095	0.0794	1.2588	-0.3844	0.1116	-0.0240	-0.2076	0.4403	-0.3961	0.0588	0.4243	-0.0841	0.0176	-0.0158	-0.1005	0.2849	-0.0500	-0.9761	-0.4462	-0.0585	-1.5976	-0.5432	0.2995	-0.2064	0.1206	0.2542	0.1547
-0.0735	-0.1956	0.2335	-0.2371	-0.1951	-0.1122	0.0956	-0.1946	-0.0834	0.0698	0.0426	-0.0799	-0.0701	-0.2960	0.3319	0.3260	0.0038	0.2322	-0.0542	-0.0749	0.1024	-0.7997	0.1733	-0.1602	-0.0834	0.1061	-0.4052	0.1569	-0.1136	0.3593	0.2075	-0.5990
0.9692	0.3166	0.6866	-0.1290	-0.2299	-0.0132	0.6024	-0.2626	-0.3182	0.0211	0.0842	0.1268	0.0588	-0.2882	0.2816	0.3611	-0.2192	0.3665	0.3783	-0.1604	-0.0292	-0.0327	0.6571	-0.2263	-0.0841	-0.2271	0.7486	0.1564	-0.2339	0.1469	0.0167	-0.0018
-0.5817	0.3175	0.2376	-0.7243	-0.0264	-0.1246	-1.2679	-0.1971	0.0766	0.0074	0.0267	0.1624	-0.1543	-0.0829	-0.0154	-0.2055	-0.2521	-0.0207	0.3205	0.0959	-0.0317	-0.8221	0.2054	-0.2584	0.2916	-0.2111	-0.0328	0.3676	-0.2184	0.2287	0.2716	-0.4904
-0.1090	0.1305	-0.2034	-0.5449	-0.0045	-0.3548	0.1657	-0.2231	-0.0811	-0.0222	-0.0033	-0.0350	-0.1355	-0.0609	0.1512	0.3096	0.4279	0.2995	0.1233	-0.0349	0.0511	-0.0080	0.0284	-0.0130	0.3755	-0.0425	-0.1736	0.0511	0.0075	0.1728	0.0858	0.4868
-0.0140	0.2150	0.1624	-0.0764	0.0039	-0.0365	-0.1697	-0.3106	-0.2286	-0.0162	-0.4927	0.1774	-0.0747	-0.1279	0.0549	0.2032	-0.0443	0.1002	-0.2011	0.0626	0.0856	0.0977	0.2435	-0.2248	0.2148	-0.2085	0.0183	0.2336	0.0630	0.1380	0.2005	0.0909
0.0865	0.0420	0.0003	-0.2248	-0.8619	0.0798	0.0454	-0.1135	-0.1640	-0.0696	0.0268	0.2367	0.0753	-0.0836	-0.4505	0.2692	0.2134	1.1374	-0.1344	0.5541	-0.5444	-0.0232	-0.0895	-0.2096	-0.0025	-0.1575	-0.3167	0.1051	-0.3178	0.2937	0.1504	0.0529
-0.0470	0.1079	0.4594	-0.1086	-0.0842	0.3827	0.4178	-0.2755	-0.0311	-0.1270	0.1554	0.0233	-0.3808	0.5795	-0.6673	0.2492	0.0109	0.5609	0.1076	-0.4026	0.2881	-0.0272	0.4658	-0.1748	-0.0415	0.3005	-0.1545	0.1301	0.1270	0.0455	0.1922	0.1201
-0.9311	0.3202	0.1723	-0.6346	-0.1902	0.1974	0.0338	-0.1649	0.0904	-0.0606	0.0013	0.0074	0.2555	0.0158	0.1853	0.2744	0.0003	-0.3533	-0.0598	-0.0243	-0.2557	-0.0251	0.4276	-0.0181	0.0524	-1.1596	0.0117	0.1437	-0.2040	0.2139	0.1654	0.0425
-0.0782	-0.1067	0.0325	-0.1816	-0.2898	-0.5505	-0.2554	-0.2762	-0.1875	-1.4954	-0.0397	0.3566	0.1002	0.0984	0.0304	0.2368	0.0481	1.6649	0.2036	0.0188	-1.2207	0.0585	0.0224	-0.2440	0.0682	-0.4868	-0.8681	-0.3232	-0.3735	0.4379	-0.0740	0.2300
-0.2241	0.0565	0.0798	-0.3283	-0.3489	-0.2024	-0.1640	-0.1996	0.8419	0.4827	0.2805	-0.3063	-0.5925	-0.6739	-1.1178	0.3187	-1.3411	0.1244	0.1525	0.0913	0.3894	0.0332	0.4267	0.4414	-0.9278	-0.1022	-0.4399	-0.6085	-0.3442	0.1081	0.1227	0.7254
0.4710	0.1647	-0.2776	-0.3145	-0.9558	-0.0762	0.0649	0.0543	0.0102	-0.2188	-0.0334	-0.0620	-0.2925	0.2118	-0.8539	0.0379	0.6363	-0.1976	0.9984	-0.3270	0.0363	0.0623	0.6153	-0.1599	-0.0038	-0.0276	-0.5823	1.7739	0.1011	-0.4133	0.0014	-0.0670
-0.5021	-0.0231	0.1937	0.1078	0.0029	-0.2359	1.3746	-0.5443	0.2770	-0.0843	0.0161	0.4734	0.3082	-0.0607	-0.0158	0.1354	0.0199	-0.0457	-0.0249	0.3334	1.0995	-0.0180	0.2094	-0.2911	0.1186	-0.0886	-0.1838	0.4801	-0.6771	0.5910	-0.4479	-0.4854
0.1887	0.3424	0.2223	-0.1362	-0.8821	0.0996	-0.6321	-0.3858	-0.2886	0.0979	-0.0146	-0.1123	0.3175	-0.0324	0.2290	0.2950	-0.0362	0.3339	-0.1129	0.0959	1.0361	-0.0951	-0.1635	-0.6368	0.0848	-0.8447	0.0349	-0.9104	-0.0629	0.1520	0.2713	0.0967
0.0026	0.1365	0.1384	-0.0721	-0.1837	-0.0304	-0.0103	-0.2105	-0.1835	0.1481	-0.0777	0.0773	0.1268	-0.2981	0.1247	0.1140	-0.2782	0.4718	0.3515	0.0192	0.1795	-0.0471	-0.0138	-0.1174	-0.0215	-0.3613	-0.1827	0.3016	-0.4816	0.0307	0.2404	-0.8139
0.2472	0.2587	-0.0667	-0.0835	0.7071	0.8734	-0.1282	-0.2243	-0.1786	0.0381	-0.7435	0.0391	-0.2915	-0.3645	0.0711	0.0890	-0.1087	0.3634	-0.1015	-0.3221	0.2752	0.0169	0.1194	-0.0978	-0.0345	-0.2790	-0.3790	0.4888	-0.3590	0.1330	-0.4127	0.1753
0.2004	0.1738	0.2261	-0.4215	0.9244	0.0706	0.0064	-0.2792	-0.1512	-0.0596	1.6607	0.6127	-0.8520	0.0082	1.0361	0.1051	0.0884	0.2983	-0.4499	0.1671	0.0138	0.0462	0.2212	-0.1280	0.0717	-0.2490	-0.5700	-0.0505	-0.2773	-0.1121	-0.9095	0.0807
0.1146	0.1443	-0.0600	-0.3115	-0.1511	0.1176	0.0224	-0.3011	-0.1049	0.0303	0.0002	-0.1214	-0.1002	-0.2220	0.1218	-1.0406	0.1738	0.2276	0.0403	0.0827	0.1781	0.1684	0.6738	-0.3146	0.1918	-0.0476	-0.2306	0.3021	0.4385	0.0863	0.2725	0.0251
0.7822	-0.0701	-0.4074	-0.2360	-0.0090	0.0078	-0.0103	0.0177	-0.2736	-0.0759	-0.3942	0.6582	-0.2015	-0.0654	-0.1510	0.1183	-0.0323	0.0440	-0.1506	0.0545	0.2324	-0.1400	0.6278	-0.1935	0.3913	-0.2912	-0.3476	0.1581	-0.3441	0.1682	0.2150	0.1345
-0.0017	0.1307	0.0983	0.0514	-0.1577	-0.1075	0.0509	0.1994	-0.0317	-0.0016	0.0643	0.0248	-0.2014	-0.5248	0.0771	0.1117	0.1675	0.3028	0.1667	-0.3463	0.2973	-0.1099	0.2268	-0.3516	0.0344	-0.2425	-0.2660	0.0689	-0.1592	0.0538	0.2065	0.0454
-0.0690	0.1738	0.0476	-0.2204	-0.0787	-0.4369	-0.3353	0.5576	0.8945	0.9260	0.5600	0.2054	-0.0372	0.0499	0.1566	0.2804	-0.0210	0.1885	-0.0318	-0.4027	0.2691	-0.0116	0.1038	-0.8175	0.1858	-0.1686	-0.2899	0.4561	-0.0805	0.1373	0.1264	0.7371
-0.0625	-0.7244	-0.0705	-1.7252	-0.1646	0.8434	0.1242	-0.3549	-0.3584	0.1326	0.2330	-0.1772	-0.0853	-0.2497	0.0613	0.3120	-0.0518	0.0237	-0.0930	-0.0328	0.0070	-0.2049	0.1811	-0.2444	0.1110	-0.1146	0.8617	0.7916	-0.3142	0.1086	0.0996	0.1887
-0.0961	0.1771	0.0303	-0.1494	-0.0746	-0.1259	0.0421	-0.1088	-0.3760	0.4625	0.1933	-0.0654	-0.1344	-0.3780	0.0986	-0.4086	0.0024	0.4339	-0.0775	0.0419	0.1691	-0.0080	0.3287	0.5588	-0.1592	-0.2731	0.0914	0.2974	-0.2812	-0.1135	0.2811	-0.0336
-0.1003	0.0693	0.1171	-0.1566	0.3292	-0.1110	-0.0464	-0.2021	-0.2105	0.0911	-0.0559	-0.1370	-0.1280	-0.2188	-0.0339	0.1452	-0.0015	0.2346	0.0381	0.0463	0.1711	-0.4853	0.1151	-0.1630	0.0759	-0.0347	-0.2246	0.1450	-0.0927	0.0515	0.8458	0.2128
-0.0335	0.1462	0.0902	0.1113	-0.1045	-0.1084	-0.0010	-0.1760	-0.7113	-0.0034	-0.0761	0.0889	-0.2823	-0.1531	0.1055	0.1618	-0.2595	0.2391	-0.3572	-0.7514	0.0514	0.7424	0.2531	-0.1311	0.3325	-0.1069	-0.1719	0.2183	0.0282	0.3193	0.6989	-0.0567
0.0387	-0.4700	0.4594	-0.0562	-0.1413	-0.1642	0.1172	-0.0509	0.2194	0.0176	0.0684	-0.0537	0.5909	-0.2776	0.1483	-0.1680	0.0006	0.3435	-0.1478	-0.6619	0.1156	0.0754	0.5264	-0.1084	-0.0477	-0.6654	-0.3098	0.4913	-0.9525	0.0746	0.2378	-0.0747
-0.0385	0.0829	0.0895	-0.3271	-0.0916	-0.1067	0.0840	-0.4376	-0.1958	0.2875	0.0190	0.2743	0.3919	-0.0705	-0.4171	0.1680	0.0629	0.3756	-0.1332	-0.7707	0.3229	0.1988	0.2809	0.0853	0.2598	-0.5169	-0.2621	0.1768	0.1021	0.0414	0.1286	-0.0219
0.0661	-0.2904	-0.0108	-0.1749	-0.1668	0.1118	0.0480	-0.3398	-0.1601	0.1415	0.0274	0.1594	-0.3043	-0.3125	-0.0306	0.2290	0.0254	0.2298	0.5327	0.0186	0.0837	-0.6347	0.1881	-0.3281	0.0174	-0.1581	0.0278	0.1897	-0.1533	0.0435	0.1710	-0.0133
0.3059	0.3320	0.0561	0.8952	0.1326	-0.1563	-0.2584	-0.1290	-1.3206	0.1581	-0.1154	-0.7577	0.1008	-0.3637	0.0179	0.2134	1.1761	-0.0260	0.0146	0.2070	0.0570	-0.6798	0.4131	-0.2416	0.1544	-0.0856	-0.0010	0.9412	-0.0830	-0.0451	0.0233	0.3544
0.0683	0.1077	-0.0319	0.3223	-0.0954	0.1488	-0.0775	-0.1624	-0.1340	0.7274	0.0707	-0.0142	-0.0138	-0.0442	0.0638	0.0813	-0.0607	0.1984	0.0347	-0.0133	-0.0007	-0.0163	0.0735	-0.1037	-0.0932	-0.1036	-0.6725	0.3105	-0.0414	0.5810	0.1595	0.0343
-0.0903	0.0558	0.0853	-0.3081	-0.1291	-0.1600	-0.4219	-0.2007	-0.1387	-0.2917	0.0446	-0.0323	0.1926	-0.6625	0.1406	0.7967	-0.1216	0.0822	-1.2409	-0.1296	0.2893	0.8400	0.1478	-0.3724	-0.0319	0.4311	-0.1052	0.3339	-0.0934	-0.0687	0.1833	-0.0493
0.0732	0.1074	0.0256	-0.1004	-0.2163	-0.1869	0.1386	-0.2133	-0.6379	0.1195	0.0404	-0.1631	-0.1317	-0.0992	1.6540	0.1494	0.4910	0.4777	-0.0326	0.0295	0.1159	0.0982	0.2887	-0.0848	-0.0982	-0.2487	-0.3153	0.2540	0.9287	0.0753	0.1970	-0.1475
0.0743	0.1234	0.1801	-0.1400	0.5509	-0.2079	-0.5645	-0.2678	-0.1695	0.1795	0.3767	0.1446	0.2243	-0.1743	-0.0951	0.1324	-0.0228	0.1296	-0.2545	0.1534	0.2194	-0.0919	0.2571	-0.2903	0.0787	-0.2584	-0.3446	0.2594	-0.1865	-0.6600	0.1926	-0.0286
-0.0828	-0.0341	0.5470	-0.1708	-0.1393	-0.1149	0.0127	-0.2936	-0.0350	0.1184	-0.0417	0.4697	-0.2477	-0.1020	0.0516	0.2883	0.0145	0.2039	0.0911	0.0597	0.1847	0.0213	0.1115	0.0833	0.0440	-0.2942	-0.2750	0.1811	0.0123	0.1323	0.0124	0.7845
-0.0315	0.1979	-0.5545	-0.2847	0.6978	0.0397	0.0348	-0.0363	0.1098	0.0873	-0.8902	-0.0804	0.0290	0.0117	0.2789	0.5572	0.0963	0.5466	-0.0196	-0.8023	0.0760	0.3135	0.8498	-0.2907	-0.2024	-0.1620	-0.3020	0.0370	-0.1699	0.1839	0.1335	-0.0275
0.0693	-0.0119	-0.0141	-0.2386	0.0959	-0.2457	0.0250	-0.0542	-0.1103	0.0750	0.0887	0.1148	-0.0803	0.6617	0.1933	0.0863	-0.0032	0.2426	-0.1058	0.1804	0.5035	-0.0737	0.2354	0.0344	-0.0170	0.0384	-0.3773	0.4680	-0.4746	0.2220	0.1648	0.5533
-0.2503	0.0249	0.1502	-0.2282	-0.0747	-0.2613	-0.0297	0.0135	-0.1875	-0.0968	0.0150	-0.0002	-0.0893	-0.1101	-1.1319	0.4964	-0.0507	0.2121	-0.0028	-0.0383	0.2058	0.2472	1.0088	-0.0789	-0.9586	-0.1245	-0.3243	0.1023	0.1361	-0.0625	0.0152	0.0545
0.0817	0.1935	0.2541	0.0931	-0.1993	0.5321	0.2932	0.0329	-0.1567	-1.9211	0.6128	-0.2020	-0.4904	-0.2286	0.1008	0.3661	-0.2714	0.2065	-0.2345	1.4049	0.0137	-0.2172	0.3639	-0.1478	-0.0160	-0.2125	-0.2770	0.2701	-0.1727	-0.6212	0.2194	-0.0516
-0.0398	0.0622	0.1134	-0.1856	-0.1789	-0.1299	0.2051	-0.2261	-0.2976	1.1109	0.1721	0.1877	-0.1236	-0.3224	-0.2918	0.2150	0.0872	0.1543	-0.0601	0.2241	-0.3810	-0.1682	0.2198	-0.0487	-0.2494	-0.3010	-0.4948	0.1888	0.0551	0.0125	0.1414	0.0577
0.1029	0.1974	0.1866	-0.2656	0.4998	-0.2223	0.0592	-0.2057	0.3089	0.0310	-1.1647	0.2128	0.2894	-0.3757	0.1538	0.2975	-0.2109	0.2680	-1.3122	0.2331	0.2175	-0.2316	0.1086	-0.2638	-0.6490	-0.1653	-0.3260	0.3668	-0.1999	-0.2367	0.1211	0.4218
-0.0419	0.2239	0.1070	-0.1769	-0.0527	-0.1450	0.0963	-0.0858	-0.0981	-0.2145	-0.4833	0.3140	-0.0802	-0.2443	0.0702	0.2156	0.2385	0.3042	-0.1146	0.1097	0.2268	0.0659	0.3880	-0.2811	0.1103	0.8696	-0.5218	0.3375	0.0596	0.0639	0.1297	0.2053
0.1493	0.3679	-0.2118	-0.1493	0.0139	-0.0912	0.0693	-0.1981	-0.2302	0.0814	-0.1658	-0.0725	-0.5973	-0.1655	0.0700	0.1166	-0.0222	0.3752	-0.2144	-0.1454	0.3043	-0.0301	0.0981	-0.2630	0.0106	-0.1675	-0.3588	0.1534	-0.1033	-0.1276	-1.2131	0.0791
-0.1263	0.1903	0.0753	-0.1246	-0.1021	-0.0560	0.2695	-0.3343	-0.2476	1.1164	0.0012	-0.2109	0.0589	0.0028	-0.0143	0.3182	0.1076	0.1243	0.0113	0.2686	0.1094	0.0493	0.3492	-0.1078	0.1668	-0.1287	-1.1510	-0.1528	-0.0600	-0.1243	-0.8142	-0.0152
-0.0313	0.0314	1.0076	-0.5018	0.1610	-0.3937	-0.0212	0.2160	-1.2745	0.4761	0.0291	0.2811	-1.1172	-0.0419	-0.2637	-0.1342	-0.1074	0.0428	-0.1019	0.0202	0.2646	0.0665	0.0146	-0.0888	0.0153	-0.1538	0.1569	0.0750	-0.2497	-0.0345	-0.1474	-0.1405
0.5641	0.1479	0.1075	-0.1967	0.8564	0.6684	-0.8538	-0.3387	0.1239	-0.0134	0.0428	-0.0623	-0.2551	-0.5140	0.0666	0.1758	-0.1786	-0.1839	0.0650	0.0902	0.3510	-0.0555	-0.0107	-0.3591	0.0760	-0.2232	-0.4879	0.4184	-0.0943	0.2599	0.2148	-0.0119
-0.0093	-0.0693	-0.0264	-0.1571	-0.1002	-0.0072	-0.1204	0.1207	-0.0063	0.0859	0.7043	-0.4571	0.0753	0.0172	-0.3596	0.1979	-0.0732	0.3809	-0.1608	-0.0438	0.2737	-0.1134	0.4756	-0.5273	0.0825	-0.1136	-0.0773	0.1770	0.0630	0.9758	-0.4503	0.2065
-0.0339	2.2596	-0.0465	-0.3675	0.3044	-0.0301	0.2160	0.5972	-0.3334	0.0869	0.1388	-0.0089	0.5517	-0.3007	-0.5129	0.2122	0.0063	0.3732	-0.0904	0.0002	-0.2737	-0.1056	-0.0803	-0.1867	-0.0206	-0.1365	-0.2185	0.1719	-0.1695	0.1506	0.1675	-0.1779
0.0509	-0.0187	-0.0130	-0.0641	-0.0507	-0.6497	-0.0421	-0.2283	-0.1288	0.1507	0.2533	0.0198	-0.1996	-0.3731	0.0299	0.1688	-0.3340	0.1043	-0.0629	0.0203	0.0111	-0.0594	-0.0051	-0.6433	0.1567	-0.0057	0.0281	0.2460	0.0555	0.0265	0.1884	0.0521
-0.3989	0.2227	0.0132	-0.5447	-0.2701	-0.1187	-0.2688	-0.1074	0.1052	0.0572	0.0578	-0.0205	-0.3956	-0.2259	0.1061	0.1599	0.3038	-0.0045	-0.2356	-0.0773	0.0583	-1.9622	0.3803	-0.2819	0.2510	-0.1548	-0.1758	0.1025	-0.0537	0.9515	0.0000	-0.1809
0.3296	0.1527	0.1562	-0.2353	0.0145	-0.0962	1.3465	-0.1096	-0.0586	-0.0154	0.4349	0.1214	0.1493	-0.1884	0.1538	0.3960	-0.9933	0.0101	-0.0057	-0.0854	0.1410	-0.1506	0.2001	-0.3270	0.1908	-0.0815	-0.0311	0.3749	0.0049	0.2247	0.1787	-0.4292
-0.0889	0.1508	-0.6397	0.0525	-0.0929	-0.2337	0.0546	-0.7642	-0.0285	0.1450	0.0063	-0.0008	-0.0568	-0.0615	-0.3131	0.3858	-0.0091	0.4115	-0.0131	-0.0821	0.5497	-0.1448	-0.3966	0.2346	1.0879	-1.0649	-0.2692	0.3959	-0.0747	-0.4500	0.0072	0.1372
0.3728	-0.6935	-0.0966	-0.0250	-0.0454	-0.5345	0.0186	-0.0954	0.3486	-0.3094	-0.0833	-0.0398	-0.8716	-0.3085	0.1055	-0.1646	-0.1008	0.1815	-0.1304	-0.0185	0.2440	-0.0159	0.2065	0.1122	0.0315	-0.2476	-0.3232	0.3601	-0.2735	0.0791	0.3376	-0.0283
-0.2017	0.8249	0.1218	0.0018	-0.1185	-0.0199	0.1810	-0.2929	0.0999	-0.0526	-0.1734	0.3205	-0.6209	0.1506	0.2149	0.3409	0.1406	0.4090	-0.0505	0.1642	0.1425	-0.0307	0.4579	-0.0507	0.5268	0.7191	-0.1737	0.1523	-0.1204	0.4084	0.2796	0.2244
-1.4170	0.2597	-0.0568	-0.1061	-0.3064	-0.0964	0.2269	-0.0731	-0.3749	-0.6978	-0.1101	0.5022	-0.1145	-0.2103	0.5290	0.2005	-0.2271	-0.1281	0.0809	-0.0097	0.9880	-0.0305	0.2247	-0.1801	-0.7700	0.0596	-0.2550	0.5101	-0.2005	-0.3993	0.0389	-0.0265
0.0193	0.0576	0.1447	-0.0536	-0.0541	-0.0788	0.0348	-0.2372	-0.0500	0.0618	0.0055	-0.0204	0.0146	-0.2798	0.1771	0.2103	-0.2047	0.0526	-0.1604	0.1254	0.0404	0.0126	0.2574	-0.1585	-0.4588	-0.6859	-0.0680	0.3108	-0.1356	0.2040	0.1489	-0.0387
-0.3482	0.7005	0.1275	-0.0881	-0.0840	-0.0378	0.0936	-0.1926	-0.1306	0.1033	0.3028	-0.3072	-0.3272	-0.3554	-0.8715	0.2425	0.0295	0.4028	-0.1850	-0.1182	0.1989	-0.0749	0.3216	-0.1667	0.0988	-0.1230	-0.2165	-0.6863	-0.1704	-0.1291	0.9985	-0.0122
0.2768	0.3073	0.0407	-0.1061	-0.1417	-0.1134	-0.0322	-0.4251	-0.0687	0.0438	0.1345	-0.6473	-0.2729	0.8512	-0.1230	0.0652	-0.8316	0.2890	-0.2151	0.0922	0.3228	-0.2233	0.2400	-0.3675	0.0164	-0.2829	0.0804	0.3150	0.0701	-0.2811	0.1694	0.2278
0.0171	0.1179	0.1670	-0.1028	-0.8255	-0.1067	0.1196	-0.3777	-0.0618	0.1072	1.2467	-0.0101	-0.1665	-0.2861	-0.1946	-0.0403	0.9356	-0.0280	-0.4095	-0.0498	-0.0027	-0.0815	0.0004	-0.1259	-0.0187	-0.0630	-0.3576	0.0701	-0.0944	0.2880	0.1795	-0.0277
0.1377	0.0445	0.1251	-0.3663	0.0311	-0.3481	-0.0592	0.0571	-0.2051	0.0682	0.1020	-0.2107	0.1972	0.0432	0.1981	0.1412	-0.1349	0.1402	-0.1116	0.1178	0.3215	0.1866	-0.2345	0.0355	0.2437	-0.0288	-0.4537	0.1767	0.2451	0.1176	1.7608	0.1291
0.0886	0.1603	0.0811	-0.0457	-0.0298	-0.7658	0.2001	-0.2523	0.0764	-0.7241	-0.0225	0.1305	-0.0295	-0.2405	-0.0720	0.0522	0.0564	-0.4928	-0.9764	-0.0953	0.2581	-0.2232	0.2643	-0.2051	0.0015	-0.5764	-0.0325	0.3631	0.1260	0.5092	0.1885	-0.1974
0.3230	0.1522	-0.1533	-0.0691	-0.1925	-0.1153	-0.0607	-0.4458	0.1211	1.0102	0.1701	-0.0825	-0.1300	-0.0732	0.2884	0.1146	-0.0184	0.3807	-0.1213	0.2762	0.0490	0.5841	0.3033	-0.1777	-0.4122	-0.2703	-0.0504	0.1833	0.0966	0.2833	0.1473	0.1785
0.1875	0.2024	0.0376	0.0803	0.0193	-0.4565	0.0271	-0.2243	-0.1995	-1.1990	1.5931	0.0756	-0.4477	-0.1723	0.1403	0.1203	-0.1320	0.1966	0.3283	0.2338	0.0774	0.1267	0.2791	0.0444	-0.0132	-0.5713	-0.2256	0.2200	-0.3020	-0.1055	0.0671	-0.1267
0.7235	0.2742	0.3780	-0.2445	0.2588	-0.3688	0.6255	-0.1182	-0.1813	0.1075	0.0901	0.1274	0.0873	0.2831	0.1679	0.7587	-0.0730	0.4192	0.6915	0.0754	0.0975	-0.1250	-0.1691	-0.7461	-1.3357	-0.1268	-0.1147	0.1625	0.1371	0.2608	0.1584	-0.0094
-0.0075	0.3149	0.1163	-0.1959	-0.3161	0.3864	0.1428	-0.5866	0.0483	0.0154	0.0946	0.0159	-0.4019	-0.2727	0.1323	0.1713	-0.0329	0.1730	0.2788	-0.2140	0.0107	-0.1918	-0.0524	-0.2908	0.1225	-0.2725	-0.2860	0.1466	0.0162	-1.2553	0.4614	-0.1108
-0.6448	0.1152	-0.0066	0.0138	-0.0971	-0.0218	-0.0707	-0.2060	-0.2756	-0.0035	0.1121	0.5840	-0.0626	-0.2996	-0.0072	0.2082	-0.0245	-0.0590	0.0047	0.1103	0.9441	-0.0383	0.2667	-0.1457	-1.2371	-0.4232	-0.0948	0.0394	-0.2450	-0.0188	0.1610	0.1621
-1.7477	-0.1097	-0.1067	0.0417	0.4879	0.3638	0.7048	-0.3797	-0.2199	0.0128	0.4632	-0.0636	-0.1117	-0.1561	-0.0470	-1.0203	-0.0264	0.1537	-0.0747	0.0042	0.0980	0.0625	-0.0446	-1.8556	-0.1771	-0.1830	-0.6902	0.3262	-0.0204	-0.0493	0.2689	0.0910
-0.0099	0.1331	0.0440	-0.0539	-0.0964	-0.4488	-0.0749	-0.2301	-0.1253	0.0089	-0.0261	-0.8964	-0.2204	-0.0767	0.0677	0.0609	-0.1022	0.1526	-0.0400	-0.2192	0.1951	0.0614	0.1584	-0.0711	0.1205	-0.1752	-0.0494	-0.0076	-0.1700	0.4629	0.1572	0.0241
0.0290	0.2509	-1.0417	-0.3027	-0.2464	-0.1679	0.9832	0.0811	-0.3583	0.1173	-0.0510	0.0213	-0.0386	-0.3179	0.2688	0.1948	-0.9490	0.0326	0.0878	0.1428	0.1284	-0.0741	0.4112	-0.5224	0.2010	0.0402	-0.1280	-0.3767	-0.1089	0.1654	0.3367	0.1069
0.0141	0.2485	0.5493	-0.6407	-0.0522	-0.2699	0.0785	-0.4529	-0.2763	0.1043	-0.1380	-0.2022	-0.1566	-0.3448	0.0418	0.4100	-0.0336	-0.2024	0.1158	0.6439	0.3097	0.3993	0.2465	-0.3229	0.4617	-0.0572	-0.5427	0.0898	-0.2520	-0.0196	-1.7053	-0.5070
0.0287	-0.1133	-0.3025	0.2580	-0.0660	0.0860	0.1613	0.2979	0.0508	-0.3053	0.0325	0.1159	0.2347	-0.0704	-0.0883	0.4384	-0.1547	-0.2137	0.0736	-0.1262	-0.2143	0.0281	-0.5852	0.2798	0.0946	0.1983	-0.1658	-0.2070	0.0364	-0.1927	0.0057	-0.5583
0.1661	-0.2003	-0.1050	0.2219	0.1353	0.1425	0.0822	0.3289	0.1650	-0.3752	-0.0935	0.6363	0.1363	-0.9255	-0.0149	0.2076	0.1561	-0.3166	0.0050	-0.1138	-0.1570	-0.3540	-0.2975	0.1907	0.1514	0.2112	0.4170	-0.6048	-0.0271	0.2026	0.0032	-0.1825
-0.2359	-0.1165	0.0209	0.1724	0.2134	0.5343	0.0033	0.1305	0.0715	0.0978	0.0840	0.5128	0.1854	0.3518	-0.6929	-0.0333	-0.0583	0.0231	-0.4879	0.2270	-0.6555	2.0243	-0.0554	0.1841	0.2569	0.2537	0.4102	0.1715	-0.0167	-0.2149	-0.3069	-0.0076
-0.1479	-0.2649	-0.0825	0.4138	0.2321	0.1211	0.3452	0.3070	0.3074	0.6979	-0.5484	0.5488	0.2348	0.1848	-0.0870	-0.3457	0.1030	0.1609	0.1009	0.0896	-0.1761	0.0413	-0.1629	0.2674	-0.0261	0.2910	0.1907	0.2719	-0.2138	-0.1884	-0.2567	-0.1332
-0.2563	-0.1020	0.1081	-0.1002	0.1132	0.0868	0.0706	0.1453	0.1418	0.0289	0.1238	0.1057	0.2735	0.0144	-0.0675	-0.1187	0.9748	-0.1792	0.2380	0.1207	-0.1997	-0.0418	-0.1346	0.1213	-0.1099	0.1730	0.1882	-0.3264	0.0213	-0.1759	-0.1709	0.0139
-0.0585	-0.1128	-0.1860	-0.0155	-0.0076	0.6392	0.6619	0.0698	-0.0049	-0.0693	-0.0010	-0.0895	0.0872	0.1236	0.0420	-0.0083	0.0008	-0.5640	-0.1742	-0.1570	-0.6510	0.6717	-0.2475	0.1775	-0.0623	0.2188	0.0989	-0.1976	0.0844	-0.2772	-0.0179	0.1166
0.0570	-0.1171	0.0247	0.1072	0.1317	0.0408	-0.0884	0.2532	0.0796	0.0564	-0.1931	0.3893	0.2128	0.1331	0.0384	-0.1925	0.3467	-0.1957	0.0500	-0.0447	0.0070	-0.0132	-0.2532	0.2545	-0.0290	0.0673	0.0974	-0.3399	0.1234	-0.1405	0.7329	-1.3182
1.1516	-0.1214	-0.4149	-0.0053	0.1051	0.3843	0.1378	0.2750	0.9567	-0.0910	-0.2154	-0.0946	-0.3717	-0.3482	-0.7394	-0.2013	-0.0278	-0.3777	-0.1402	-0.2726	-0.0675	-0.0399	-0.0247	0.3205	0.1656	0.1941	0.2130	-0.3169	0.2467	0.0305	-0.0192	0.0198
-0.0391	-0.2324	-0.2102	0.6130	0.0069	-0.2163	-0.6011	0.5761	0.3716	-0.0680	-0.3277	-0.2254	0.2268	0.0263	0.2509	-0.0873	-1.4007	-0.1376	0.4238	0.1232	-0.0690	-0.0210	0.8099	0.3333	0.0778	-0.0415	0.2127	-0.3993	0.1742	-0.4268	-0.4267	0.0845
0.0331	-0.1841	-0.1623	0.0214	0.2278	0.1511	-0.0998	0.0786	-0.6928	0.0409	-0.1376	0.1087	0.1832	0.6119	-0.1713	-0.1697	0.0170	-0.7695	0.1330	0.2338	-0.1398	-0.1013	-0.2808	0.2209	-0.3411	0.1438	0.1705	-0.1850	-0.2432	-0.0585	-0.0916	0.0934
0.0604	-0.1390	-0.1334	0.0766	0.0047	-0.0605	-0.0210	0.1926	0.0125	-0.0039	0.0433	0.1217	-0.2478	0.2543	-0.0464	-0.2477	0.0486	0.1316	0.2684	-0.1073	-0.0153	0.0534	-0.3595	0.7068	0.4393	-0.3183	-0.1227	-0.4696	0.1238	-0.1333	-0.4272	-0.3981
-0.1953	-0.2106	-0.0304	0.2363	0.0329	-0.1196	-0.1316	0.2894	0.0774	-0.0509	-0.5590	-0.0146	0.0747	0.1943	-0.3343	-0.2717	0.0237	-0.7883	1.2959	-0.4804	-0.1731	0.4897	0.1574	-0.4845	0.0999	0.0796	0.3519	0.2074	0.6823	-0.0719	-0.0138	0.1866
0.0004	-0.3315	0.0147	0.3199	0.0161	-0.1164	-0.0745	0.1166	0.1697	0.0375	-0.4933	-0.0483	0.3593	0.2186	-0.1073	-0.0095	-0.1701	-0.0752	0.0480	-0.0265	-0.0349	0.0788	-0.1629	-0.3477	0.1367	0.2309	0.1356	-0.3523	0.0782	-0.0444	-0.7289	-0.0849
-0.0711	-0.1529	-0.2084	-0.0350	0.2280	0.0086	0.0397	0.3177	0.2159	-0.0148	-0.0257	-0.0129	0.1889	0.2189	0.1172	-0.3286	0.6734	-0.2717	0.0161	-0.0973	0.1464	0.0443	0.4670	0.3101	-0.0490	0.2019	0.2721	-0.4238	0.0449	-0.1748	0.0677	0.2602
-0.4944	-0.4799	0.4336	0.1583	0.0408	0.5124	-0.1047	0.3663	-0.2480	0.0823	-0.1055	0.0358	0.3844	-0.0086	-0.0042	-0.9213	0.0843	0.0999	-0.4674	0.1626	-0.0740	0.0728	-0.1618	-0.0122	0.1244	0.7877	0.2356	-0.2733	-0.0292	0.6268	0.0232	0.0775
-0.0491	-0.2444	-0.0580	0.1795	-0.0383	0.0895	0.0272	0.2597	0.1481	0.0634	0.1350	-0.1350	0.1510	0.2905	0.0415	-0.2081	0.0131	-0.1551	-0.0473	-0.1799	0.0242	0.0381	-0.2369	0.2229	-0.8431	0.0305	0.1724	-0.2657	0.1976	-0.1127	-0.1380	-0.0892
0.4642	-0.5494	0.0159	0.3515	-0.2185	-0.1253	-0.0020	0.3207	-0.4735	-0.0384	0.5514	2.0425	0.2765	0.1447	-0.2444	-0.2886	0.0681	-0.5742	-0.2283	-0.3434	-0.0415	0.0493	-0.0950	0.3435	0.1125	0.2618	0.1370	-0.3147	0.0453	-0.4296	-0.1236	1.1338
0.0454	-0.2793	-0.9607	0.0584	0.1140	0.1792	-0.6310	0.3042	-0.6850	0.0545	-0.0666	0.3858	-0.0048	0.0133	-0.1003	-0.1671	0.9101	-0.1305	-0.2237	-0.2768	-0.1933	-0.0847	-0.0302	0.1912	-0.0015	0.1130	0.1658	-0.4336	-0.0179	-0.6113	-0.1222	0.0480
0.0039	0.1250	-0.0948	0.1810	0.1993	0.5602	-0.7513	0.5856	0.1778	-0.0108	-0.1129	0.3838	0.3406	-0.5201	-0.0935	-0.8453	0.0819	0.9189	0.1966	-0.0208	0.0446	-0.1534	-0.2354	0.7840	-0.0101	0.3751	0.0725	0.7211	0.1195	0.2884	-0.3800	-0.2376
0.1528	0.2917	-0.1156	0.1400	-0.0041	0.2401	-0.0581	0.1641	-0.0511	0.4538	0.2100	-0.0693	0.6001	0.0263	-0.1003	-0.9340	0.0082	-0.1624	0.1117	-0.0692	-0.0147	-0.0496	-0.2728	0.1609	-0.0255	0.0783	0.1817	-0.1071	0.0297	-0.0862	-0.0767	-0.0581
0.1002	-0.1748	-0.0580	0.2014	0.4625	0.5895	-0.0782	0.2999	0.1226	-0.2006	0.9462	-0.0884	0.0846	0.2109	0.0108	-0.0455	-0.0534	-0.1797	0.0230	-0.1426	-0.0857	0.0082	-0.2391	0.2162	-0.0994	0.2624	-0.2312	-0.3483	0.2049	-0.3794	-0.1736	-0.0980
1.6716	-0.3080	-0.7766	0.7386	0.1885	0.0214	0.0681	-0.0076	0.0506	0.0181	-0.1607	-0.0137	-0.0267	0.0409	-0.1776	-0.0871	0.0048	-0.1402	0.0897	0.4794	-0.0237	0.1434	-0.2877	0.4575	-0.4150	0.2282	-0.0993	-0.2433	-0.0260	0.0217	-0.1177	-0.2389
-0.1063	-0.2155	0.4298	-0.9119	-0.1481	-0.2996	-0.1571	-0.1077	0.4967	-0.0806	-0.0034	0.0526	0.6496	0.2429	-0.0655	-0.3318	0.0836	-0.5028	-0.1112	-0.0841	-0.1610	0.1003	-0.4266	-0.0506	0.0540	0.2806	0.3352	-0.1402	-0.5487	-1.0451	-0.4470	-0.1741
-0.0760	-0.0220	0.0606	0.1310	0.4860	0.1891	0.0246	0.4771	0.8484	0.0321	-0.2105	0.1602	0.0082	0.1508	0.0566	0.5032	0.3775	-0.2951	0.1244	-0.0589	-0.0809	0.0296	0.2891	0.1182	0.1265	-0.4070	0.3087	-0.6345	0.0941	-0.7281	0.6583	-0.0405
0.1178	-0.9232	-0.1705	-0.1165	0.1285	-0.1796	-0.1270	0.2238	-0.3477	0.0007	-0.1572	0.0479	-0.0958	0.2275	0.0757	-0.6740	-0.2904	-0.2026	-0.0684	-0.1271	0.1029	0.1394	-0.2423	0.1172	-0.0438	0.0193	0.2152	-0.2823	0.1817	-0.1223	-0.1139	-0.0688
0.0195	-0.3253	-0.3405	0.3448	-0.0414	0.3247	0.7492	0.2445	0.0984	-0.4020	-0.1538	-0.3306	-0.2618	0.3013	-0.0618	-0.2730	-0.0165	-0.1487	-0.2598	-0.0433	-0.0343	-0.4894	-0.0839	0.3275	0.0515	-0.0361	0.4094	-0.3070	-1.1390	-0.0877	-0.4235	-0.5714
0.0041	-0.2105	-0.1475	0.2703	0.0592	0.0814	-0.0952	0.1981	0.0120	-0.0511	0.4294	-0.1509	0.1653	0.1227	-1.1570	-0.4081	0.0012	-0.2903	-0.0695	-0.1579	-0.0838	-0.0847	0.4975	-0.1196	0.0768	-0.0506	0.2683	-0.2949	0.2844	-0.2548	-0.2243	-0.3761
-0.0452	-0.1530	-0.3875	0.1492	0.0860	0.1215	-0.0201	0.0757	0.2251	0.0009	-0.0914	0.0288	0.1465	0.1206	0.7123	-0.2789	0.0633	-0.1992	0.0270	-0.0195	-0.2515	0.1726	-0.1634	-0.1210	0.4242	-0.0330	0.4506	0.1628	0.0562	-0.1500	-0.9099	-0.0539
-0.3639	-0.2042	-0.1210	0.1580	-0.0863	0.1693	-0.0602	0.3085	0.1473	0.3401	-0.1127	-0.0823	0.1800	0.1600	-0.1790	-0.0988	0.2464	-0.2100	0.0127	-0.0748	-0.2551	-0.0714	-0.2058	0.6133	-0.0439	0.1260	-0.3621	-0.0391	0.0117	-0.2093	-0.1596	-0.0138
-0.0352	-0.2421	-0.0116	0.2576	0.0743	-0.0402	-0.6493	0.1386	0.8812	-0.1287	-0.1186	0.0432	0.0599	0.4129	0.0033	0.1225	0.1779	-0.3071	0.0284	0.1044	-0.1205	0.0078	-0.1196	0.0637	0.1404	0.0687	-0.0380	-0.0025	0.1427	-0.0770	-0.1122	0.3182
0.0293	-0.1847	-0.6208	-0.0558	0.1519	-0.0294	0.0125	0.1542	0.3118	0.3366	-0.0829	0.0895	0.3257	0.2668	0.6324	-0.2098	0.7359	-0.2596	0.1746	0.6851	-0.1073	-0.0648	0.0055	0.1550	-0.0553	-0.0117	0.1777	-0.2346	0.0587	0.0543	-0.0976	-0.8221
-0.1138	0.2867	-1.1086	-0.4468	0.1192	0.2104	-0.4562	0.3820	0.2033	-0.0624	-0.1217	1.1910	0.2649	0.4878	0.0235	-0.1204	0.2749	-0.0745	-0.4499	1.0810	-0.3833	-0.1946	0.0836	0.2099	-0.2025	-0.1621	0.3977	0.4489	1.7479	0.0351	-0.1889	-1.1253
-0.1043	-0.0975	-0.0088	-0.0828	0.0906	-0.3778	0.0594	0.1864	0.0834	-0.0674	-0.2256	-0.0269	0.0686	0.1706	-0.0543	-0.6828	0.0190	-0.0826	-0.0066	-0.0916	-0.3112	0.0004	-0.3207	0.1445	0.0153	0.0239	0.0686	-0.2075	0.1746	-0.5115	-0.0342	-0.1320
-0.0262	-0.3083	-0.0387	0.1351	-0.0493	0.0092	-0.0319	-0.4949	0.0882	0.0530	0.2484	0.3525	0.1628	0.0706	-0.2217	0.2268	0.0500	-0.2643	-0.1066	0.1745	-0.3831	0.0742	-0.5566	0.0815	0.6379	0.1895	0.7879	-0.2057	0.1087	0.0717	-0.3557	-0.0120
0.1035	-0.0218	-0.1203	0.1055	0.1904	1.6906	-0.0649	0.2471	0.0189	-0.3889	-0.3664	0.2056	0.2068	0.2051	0.0371	-0.0908	0.5169	0.1195	0.2916	0.0615	0.4966	0.2502	-0.2264	0.2153	0.1269	-0.0757	0.0026	-0.4885	-0.0849	-0.1017	-0.1288	0.1752
0.0435	-0.1421	-0.0715	0.2234	0.2732	0.0655	-0.0485	0.3249	0.1187	-0.6884	-0.0764	0.0724	0.2597	0.2049	-0.1272	-0.0697	0.0406	-0.2333	0.0929	-0.0025	-0.0607	0.1969	-0.2236	0.2201	0.0654	0.2814	-0.4926	-0.2889	0.0620	-0.3118	-0.1721	-0.0701
0.0204	-0.1176	-0.1428	0.1903	-0.0632	0.2280	-0.1115	0.3171	-0.0033	-0.1961	-0.0343	-0.2949	0.1568	0.2541	0.1085	-0.1147	-0.1121	-0.0400	0.0179	-0.0559	0.1865	0.0408	-0.3125	0.2033	-0.0709	0.5701	0.2356	0.6977	0.2314	0.0052	-0.1272	-0.2555
-0.3084	-0.1026	0.1841	0.8812	-0.0377	-0.1046	-0.4370	0.1766	0.3163	0.0241	0.7633	-0.3257	0.0738	0.1596	0.0633	0.0711	0.5417	-0.1248	-0.0538	-0.1018	-0.0902	0.3823	-0.1419	0.0543	0.0771	0.1252	0.2328	-0.2041	0.8761	-0.1245	-0.2078	-0.0205
0.0545	-0.1422	-0.1470	-0.1210	0.1047	0.0392	0.0317	0.3102	0.1311	-0.0157	-0.1351	0.0079	0.1604	0.1007	-0.0054	-0.9467	-0.6716	-0.2125	0.1141	-0.0771	-0.1183	-0.0499	-0.4039	0.1627	0.0748	0.2617	-0.3567	-0.1547	0.0990	0.2215	-0.0608	-0.1453
-0.0101	0.2651	-0.0839	-0.1016	-0.3752	0.1420	0.0420	0.1400	0.1024	-0.0320	0.4305	-0.0577	0.3025	0.0309	-0.3203	-0.7589	-0.0061	-0.1819	0.0414	-0.0358	-0.7296	-0.0026	-0.2698	0.2689	-0.2736	0.2678	0.4208	-0.2670	0.0122	0.0447	-0.0038	-0.1112
0.0565	-0.2684	-0.1171	0.2733	0.0182	0.0994	-0.1619	0.3063	0.1123	0.0247	-0.0690	0.0015	0.0775	0.1461	0.0337	-0.1531	-0.1277	-0.3732	0.0307	-0.6600	-0.1266	0.0184	-0.2600	0.1889	0.0485	0.2411	-0.0785	-0.2662	0.0786	-0.1706	-0.2390	-1.1127
0.0846	0.2864	-0.3292	0.1816	0.1315	-0.4966	-0.1021	0.3634	0.1633	-0.0850	0.0063	0.1018	0.3069	0.1786	0.2533	-0.3976	-0.4386	-0.3436	-0.0810	-0.1567	-0.2018	-0.0046	-0.3105	0.3175	-0.3272	-0.3158	0.4085	-0.2159	-0.8990	-0.0508	-0.1792	0.0483
0.2208	1.1797	0.2764	0.6547	0.4018	0.0800	0.0090	-0.1104	0.0812	-0.3742	-0.1010	-0.0001	0.1008	0.1751	-0.0630	-0.3782	-0.0310	-0.1790	0.1673	-0.2329	0.0492	-0.0399	-0.1537	0.1124	0.0827	0.6821	0.4640	-0.4386	0.2099	-0.1019	-0.1275	-0.2634
-0.0715	-0.0135	-0.3551	-0.0394	0.3228	-0.4730	0.0050	0.1814	0.1732	-0.0358	-0.1197	0.2161	0.1582	-0.0850	0.0351	-0.2175	0.1035	-0.3216	0.3408	-0.0643	-0.1171	-0.2924	-0.0883	0.0838	0.1148	1.9177	0.0633	-0.0540	-1.0374	-0.0598	0.2347	0.0694
-0.0456	-0.1144	-0.0803	0.2297	0.1579	0.2021	-0.0912	0.0872	0.3058	0.3396	-0.0883	-0.1312	0.0870	0.1110	-0.6316	-0.2278	-0.0555	-0.3955	0.1610	0.3595	-0.1073	-0.0446	-0.1942	0.1089	0.2452	0.1429	0.3230	-0.1268	0.0782	-0.1542	0.3345	-0.3408
-0.0890	-0.1631	-0.0543	0.0229	0.3318	0.0796	0.0008	0.2839	0.0385	0.0331	0.0940	-0.1751	0.2650	0.1794	-0.0349	-0.2143	0.5067	-0.0906	0.2848	-0.0001	-0.2374	0.0930	-0.0793	0.5379	0.0407	0.0389	0.1352	-0.1502	0.0762	-0.0063	0.1603	-0.0321
0.0508	-0.2799	-0.0823	0.1540	-0.0188	0.4796	-0.1301	0.2117	0.7082	-0.6722	-0.2030	-0.0450	0.1791	0.1550	0.0115	-0.0593	0.0813	-0.2486	-0.0404	-0.8068	-0.3385	0.0732	0.0144	-0.5574	-0.6708	0.2801	-0.0912	-0.3930	0.0958	-0.0258	-0.2692	0.0117
0.5845	-0.2087	-0.1478	0.1695	0.0228	0.1554	-0.0782	0.4027	-0.2306	-0.0466	0.1714	0.0462	0.6899	0.0203	-0.0582	-0.1585	0.0908	-0.2576	0.0130	0.0122	-0.3449	-0.0465	0.5062	-0.4757	0.2134	0.3146	0.2033	-0.3668	0.1681	-0.2153	-0.7000	-0.0788
0.1503	0.6803	-0.3373	0.2257	0.1299	0.1174	-0.0436	0.1171	0.4544	0.1454	-0.4762	0.2925	0.0956	0.0028	0.0479	-0.1112	0.0903	-0.2925	-0.1259	0.0326	-0.1836	-0.1061	-0.8111	0.1353	0.1048	0.2035	0.0676	-0.3432	-0.0158	-0.0483	-0.1427	0.0256
0.0038	-0.1482	-0.1059	-1.1134	0.2190	0.2512	-0.1839	-0.2377	0.1149	0.9462	-0.1130	-0.1143	0.2024	-0.1489	0.0930	0.0395	0.0249	0.3445	0.9034	-0.0866	-0.2424	-0.0216	-0.6429	-0.2543	-0.1734	0.3985	0.9575	-0.6357	0.3867	-0.1565	-0.5308	-0.1899
-0.0181	-0.2264	0.0413	0.3627	0.1038	0.1552	-0.2495	0.3746	0.1549	0.1107	0.0381	0.0475	0.8697	-0.0859	-0.0964	-0.2602	-0.9183	-0.4585	0.0986	0.9661	0.1291	-0.1425	-0.0240	0.0180	0.0480	-0.0199	0.1308	-0.1107	0.0914	-0.6769	0.1339	0.0519
0.0741	-0.8072	-0.1817	0.2583	0.2993	0.9540	1.0396	0.2063	0.0243	0.3260	-0.0066	-0.0855	0.1433	-0.0598	0.0814	0.0331	-0.1025	-0.3323	-0.0613	-0.0732	0.1527	-0.0213	-0.1881	0.3144	-0.0575	0.2037	0.1675	-0.1334	1.0079	0.1247	-0.1850	0.1385
0.2155	-0.4532	-0.1115	0.3539	-0.3909	-0.7611	-0.0164	0.2608	-0.3250	-0.0736	-0.1159	-0.2310	0.0274	-0.2996	-0.0528	-0.2398	0.9032	-0.3154	0.0216	0.6966	-0.2590	0.2322	-0.2044	0.2242	-0.0322	0.2002	0.1901	-0.7450	0.0796	-0.0243	-0.2662	0.1454
0.0172	-0.1719	-0.0714	0.1059	0.3509	0.1007	0.1364	0.1992	-0.0360	-0.1780	-0.0164	0.4157	0.2547	0.9651	-0.1481	-0.1171	0.1747	-0.0950	0.0813	-0.0207	-0.4679	0.2869	-0.1723	0.2438	-0.0377	-0.0085	0.9643	0.8439	-0.0697	-0.4911	0.0389	-0.0892
-0.3695	-0.2130	0.1506	0.2609	0.1092	0.4537	-0.1464	0.0328	0.1927	-0.1131	-0.1738	0.0654	-0.9591	0.0284	-0.1502	-0.1915	-0.0041	-0.6532	-0.2540	-0.0910	-0.1527	-0.0680	-0.0986	0.2404	0.0222	0.1598	0.3667	-0.1319	0.1062	-0.2068	-0.2530	-0.0764
0.7110	-0.2911	0.3924	-0.1676	0.1407	-0.2741	-0.1047	0.0242	0.3579	-0.0378	-0.0448	0.1723	0.0036	-0.0034	0.0635	-0.2355	0.1083	-0.3848	0.1002	0.0861	-0.2085	-0.0928	-0.1802	0.6984	0.6536	0.2122	0.3375	0.1879	0.0375	0.1502	-0.2777	0.3576
0.0486	-0.2818	0.3777	0.3456	0.7897	0.0169	-0.1550	0.2847	-0.0137	0.3284	0.3001	0.1590	0.1980	0.2208	-0.0318	-0.1809	-0.4714	-0.0776	0.0100	-0.0659	0.0693	-1.2490	0.0601	0.1980	0.0219	0.1541	0.2723	-0.6894	0.1062	-0.3339	-0.1343	-0.1041
0.0011	-0.4679	-0.2007	0.1480	0.4582	0.2144	-0.1190	-0.9171	0.0708	-0.0759	-0.0970	0.0338	0.3500	0.2468	-0.1054	-0.3431	-0.0261	0.5035	-0.1645	-0.0253	0.5453	0.1441	-0.2601	0.6192	-0.0018	0.2459	0.6367	-0.7317	0.1844	-0.1809	0.2967	-0.0434
-0.0009	0.5596	-0.0539	0.0133	-0.0132	0.0969	-0.0181	0.5666	0.2186	-0.0946	0.4752	-0.3015	0.2215	0.1694	0.0765	-0.0545	-0.0641	-0.2146	-0.0294	-0.3952	-0.1370	0.0098	-0.1684	0.2872	-0.0021	0.3251	0.1655	-0.2308	0.2054	-0.1237	-0.1223	-0.0759
-0.0667	-0.2918	-0.3185	0.3865	0.0135	0.1288	-0.0795	-2.0651	0.3428	-0.4167	-0.0938	0.0484	1.5183	0.2830	-0.0457	-0.3181	0.0989	-0.0321	0.0896	-0.1561	-0.0974	0.0772	-0.2680	0.3700	-0.1397	0.4523	-0.5624	-0.4488	0.1361	-0.5194	-0.3119	-0.0888
0.0484	-0.1506	0.0828	-0.0646	0.5171	-0.1288	0.0434	0.0531	0.1905	0.1342	-0.0823	0.1982	0.1940	0.2094	-0.0354	0.0506	0.0718	-0.1825	-0.0200	-0.6676	-0.0766	0.0149	-0.1097	0.8884	-0.0575	0.0879	0.2176	-0.3101	0.1262	0.7270	-0.7868	-0.1015
-0.2703	-0.2186	-0.4527	0.1587	0.1357	0.0461	-0.3434	0.2565	0.0921	-0.0339	0.0897	0.0902	0.1054	0.1510	-0.4696	-0.1540	-0.0161	0.1083	0.1934	0.0210	-0.2336	-0.0534	-0.2286	0.3658	0.0155	0.3244	0.1516	-0.2373	-0.4048	0.3431	-0.2271	-0.1157
0.0763	-0.1648	0.0198	-0.0311	-0.2606	0.2145	-0.1491	0.1141	0.5112	-0.0144	-0.0746	-0.1905	0.1010	0.1712	0.3881	-0.1754	-0.0313	-0.3974	-0.0028	-0.0658	-0.0600	-0.0422	-0.0463	0.1291	-0.5741	0.1140	0.4086	-0.1583	0.1269	0.0518	-0.0778	0.4156
0.5413	1.4424	-0.0732	0.7163	-0.0002	0.0006	-0.0314	-0.0570	-0.0011	0.0602	0.0012	0.5182	0.0336	0.0728	0.3488	-1.1794	0.0109	-1.0385	0.1990	-0.3266	0.0931	0.4695	-0.3500	-0.0499	-0.0240	-0.0213	0.1910	-0.1685	-0.0428	0.4131	-0.7834	0.0615
-0.1413	-0.1507	-0.2654	0.7183	0.0091	0.1159	0.0391	0.1274	0.1559	0.1012	-0.1705	-0.0132	-0.0026	-0.0248	0.0101	-0.1579	0.0420	0.0899	-0.0519	-0.1958	-0.3629	-0.0222	-0.1962	-0.0801	0.2213	-0.3547	0.7353	-0.3802	0.0019	0.0221	-0.1019	0.0532
0.0667	-0.5987	0.0795	0.6450	0.0081	0.1064	-0.0905	0.0760	0.1341	0.0447	-0.0189	0.0625	-0.0276	0.1683	0.0432	0.4219	-0.2167	-0.2021	-0.3119	0.0453	-0.2440	-0.0555	-1.5608	0.0913	0.0983	0.1907	0.1175	-0.1218	-0.0012	0.2708	-0.1738	-0.1040
-0.1308	-0.0818	-0.2859	0.1436	-0.1058	0.0696	0.8899	0.1938	0.2516	-0.1443	-0.0710	-0.0166	0.1103	0.2593	-0.0146	-0.1144	0.0873	-0.1539	0.3835	0.0191	-0.7756	0.0412	-0.0922	0.2612	0.0862	0.2472	0.2380	-0.2366	0.0788	-0.0397	0.3530	-0.0175
0.0096	-0.3304	-0.1541	0.2401	0.0991	0.0199	-0.0646	0.2757	0.0412	-0.0041	-0.1522	-0.0857	0.2340	0.0327	-0.2169	-0.1327	0.0434	-0.3292	0.0340	-0.1945	0.0326	0.1404	-0.1701	-0.8329	0.0291	0.3996	0.2359	-0.4349	0.3813	-0.2250	-0.2001	-0.0969
0.0250	-0.4348	-0.0975	-0.1381	0.0311	0.0537	-0.0700	0.1796	0.1747	-0.0862	-0.1056	-0.1438	0.1905	0.0873	0.1440	-0.1416	-0.0490	-0.2216	-0.1489	-0.1703	-0.1208	0.0057	-0.3337	0.1698	0.6198	0.0353	0.1487	-0.0349	0.1494	-0.5658	-0.0629	-0.1738
-0.0221	0.1268	-0.1274	0.2475	0.0917	0.1006	-0.0204	0.4106	-0.8738	0.0068	-0.1775	-0.0697	0.1498	0.1398	-0.1083	0.5124	0.0344	-0.2680	-0.1684	-0.2149	-0.2781	-0.2979	-0.2484	0.1913	-0.0814	0.1611	0.3120	-0.2126	0.1816	-0.2478	-0.3623	0.0451
-0.0103	-0.3440	0.1735	0.2727	-0.0821	-0.2122	0.0444	0.4004	0.1810	-0.9475	-0.1611	-0.3148	0.2103	0.0377	-0.1005	-0.1950	0.8257	0.1041	-0.0648	-0.3714	-0.2111	-1.0935	-0.9513	0.1856	-0.4799	0.1471	0.2633	0.3766	0.4376	-0.2948	-0.2480	0.2235
0.5859	-0.1392	0.0618	-0.9611	0.6246	0.0528	0.6291	0.3434	-0.1031	-0.1655	-0.6538	-0.1300	0.1800	-0.2268	-0.0362	-0.1867	0.1524	-0.2305	0.0099	-0.0484	-0.0503	0.8349	-0.2779	0.3854	-0.2189	-0.0799	0.0962	-0.2937	-0.1913	-0.6333	-0.2147	-0.3505
0.0657	-0.4999	-0.0682	-0.2906	-0.0825	0.3554	-0.2163	0.2804	-0.4507	-0.0008	-0.0285	-0.0360	0.1672	0.1295	0.0821	-0.0065	-0.8151	-0.1198	0.2416	-0.3467	-0.9177	0.4289	-0.2365	0.3261	0.1067	0.2415	-0.1204	-0.2003	-0.0071	-0.3189	-0.1051	-0.5420
0.0442	-0.2648	0.0143	0.1086	0.0379	0.1385	-0.0475	0.3162	0.2203	-0.0051	0.2735	0.0198	0.5667	0.1230	0.0738	-0.2112	-0.0497	-0.1521	-0.2565	0.0450	0.4363	-0.0461	-0.6619	0.1148	0.2112	0.2642	0.2022	-0.1003	0.1953	-0.1280	-0.0882	-0.0452
-0.0546	-0.1802	0.0133	0.2592	0.0908	0.4436	-0.1103	0.2113	0.3230	0.1542	0.2683	-0.5729	0.4061	0.0398	0.1012	-0.1097	0.6494	-0.3944	-0.0897	-0.0910	-0.0368	-0.0426	0.0401	0.4424	-0.1286	0.2136	0.4879	0.1564	-1.0392	-0.1307	-0.2050	-0.2101
-0.4111	-0.2158	-0.1546	0.2831	0.0637	0.0607	-0.3480	0.0591	0.2590	0.1510	1.0152	-0.5574	-0.2862	0.0744	-0.0110	-0.1744	1.4498	-0.2931	-0.2895	-0.0752	-0.1664	0.3009	-0.0950	0.3855	-0.1694	0.1618	0.3332	-0.3931	-0.0885	-0.1670	-0.1951	-0.0824
0.0165	-0.0803	-0.1650	0.1899	0.1754	-0.0448	0.0426	0.0243	0.2104	-0.1910	-0.0732	-0.0708	0.2484	1.0124	0.0235	-0.1815	-0.0992	0.3290	-0.0525	-0.3134	-0.0750	-0.3986	-0.2022	0.3067	0.3632	0.2139	0.5774	0.1179	0.2955	0.1057	-0.1343	-0.0893
0.0811	-0.1561	0.7584	0.1448	0.1829	0.2851	0.1247	0.2580	-0.0149	-0.1274	-0.1911	0.1435	0.2790	0.8625	-0.1199	-0.1300	0.1138	-0.1852	0.1109	0.0504	-0.2877	-1.0869	0.2610	0.2808	0.0967	0.3287	0.2747	-0.4207	0.1572	-0.0633	-0.2663	0.0125
-0.2750	0.0254	-1.3030	0.0095	0.4323	-0.0756	0.0530	0.1152	0.1318	-0.2245	-0.0851	-0.4888	0.0981	0.2668	-0.3048	-0.0717	0.1772	-0.1237	0.0967	0.2048	0.6614	-0.2951	-0.2543	0.1061	0.1112	0.2885	0.4562	-0.2441	0.2333	-0.2045	-0.1880	0.1136
-0.6566	-0.2361	-0.2125	0.1870	0.1065	0.0743	-0.0916	0.2595	0.1665	-0.1329	-0.0175	0.0848	0.1275	0.0790	-0.1453	0.0265	-0.7391	-0.1842	0.3686	0.1462	-0.7110	0.4999	-0.1125	0.2983	0.6140	0.2631	0.1999	-0.2388	0.0484	-0.0004	-0.2190	0.0694
0.4949	0.3313	-0.0197	-0.2831	0.1832	0.1406	-0.2148	0.3709	0.2223	0.2383	-0.1929	-0.1916	0.1699	0.5831	-0.3280	-0.1313	0.0750	-0.2644	-0.0564	0.0065	-0.2939	-0.0192	-0.3439	0.2188	-0.0261	0.0627	0.3534	-0.5076	0.2262	-0.0180	-0.1175	1.3392
-0.0632	0.2908	0.7084	0.2380	-0.5354	0.1471	-0.0468	0.1608	0.1054	-0.0603	-0.8378	-0.1308	0.1284	0.0030	-0.1302	-0.1488	0.0697	-0.0441	0.0522	0.2419	-0.0446	0.0030	-0.0918	1.4098	-0.0357	0.2154	0.1537	-0.2385	0.2445	-0.4817	-0.1693	-0.0915
0.3107	-0.1412	-0.0801	0.1681	-0.0428	0.1444	-0.0233	0.2275	0.1445	0.0677	0.6124	-0.0725	0.1475	0.1046	-0.0528	-0.1200	-0.0540	-0.1174	0.1894	-0.0973	0.0245	0.0630	-0.3348	0.3055	-0.0282	0.4338	0.2515	0.0686	0.4194	-0.2266	-0.2259	-0.3073
-0.4034	-0.3259	0.0054	0.0110	0.1394	-0.0184	-0.0099	0.2643	0.2086	0.1517	-0.1821	0.1751	0.3283	0.3164	-0.4973	-0.1501	0.0347	-0.3029	0.1782	0.1145	-0.3055	0.0525	-0.4218	0.3177	-0.1685	-0.4218	-0.4361	-0.4147	0.1031	0.1795	-0.2407	0.2460
0.0470	-0.1525	0.3198	0.0410	-0.6350	0.1381	-0.6378	0.1240	0.1015	-0.2420	-0.9617	0.0249	-0.2725	0.3180	0.0575	-0.1805	0.0185	-0.4146	-0.0215	0.0660	0.2475	0.0852	-0.5081	0.4380	-0.1538	0.2417	-0.0718	-0.3345	0.2070	-0.1467	-0.1526	-0.0077
0.2079	-0.2716	-0.0973	0.1573	-0.4401	0.1801	0.0064	0.2290	0.0180	-0.7785	-0.1387	-0.0051	0.4308	0.0632	-0.0552	-0.1637	-0.0262	-0.3391	0.1172	1.0874	-0.1751	-0.5064	-0.1970	0.2091	-0.4458	0.3118	0.3651	-0.2087	-0.0358	0.0519	-0.0462	-0.0920
-0.0024	-0.2216	0.1907	0.2452	0.1142	0.2749	-0.1016	0.1831	0.9038	0.2632	0.0153	1.5649	-0.5023	0.3948	0.0969	-0.1391	0.0566	0.0771	0.0052	-0.0053	-0.8786	-0.0026	0.0343	-0.3586	-0.9676	0.3539	0.2198	-0.4124	0.4846	-0.0846	0.2246	-0.8520
-0.0680	-0.1060	-0.1730	-0.4418	0.0154	0.0206	-0.0594	0.6903	0.2018	-0.1687	-0.1016	0.2636	-0.6008	0.2226	-0.0343	-0.1974	0.0358	-0.0666	0.0696	0.2574	-0.1971	0.1152	-0.2969	0.2565	-0.2210	0.2868	0.2842	-0.3714	0.1038	0.2081	-0.4517	0.3482
-0.9239	0.1535	-0.3016	0.3579	-0.0058	-0.0413	-0.6568	0.2646	0.1679	-0.1177	0.0127	-0.0295	-0.2037	0.1485	0.0324	-0.0686	-0.0441	-0.0552	0.1685	0.0567	-0.1238	1.2363	-0.6631	0.2324	-0.0558	0.1399	0.2111	-0.2930	0.0023	0.1668	0.0139	-0.0176
0.0694	-0.1147	0.0591	0.1251	0.5893	0.0104	0.0528	0.3287	-0.0832	0.0690	-0.1396	-0.3886	0.1110	0.1953	0.0131	-0.2775	0.0914	-0.2690	-0.8315	0.0908	-1.0228	-0.0948	-0.3952	0.1271	0.1604	0.1377	-0.3764	-0.1885	0.5862	-0.1614	0.0099	-0.4445
0.0685	-0.1908	0.0548	0.1952	-0.0163	0.2464	-0.3696	0.3996	-0.2033	-0.0957	0.1427	-0.2242	0.3631	0.2738	0.3079	-0.3006	0.0621	-0.1849	-0.0284	0.1457	-0.1480	0.1865	0.1843	0.1522	0.0401	0.2377	0.4577	-0.4644	0.1762	0.7030	0.0144	-0.0294
-0.1067	-0.1023	-0.0125	0.4053	-0.9415	-0.4506	0.0063	0.2062	0.1345	1.2387	-1.8848	-0.0708	0.3160	-0.0745	0.0340	0.3002	-0.0692	-0.2547	-0.2877	-0.2513	0.0284	-0.1131	-0.0336	0.4588	-0.1806	0.3613	0.8158	0.3826	0.0488	-0.5375	-0.0379	-0.1192
-0.0341	-0.1021	-0.2820	0.1316	-0.9903	0.1559	0.5897	0.1597	0.0797	0.0690	0.2313	-0.0607	-0.1923	0.7768	0.1036	-0.0546	0.0019	-0.1496	0.0598	-0.2605	-0.2416	-0.2922	-0.0459	0.1506	0.0572	0.0456	0.3402	-1.0522	0.1232	-0.0058	-0.1450	-0.3817
-0.2091	-0.1102	-0.1268	0.0717	0.0269	0.1589	-0.3339	0.2908	0.2095	-0.0499	0.0111	0.1351	0.2050	0.1583	-0.0336	-0.0297	0.0145	-0.0901	0.1139	-0.0772	0.0004	-0.1179	-0.4958	0.1363	0.0701	0.2063	0.3261	0.1662	0.0659	-0.0494	-0.0481	-0.0331
-0.3278	-0.2198	-0.5892	0.1066	-0.0585	0.0528	-0.0761	-0.1872	0.4837	0.1470	-0.1144	0.1296	0.2874	0.0487	-0.0638	-0.1181	0.0791	-0.3468	-0.1356	-0.1015	-0.2417	0.0368	-0.4852	0.1206	-0.3984	0.2788	-0.3092	-0.1217	-0.0315	0.4516	-0.2727	0.0478
1.2429	-0.1380	-0.1865	0.2162	0.4845	0.0930	0.2426	-0.3943	0.8829	-0.1383	0.2389	-0.2276	0.4298	-0.6515	-0.0145	-0.2051	0.1240	0.1598	0.0829	-0.2636	-1.1993	-0.0218	-0.3395	0.2788	-0.3633	0.1248	0.3252	-0.2769	0.6156	-0.2449	0.2794	0.4672
-1.2827	-0.1437	-0.2448	0.3274	0.8150	0.0430	-0.0273	-0.2669	-0.7065	-0.2066	-0.2119	0.0866	0.0609	-0.4775	0.3690	-0.0813	-0.3037	-0.9380	0.3460	-0.0686	-0.3418	-0.0387	0.0746	1.4992	-0.1230	-0.1876	-0.0466	-0.0365	1.2664	0.3319	-0.1641	0.2415
-1.1244	-0.0129	-0.0531	0.1089	0.0481	0.3427	0.2992	0.2948	0.2597	0.0045	-0.0793	0.0964	0.1839	-0.0051	-0.0987	-0.1695	0.1319	-0.0907	-0.0252	-0.5479	0.3421	-0.0980	-0.2648	-0.0103	0.1088	0.2367	0.2601	-0.2508	0.4782	-0.2148	-0.3551	0.0003
-0.0158	-0.1135	-0.0313	0.4236	0.2596	0.0800	-0.0916	0.1795	0.2495	-0.2110	-0.1965	0.0652	0.0347	0.0695	-0.1111	-0.7565	0.2036	-0.1671	0.1052	0.0207	-0.1627	-0.0018	-0.3661	-0.5759	-0.1917	-1.1508	0.5306	-0.0134	-0.0947	-0.0278	-0.7473	-0.1471
0.0328	-0.0981	-0.0675	0.1636	0.7145	0.0029	-0.1084	0.2831	0.1730	0.0765	0.2800	0.0138	0.3976	0.2461	0.0069	0.0222	0.0002	-0.8429	0.0345	-0.1669	-0.1281	0.0497	0.1145	0.2315	-0.0227	-0.3432	0.2094	-0.0114	0.0989	-0.1687	-0.0727	-0.0083
